"SourcePath"	"Line"	"Contexts"	"Review"	"Reason"	"SourceSHA256"
"HGame/Classes/basePopup.uc"	"7"	"LOCAL_PLAYER_CONTEXT|GLOBAL_STORY_CONTEXT|AI_TARGET_CONTEXT"	"DECLARATION_OR_COMMENT"	"Lexical occurrence; not an executable operation"	"97BD2A18ABCEB16140DD6FA93580BBA9C6C12E6E7C65EB64627EEF87A48D2854"
"HGame/Classes/basePopup.uc"	"16"	"LOCAL_PLAYER_CONTEXT|GLOBAL_STORY_CONTEXT|AI_TARGET_CONTEXT"	"REVIEW_REQUIRED"	"Mixed legacy alias; inspect operation and callers before edits"	"97BD2A18ABCEB16140DD6FA93580BBA9C6C12E6E7C65EB64627EEF87A48D2854"
"HGame/Classes/basePopup.uc"	"27"	"LOCAL_PLAYER_CONTEXT|GLOBAL_STORY_CONTEXT|AI_TARGET_CONTEXT"	"REVIEW_REQUIRED"	"Mixed legacy alias; inspect operation and callers before edits"	"97BD2A18ABCEB16140DD6FA93580BBA9C6C12E6E7C65EB64627EEF87A48D2854"
"HGame/Classes/basePopup.uc"	"29"	"LOCAL_PLAYER_CONTEXT|GLOBAL_STORY_CONTEXT|AI_TARGET_CONTEXT"	"REVIEW_REQUIRED"	"Mixed legacy alias; inspect operation and callers before edits"	"97BD2A18ABCEB16140DD6FA93580BBA9C6C12E6E7C65EB64627EEF87A48D2854"
"HGame/Classes/basePopup.uc"	"31"	"LOCAL_PLAYER_CONTEXT|GLOBAL_STORY_CONTEXT|AI_TARGET_CONTEXT"	"REVIEW_REQUIRED"	"Mixed legacy alias; inspect operation and callers before edits"	"97BD2A18ABCEB16140DD6FA93580BBA9C6C12E6E7C65EB64627EEF87A48D2854"
"HGame/Classes/baseWarning.uc"	"39"	"LOCAL_PLAYER_CONTEXT|GLOBAL_STORY_CONTEXT|AI_TARGET_CONTEXT"	"REVIEW_REQUIRED"	"Mixed legacy alias; inspect operation and callers before edits"	"D63D5E9592DF88B9D312A5880C1E7123B2852281E5C3346231E9A47970D10488"
"HGame/Classes/baseWarning.uc"	"43"	"LOCAL_PLAYER_CONTEXT|GLOBAL_STORY_CONTEXT|AI_TARGET_CONTEXT"	"REVIEW_REQUIRED"	"Mixed legacy alias; inspect operation and callers before edits"	"D63D5E9592DF88B9D312A5880C1E7123B2852281E5C3346231E9A47970D10488"
"HGame/Classes/baseWarning.uc"	"47"	"LOCAL_PLAYER_CONTEXT|GLOBAL_STORY_CONTEXT|AI_TARGET_CONTEXT"	"REVIEW_REQUIRED"	"Mixed legacy alias; inspect operation and callers before edits"	"D63D5E9592DF88B9D312A5880C1E7123B2852281E5C3346231E9A47970D10488"
"HGame/Classes/baseWand.uc"	"33"	"LOCAL_PLAYER_CONTEXT|GLOBAL_STORY_CONTEXT|AI_TARGET_CONTEXT"	"DECLARATION_OR_COMMENT"	"Lexical occurrence; not an executable operation"	"4EE59FAB18A89C4DEC122874DD240DE6FCC14D0263D29E009ACAF5D275CA66F6"
"HGame/Classes/baseWand.uc"	"43"	"LOCAL_PLAYER_CONTEXT|GLOBAL_STORY_CONTEXT|AI_TARGET_CONTEXT"	"REVIEW_REQUIRED"	"Mixed legacy alias; inspect operation and callers before edits"	"4EE59FAB18A89C4DEC122874DD240DE6FCC14D0263D29E009ACAF5D275CA66F6"
"HGame/Classes/baseWand.uc"	"47"	"LOCAL_PLAYER_CONTEXT|GLOBAL_STORY_CONTEXT|AI_TARGET_CONTEXT"	"REVIEW_REQUIRED"	"Mixed legacy alias; inspect operation and callers before edits"	"4EE59FAB18A89C4DEC122874DD240DE6FCC14D0263D29E009ACAF5D275CA66F6"
"HGame/Classes/baseWand.uc"	"261"	"LOCAL_PLAYER_CONTEXT|GLOBAL_STORY_CONTEXT|AI_TARGET_CONTEXT"	"REVIEW_REQUIRED"	"Mixed legacy alias; inspect operation and callers before edits"	"4EE59FAB18A89C4DEC122874DD240DE6FCC14D0263D29E009ACAF5D275CA66F6"
"HGame/Classes/baseWand.uc"	"376"	"LOCAL_PLAYER_CONTEXT|GLOBAL_STORY_CONTEXT|AI_TARGET_CONTEXT"	"REVIEW_REQUIRED"	"Mixed legacy alias; inspect operation and callers before edits"	"4EE59FAB18A89C4DEC122874DD240DE6FCC14D0263D29E009ACAF5D275CA66F6"
"HGame/Classes/baseWand.uc"	"380"	"LOCAL_PLAYER_CONTEXT|GLOBAL_STORY_CONTEXT|AI_TARGET_CONTEXT"	"REVIEW_REQUIRED"	"Mixed legacy alias; inspect operation and callers before edits"	"4EE59FAB18A89C4DEC122874DD240DE6FCC14D0263D29E009ACAF5D275CA66F6"
"HGame/Classes/baseWand.uc"	"396"	"LOCAL_PLAYER_CONTEXT|GLOBAL_STORY_CONTEXT|AI_TARGET_CONTEXT"	"REVIEW_REQUIRED"	"Mixed legacy alias; inspect operation and callers before edits"	"4EE59FAB18A89C4DEC122874DD240DE6FCC14D0263D29E009ACAF5D275CA66F6"
"HGame/Classes/baseWand.uc"	"425"	"LOCAL_PLAYER_CONTEXT|GLOBAL_STORY_CONTEXT|AI_TARGET_CONTEXT"	"REVIEW_REQUIRED"	"Mixed legacy alias; inspect operation and callers before edits"	"4EE59FAB18A89C4DEC122874DD240DE6FCC14D0263D29E009ACAF5D275CA66F6"
"HGame/Classes/baseWand.uc"	"455"	"LOCAL_PLAYER_CONTEXT|GLOBAL_STORY_CONTEXT|AI_TARGET_CONTEXT"	"REVIEW_REQUIRED"	"Mixed legacy alias; inspect operation and callers before edits"	"4EE59FAB18A89C4DEC122874DD240DE6FCC14D0263D29E009ACAF5D275CA66F6"
"HGame/Classes/baseWand.uc"	"476"	"LOCAL_PLAYER_CONTEXT|GLOBAL_STORY_CONTEXT|AI_TARGET_CONTEXT"	"REVIEW_REQUIRED"	"Mixed legacy alias; inspect operation and callers before edits"	"4EE59FAB18A89C4DEC122874DD240DE6FCC14D0263D29E009ACAF5D275CA66F6"
"HGame/Classes/baseWand.uc"	"480"	"LOCAL_PLAYER_CONTEXT|GLOBAL_STORY_CONTEXT|AI_TARGET_CONTEXT"	"REVIEW_REQUIRED"	"Mixed legacy alias; inspect operation and callers before edits"	"4EE59FAB18A89C4DEC122874DD240DE6FCC14D0263D29E009ACAF5D275CA66F6"
"HGame/Classes/baseWand.uc"	"484"	"LOCAL_PLAYER_CONTEXT|GLOBAL_STORY_CONTEXT|AI_TARGET_CONTEXT"	"REVIEW_REQUIRED"	"Mixed legacy alias; inspect operation and callers before edits"	"4EE59FAB18A89C4DEC122874DD240DE6FCC14D0263D29E009ACAF5D275CA66F6"
"HGame/Classes/baseWand.uc"	"500"	"LOCAL_PLAYER_CONTEXT|GLOBAL_STORY_CONTEXT|AI_TARGET_CONTEXT"	"REVIEW_REQUIRED"	"Mixed legacy alias; inspect operation and callers before edits"	"4EE59FAB18A89C4DEC122874DD240DE6FCC14D0263D29E009ACAF5D275CA66F6"
"HGame/Classes/baseWand.uc"	"502"	"LOCAL_PLAYER_CONTEXT|GLOBAL_STORY_CONTEXT|AI_TARGET_CONTEXT"	"REVIEW_REQUIRED"	"Mixed legacy alias; inspect operation and callers before edits"	"4EE59FAB18A89C4DEC122874DD240DE6FCC14D0263D29E009ACAF5D275CA66F6"
"HGame/Classes/baseWand.uc"	"503"	"LOCAL_PLAYER_CONTEXT|GLOBAL_STORY_CONTEXT|AI_TARGET_CONTEXT"	"REVIEW_REQUIRED"	"Mixed legacy alias; inspect operation and callers before edits"	"4EE59FAB18A89C4DEC122874DD240DE6FCC14D0263D29E009ACAF5D275CA66F6"
"HGame/Classes/baseWand.uc"	"575"	"LOCAL_PLAYER_CONTEXT|GLOBAL_STORY_CONTEXT|AI_TARGET_CONTEXT"	"REVIEW_REQUIRED"	"Mixed legacy alias; inspect operation and callers before edits"	"4EE59FAB18A89C4DEC122874DD240DE6FCC14D0263D29E009ACAF5D275CA66F6"
"HGame/Classes/Cutscene/CutScript.uc"	"221"	"LOCAL_PLAYER_CONTEXT"	"REVIEWED"	"Camera/input/console/HUD; must fan presentation out to owning clients"	"5B0BF7B796BB89FC5114879830290074898408D166BA4CCB1205CDF17971AD0E"
"HGame/Classes/Cutscene/CutScript.uc"	"270"	"GLOBAL_STORY_CONTEXT|LOCAL_PLAYER_CONTEXT"	"REVIEW_REQUIRED"	"Story and presentation mixed; classify operation not alias spelling"	"5B0BF7B796BB89FC5114879830290074898408D166BA4CCB1205CDF17971AD0E"
"HGame/Classes/Cutscene/CutScript.uc"	"271"	"LOCAL_PLAYER_CONTEXT"	"REVIEWED"	"Camera/input/console/HUD; must fan presentation out to owning clients"	"5B0BF7B796BB89FC5114879830290074898408D166BA4CCB1205CDF17971AD0E"
"HGame/Classes/Cutscene/CutScript.uc"	"287"	"GLOBAL_STORY_CONTEXT|LOCAL_PLAYER_CONTEXT"	"REVIEW_REQUIRED"	"Story and presentation mixed; classify operation not alias spelling"	"5B0BF7B796BB89FC5114879830290074898408D166BA4CCB1205CDF17971AD0E"
"HGame/Classes/Cutscene/CutScript.uc"	"288"	"GLOBAL_STORY_CONTEXT|LOCAL_PLAYER_CONTEXT"	"REVIEW_REQUIRED"	"Story and presentation mixed; classify operation not alias spelling"	"5B0BF7B796BB89FC5114879830290074898408D166BA4CCB1205CDF17971AD0E"
"HGame/Classes/Cutscene/CutScript.uc"	"289"	"GLOBAL_STORY_CONTEXT|LOCAL_PLAYER_CONTEXT"	"REVIEW_REQUIRED"	"Story and presentation mixed; classify operation not alias spelling"	"5B0BF7B796BB89FC5114879830290074898408D166BA4CCB1205CDF17971AD0E"
"HGame/Classes/Cutscene/CutScript.uc"	"290"	"GLOBAL_STORY_CONTEXT|LOCAL_PLAYER_CONTEXT"	"REVIEW_REQUIRED"	"Story and presentation mixed; classify operation not alias spelling"	"5B0BF7B796BB89FC5114879830290074898408D166BA4CCB1205CDF17971AD0E"
"HGame/Classes/Cutscene/CutScript.uc"	"292"	"GLOBAL_STORY_CONTEXT|LOCAL_PLAYER_CONTEXT"	"REVIEW_REQUIRED"	"Story and presentation mixed; classify operation not alias spelling"	"5B0BF7B796BB89FC5114879830290074898408D166BA4CCB1205CDF17971AD0E"
"HGame/Classes/Cutscene/CutScript.uc"	"300"	"LOCAL_PLAYER_CONTEXT"	"REVIEWED"	"Camera/input/console/HUD; must fan presentation out to owning clients"	"5B0BF7B796BB89FC5114879830290074898408D166BA4CCB1205CDF17971AD0E"
"HGame/Classes/Cutscene/CutScript.uc"	"973"	"GLOBAL_STORY_CONTEXT"	"REVIEWED"	"Canonical story action/state; execute once on authority"	"5B0BF7B796BB89FC5114879830290074898408D166BA4CCB1205CDF17971AD0E"
"HGame/Classes/Cutscene/CutScript.uc"	"985"	"GLOBAL_STORY_CONTEXT"	"REVIEWED"	"Canonical story action/state; execute once on authority"	"5B0BF7B796BB89FC5114879830290074898408D166BA4CCB1205CDF17971AD0E"
"HGame/Classes/Cutscene/CutScript.uc"	"998"	"LOCAL_PLAYER_CONTEXT"	"REVIEWED"	"Camera/input/console/HUD; must fan presentation out to owning clients"	"5B0BF7B796BB89FC5114879830290074898408D166BA4CCB1205CDF17971AD0E"
"HGame/Classes/Cutscene/CutScript.uc"	"1004"	"LOCAL_PLAYER_CONTEXT"	"REVIEWED"	"Camera/input/console/HUD; must fan presentation out to owning clients"	"5B0BF7B796BB89FC5114879830290074898408D166BA4CCB1205CDF17971AD0E"
"HGame/Classes/Cutscene/CutScript.uc"	"1065"	"LOCAL_PLAYER_CONTEXT"	"REVIEWED"	"Camera/input/console/HUD; must fan presentation out to owning clients"	"5B0BF7B796BB89FC5114879830290074898408D166BA4CCB1205CDF17971AD0E"
"HGame/Classes/Cutscene/CutScript.uc"	"1070"	"GLOBAL_STORY_CONTEXT|LOCAL_PLAYER_CONTEXT"	"REVIEW_REQUIRED"	"Story and presentation mixed; classify operation not alias spelling"	"5B0BF7B796BB89FC5114879830290074898408D166BA4CCB1205CDF17971AD0E"
"HGame/Classes/Cutscene/CutScript.uc"	"1076"	"GLOBAL_STORY_CONTEXT"	"REVIEWED"	"Canonical story action/state; execute once on authority"	"5B0BF7B796BB89FC5114879830290074898408D166BA4CCB1205CDF17971AD0E"
"HGame/Classes/Cutscene/CutScript.uc"	"1083"	"GLOBAL_STORY_CONTEXT"	"REVIEWED"	"Canonical story action/state; execute once on authority"	"5B0BF7B796BB89FC5114879830290074898408D166BA4CCB1205CDF17971AD0E"
"HGame/Classes/Cutscene/CutScript.uc"	"1091"	"GLOBAL_STORY_CONTEXT"	"REVIEWED"	"Canonical story action/state; execute once on authority"	"5B0BF7B796BB89FC5114879830290074898408D166BA4CCB1205CDF17971AD0E"
"HGame/Classes/Cutscene/CutScript.uc"	"1097"	"GLOBAL_STORY_CONTEXT"	"REVIEWED"	"Canonical story action/state; execute once on authority"	"5B0BF7B796BB89FC5114879830290074898408D166BA4CCB1205CDF17971AD0E"
"HGame/Classes/Cutscene/CutScript.uc"	"1111"	"GLOBAL_STORY_CONTEXT"	"REVIEWED"	"Canonical story action/state; execute once on authority"	"5B0BF7B796BB89FC5114879830290074898408D166BA4CCB1205CDF17971AD0E"
"HGame/Classes/Cutscene/CutScript.uc"	"1121"	"GLOBAL_STORY_CONTEXT|LOCAL_PLAYER_CONTEXT"	"REVIEW_REQUIRED"	"Story and presentation mixed; classify operation not alias spelling"	"5B0BF7B796BB89FC5114879830290074898408D166BA4CCB1205CDF17971AD0E"
"HGame/Classes/Cutscene/CutScript.uc"	"1271"	"GLOBAL_STORY_CONTEXT"	"REVIEWED"	"Canonical story action/state; execute once on authority"	"5B0BF7B796BB89FC5114879830290074898408D166BA4CCB1205CDF17971AD0E"
"HGame/Classes/Cutscene/CutScript.uc"	"1298"	"GLOBAL_STORY_CONTEXT"	"REVIEWED"	"Canonical story action/state; execute once on authority"	"5B0BF7B796BB89FC5114879830290074898408D166BA4CCB1205CDF17971AD0E"
"HGame/Classes/Cutscene/CutScript.uc"	"1302"	"GLOBAL_STORY_CONTEXT"	"REVIEWED"	"Canonical story action/state; execute once on authority"	"5B0BF7B796BB89FC5114879830290074898408D166BA4CCB1205CDF17971AD0E"
"HGame/Classes/Cutscene/CutScript.uc"	"1303"	"GLOBAL_STORY_CONTEXT"	"REVIEWED"	"Canonical story action/state; execute once on authority"	"5B0BF7B796BB89FC5114879830290074898408D166BA4CCB1205CDF17971AD0E"
"HGame/Classes/Cutscene/CutScript.uc"	"1309"	"GLOBAL_STORY_CONTEXT"	"REVIEWED"	"Canonical story action/state; execute once on authority"	"5B0BF7B796BB89FC5114879830290074898408D166BA4CCB1205CDF17971AD0E"
"HGame/Classes/Cutscene/CutScript.uc"	"1313"	"GLOBAL_STORY_CONTEXT"	"REVIEWED"	"Canonical story action/state; execute once on authority"	"5B0BF7B796BB89FC5114879830290074898408D166BA4CCB1205CDF17971AD0E"
"HGame/Classes/Cutscene/CutScript.uc"	"1314"	"GLOBAL_STORY_CONTEXT"	"REVIEWED"	"Canonical story action/state; execute once on authority"	"5B0BF7B796BB89FC5114879830290074898408D166BA4CCB1205CDF17971AD0E"
"HGame/Classes/Cutscene/CutScript.uc"	"1746"	"LOCAL_PLAYER_CONTEXT"	"REVIEWED"	"Camera/input/console/HUD; must fan presentation out to owning clients"	"5B0BF7B796BB89FC5114879830290074898408D166BA4CCB1205CDF17971AD0E"
"HGame/Classes/Cutscene/CutScript.uc"	"1755"	"GLOBAL_STORY_CONTEXT"	"REVIEWED"	"Canonical story action/state; execute once on authority"	"5B0BF7B796BB89FC5114879830290074898408D166BA4CCB1205CDF17971AD0E"
"HGame/Classes/baseDialog.uc"	"8"	"LOCAL_PLAYER_CONTEXT|GLOBAL_STORY_CONTEXT|AI_TARGET_CONTEXT"	"DECLARATION_OR_COMMENT"	"Lexical occurrence; not an executable operation"	"98E215C6EA13A201634A7201DA70C98E7827FFB40C69997A17167FC0FC203B9A"
"HGame/Classes/baseDialog.uc"	"18"	"LOCAL_PLAYER_CONTEXT|GLOBAL_STORY_CONTEXT|AI_TARGET_CONTEXT"	"REVIEW_REQUIRED"	"Mixed legacy alias; inspect operation and callers before edits"	"98E215C6EA13A201634A7201DA70C98E7827FFB40C69997A17167FC0FC203B9A"
"HGame/Classes/baseDialog.uc"	"21"	"LOCAL_PLAYER_CONTEXT|GLOBAL_STORY_CONTEXT|AI_TARGET_CONTEXT"	"REVIEW_REQUIRED"	"Mixed legacy alias; inspect operation and callers before edits"	"98E215C6EA13A201634A7201DA70C98E7827FFB40C69997A17167FC0FC203B9A"
"HGame/Classes/baseDialog.uc"	"70"	"LOCAL_PLAYER_CONTEXT|GLOBAL_STORY_CONTEXT|AI_TARGET_CONTEXT"	"REVIEW_REQUIRED"	"Mixed legacy alias; inspect operation and callers before edits"	"98E215C6EA13A201634A7201DA70C98E7827FFB40C69997A17167FC0FC203B9A"
"HGame/Classes/baseDialog.uc"	"73"	"LOCAL_PLAYER_CONTEXT|GLOBAL_STORY_CONTEXT|AI_TARGET_CONTEXT"	"REVIEW_REQUIRED"	"Mixed legacy alias; inspect operation and callers before edits"	"98E215C6EA13A201634A7201DA70C98E7827FFB40C69997A17167FC0FC203B9A"
"HGame/Classes/HChar.uc"	"94"	"LOCAL_PLAYER_CONTEXT|GLOBAL_STORY_CONTEXT|AI_TARGET_CONTEXT"	"REVIEW_REQUIRED"	"Mixed legacy alias; inspect operation and callers before edits"	"8DA013B92C445BD5A675F1BCC3609A47319BB9C318ED75613C01397A9C657FAD"
"HGame/Classes/HChar.uc"	"98"	"LOCAL_PLAYER_CONTEXT|GLOBAL_STORY_CONTEXT|AI_TARGET_CONTEXT"	"REVIEW_REQUIRED"	"Mixed legacy alias; inspect operation and callers before edits"	"8DA013B92C445BD5A675F1BCC3609A47319BB9C318ED75613C01397A9C657FAD"
"HGame/Classes/HChar.uc"	"111"	"LOCAL_PLAYER_CONTEXT|GLOBAL_STORY_CONTEXT|AI_TARGET_CONTEXT"	"REVIEW_REQUIRED"	"Mixed legacy alias; inspect operation and callers before edits"	"8DA013B92C445BD5A675F1BCC3609A47319BB9C318ED75613C01397A9C657FAD"
"HGame/Classes/HChar.uc"	"116"	"LOCAL_PLAYER_CONTEXT|GLOBAL_STORY_CONTEXT|AI_TARGET_CONTEXT"	"REVIEW_REQUIRED"	"Mixed legacy alias; inspect operation and callers before edits"	"8DA013B92C445BD5A675F1BCC3609A47319BB9C318ED75613C01397A9C657FAD"
"HGame/Classes/HChar.uc"	"120"	"LOCAL_PLAYER_CONTEXT|GLOBAL_STORY_CONTEXT|AI_TARGET_CONTEXT"	"REVIEW_REQUIRED"	"Mixed legacy alias; inspect operation and callers before edits"	"8DA013B92C445BD5A675F1BCC3609A47319BB9C318ED75613C01397A9C657FAD"
"HGame/Classes/HChar.uc"	"262"	"LOCAL_PLAYER_CONTEXT|GLOBAL_STORY_CONTEXT|AI_TARGET_CONTEXT"	"REVIEW_REQUIRED"	"Mixed legacy alias; inspect operation and callers before edits"	"8DA013B92C445BD5A675F1BCC3609A47319BB9C318ED75613C01397A9C657FAD"
"HGame/Classes/HChar.uc"	"265"	"LOCAL_PLAYER_CONTEXT|GLOBAL_STORY_CONTEXT|AI_TARGET_CONTEXT"	"REVIEW_REQUIRED"	"Mixed legacy alias; inspect operation and callers before edits"	"8DA013B92C445BD5A675F1BCC3609A47319BB9C318ED75613C01397A9C657FAD"
"HGame/Classes/HChar.uc"	"304"	"LOCAL_PLAYER_CONTEXT|GLOBAL_STORY_CONTEXT|AI_TARGET_CONTEXT"	"REVIEW_REQUIRED"	"Mixed legacy alias; inspect operation and callers before edits"	"8DA013B92C445BD5A675F1BCC3609A47319BB9C318ED75613C01397A9C657FAD"
"HGame/Classes/HChar.uc"	"333"	"LOCAL_PLAYER_CONTEXT|GLOBAL_STORY_CONTEXT|AI_TARGET_CONTEXT"	"REVIEW_REQUIRED"	"Mixed legacy alias; inspect operation and callers before edits"	"8DA013B92C445BD5A675F1BCC3609A47319BB9C318ED75613C01397A9C657FAD"
"HGame/Classes/HChar.uc"	"388"	"LOCAL_PLAYER_CONTEXT|GLOBAL_STORY_CONTEXT|AI_TARGET_CONTEXT"	"REVIEW_REQUIRED"	"Mixed legacy alias; inspect operation and callers before edits"	"8DA013B92C445BD5A675F1BCC3609A47319BB9C318ED75613C01397A9C657FAD"
"HGame/Classes/HChar.uc"	"458"	"LOCAL_PLAYER_CONTEXT|GLOBAL_STORY_CONTEXT|AI_TARGET_CONTEXT"	"REVIEW_REQUIRED"	"Mixed legacy alias; inspect operation and callers before edits"	"8DA013B92C445BD5A675F1BCC3609A47319BB9C318ED75613C01397A9C657FAD"
"HGame/Classes/HChar.uc"	"459"	"LOCAL_PLAYER_CONTEXT|GLOBAL_STORY_CONTEXT|AI_TARGET_CONTEXT"	"REVIEW_REQUIRED"	"Mixed legacy alias; inspect operation and callers before edits"	"8DA013B92C445BD5A675F1BCC3609A47319BB9C318ED75613C01397A9C657FAD"
"HGame/Classes/HChar.uc"	"462"	"LOCAL_PLAYER_CONTEXT|GLOBAL_STORY_CONTEXT|AI_TARGET_CONTEXT"	"REVIEW_REQUIRED"	"Mixed legacy alias; inspect operation and callers before edits"	"8DA013B92C445BD5A675F1BCC3609A47319BB9C318ED75613C01397A9C657FAD"
"HGame/Classes/HChar.uc"	"465"	"LOCAL_PLAYER_CONTEXT|GLOBAL_STORY_CONTEXT|AI_TARGET_CONTEXT"	"REVIEW_REQUIRED"	"Mixed legacy alias; inspect operation and callers before edits"	"8DA013B92C445BD5A675F1BCC3609A47319BB9C318ED75613C01397A9C657FAD"
"HGame/Classes/HChar.uc"	"495"	"LOCAL_PLAYER_CONTEXT|GLOBAL_STORY_CONTEXT|AI_TARGET_CONTEXT"	"REVIEW_REQUIRED"	"Mixed legacy alias; inspect operation and callers before edits"	"8DA013B92C445BD5A675F1BCC3609A47319BB9C318ED75613C01397A9C657FAD"
"HGame/Classes/HChar.uc"	"500"	"LOCAL_PLAYER_CONTEXT|GLOBAL_STORY_CONTEXT|AI_TARGET_CONTEXT"	"REVIEW_REQUIRED"	"Mixed legacy alias; inspect operation and callers before edits"	"8DA013B92C445BD5A675F1BCC3609A47319BB9C318ED75613C01397A9C657FAD"
"HGame/Classes/HChar.uc"	"506"	"LOCAL_PLAYER_CONTEXT|GLOBAL_STORY_CONTEXT|AI_TARGET_CONTEXT"	"REVIEW_REQUIRED"	"Mixed legacy alias; inspect operation and callers before edits"	"8DA013B92C445BD5A675F1BCC3609A47319BB9C318ED75613C01397A9C657FAD"
"HGame/Classes/HChar.uc"	"632"	"LOCAL_PLAYER_CONTEXT|GLOBAL_STORY_CONTEXT|AI_TARGET_CONTEXT"	"REVIEW_REQUIRED"	"Mixed legacy alias; inspect operation and callers before edits"	"8DA013B92C445BD5A675F1BCC3609A47319BB9C318ED75613C01397A9C657FAD"
"HGame/Classes/HChar.uc"	"636"	"LOCAL_PLAYER_CONTEXT|GLOBAL_STORY_CONTEXT|AI_TARGET_CONTEXT"	"REVIEW_REQUIRED"	"Mixed legacy alias; inspect operation and callers before edits"	"8DA013B92C445BD5A675F1BCC3609A47319BB9C318ED75613C01397A9C657FAD"
"HGame/Classes/HChar.uc"	"688"	"LOCAL_PLAYER_CONTEXT|GLOBAL_STORY_CONTEXT|AI_TARGET_CONTEXT"	"REVIEW_REQUIRED"	"Mixed legacy alias; inspect operation and callers before edits"	"8DA013B92C445BD5A675F1BCC3609A47319BB9C318ED75613C01397A9C657FAD"
"HGame/Classes/HChar.uc"	"690"	"AI_TARGET_CONTEXT|GLOBAL_STORY_CONTEXT"	"REVIEWED_MIXED"	"AI cutscene gate incorrectly reads HUD on dedicated authority"	"8DA013B92C445BD5A675F1BCC3609A47319BB9C318ED75613C01397A9C657FAD"
"HGame/Classes/HChar.uc"	"692"	"LOCAL_PLAYER_CONTEXT|GLOBAL_STORY_CONTEXT|AI_TARGET_CONTEXT"	"REVIEW_REQUIRED"	"Mixed legacy alias; inspect operation and callers before edits"	"8DA013B92C445BD5A675F1BCC3609A47319BB9C318ED75613C01397A9C657FAD"
"HGame/Classes/HChar.uc"	"693"	"LOCAL_PLAYER_CONTEXT|GLOBAL_STORY_CONTEXT|AI_TARGET_CONTEXT"	"REVIEW_REQUIRED"	"Mixed legacy alias; inspect operation and callers before edits"	"8DA013B92C445BD5A675F1BCC3609A47319BB9C318ED75613C01397A9C657FAD"
"HGame/Classes/HChar.uc"	"698"	"LOCAL_PLAYER_CONTEXT|GLOBAL_STORY_CONTEXT|AI_TARGET_CONTEXT"	"REVIEW_REQUIRED"	"Mixed legacy alias; inspect operation and callers before edits"	"8DA013B92C445BD5A675F1BCC3609A47319BB9C318ED75613C01397A9C657FAD"
"HGame/Classes/HChar.uc"	"742"	"LOCAL_PLAYER_CONTEXT|GLOBAL_STORY_CONTEXT|AI_TARGET_CONTEXT"	"REVIEW_REQUIRED"	"Mixed legacy alias; inspect operation and callers before edits"	"8DA013B92C445BD5A675F1BCC3609A47319BB9C318ED75613C01397A9C657FAD"
"HGame/Classes/HChar.uc"	"748"	"LOCAL_PLAYER_CONTEXT|GLOBAL_STORY_CONTEXT|AI_TARGET_CONTEXT"	"REVIEW_REQUIRED"	"Mixed legacy alias; inspect operation and callers before edits"	"8DA013B92C445BD5A675F1BCC3609A47319BB9C318ED75613C01397A9C657FAD"
"HGame/Classes/HChar.uc"	"764"	"LOCAL_PLAYER_CONTEXT|GLOBAL_STORY_CONTEXT|AI_TARGET_CONTEXT"	"REVIEW_REQUIRED"	"Mixed legacy alias; inspect operation and callers before edits"	"8DA013B92C445BD5A675F1BCC3609A47319BB9C318ED75613C01397A9C657FAD"
"HGame/Classes/HChar.uc"	"796"	"LOCAL_PLAYER_CONTEXT|GLOBAL_STORY_CONTEXT|AI_TARGET_CONTEXT"	"REVIEW_REQUIRED"	"Mixed legacy alias; inspect operation and callers before edits"	"8DA013B92C445BD5A675F1BCC3609A47319BB9C318ED75613C01397A9C657FAD"
"HGame/Classes/HChar.uc"	"800"	"LOCAL_PLAYER_CONTEXT|GLOBAL_STORY_CONTEXT|AI_TARGET_CONTEXT"	"REVIEW_REQUIRED"	"Mixed legacy alias; inspect operation and callers before edits"	"8DA013B92C445BD5A675F1BCC3609A47319BB9C318ED75613C01397A9C657FAD"
"HGame/Classes/HChar.uc"	"806"	"LOCAL_PLAYER_CONTEXT|GLOBAL_STORY_CONTEXT|AI_TARGET_CONTEXT"	"REVIEW_REQUIRED"	"Mixed legacy alias; inspect operation and callers before edits"	"8DA013B92C445BD5A675F1BCC3609A47319BB9C318ED75613C01397A9C657FAD"
"HGame/Classes/HChar.uc"	"811"	"LOCAL_PLAYER_CONTEXT|GLOBAL_STORY_CONTEXT|AI_TARGET_CONTEXT"	"REVIEW_REQUIRED"	"Mixed legacy alias; inspect operation and callers before edits"	"8DA013B92C445BD5A675F1BCC3609A47319BB9C318ED75613C01397A9C657FAD"
"HGame/Classes/HChar.uc"	"813"	"LOCAL_PLAYER_CONTEXT|GLOBAL_STORY_CONTEXT|AI_TARGET_CONTEXT"	"REVIEW_REQUIRED"	"Mixed legacy alias; inspect operation and callers before edits"	"8DA013B92C445BD5A675F1BCC3609A47319BB9C318ED75613C01397A9C657FAD"
"HGame/Classes/HChar.uc"	"814"	"LOCAL_PLAYER_CONTEXT|GLOBAL_STORY_CONTEXT|AI_TARGET_CONTEXT"	"REVIEW_REQUIRED"	"Mixed legacy alias; inspect operation and callers before edits"	"8DA013B92C445BD5A675F1BCC3609A47319BB9C318ED75613C01397A9C657FAD"
"HGame/Classes/HChar.uc"	"843"	"LOCAL_PLAYER_CONTEXT|GLOBAL_STORY_CONTEXT|AI_TARGET_CONTEXT"	"REVIEW_REQUIRED"	"Mixed legacy alias; inspect operation and callers before edits"	"8DA013B92C445BD5A675F1BCC3609A47319BB9C318ED75613C01397A9C657FAD"
"HGame/Classes/HChar.uc"	"869"	"LOCAL_PLAYER_CONTEXT|GLOBAL_STORY_CONTEXT|AI_TARGET_CONTEXT"	"REVIEW_REQUIRED"	"Mixed legacy alias; inspect operation and callers before edits"	"8DA013B92C445BD5A675F1BCC3609A47319BB9C318ED75613C01397A9C657FAD"
"HGame/Classes/HChar.uc"	"870"	"LOCAL_PLAYER_CONTEXT|GLOBAL_STORY_CONTEXT|AI_TARGET_CONTEXT"	"REVIEW_REQUIRED"	"Mixed legacy alias; inspect operation and callers before edits"	"8DA013B92C445BD5A675F1BCC3609A47319BB9C318ED75613C01397A9C657FAD"
"HGame/Classes/HChar.uc"	"878"	"LOCAL_PLAYER_CONTEXT|GLOBAL_STORY_CONTEXT|AI_TARGET_CONTEXT"	"REVIEW_REQUIRED"	"Mixed legacy alias; inspect operation and callers before edits"	"8DA013B92C445BD5A675F1BCC3609A47319BB9C318ED75613C01397A9C657FAD"
"HGame/Classes/HChar.uc"	"886"	"LOCAL_PLAYER_CONTEXT|GLOBAL_STORY_CONTEXT|AI_TARGET_CONTEXT"	"REVIEW_REQUIRED"	"Mixed legacy alias; inspect operation and callers before edits"	"8DA013B92C445BD5A675F1BCC3609A47319BB9C318ED75613C01397A9C657FAD"
"HGame/Classes/HChar.uc"	"901"	"LOCAL_PLAYER_CONTEXT|GLOBAL_STORY_CONTEXT|AI_TARGET_CONTEXT"	"REVIEW_REQUIRED"	"Mixed legacy alias; inspect operation and callers before edits"	"8DA013B92C445BD5A675F1BCC3609A47319BB9C318ED75613C01397A9C657FAD"
"HGame/Classes/HChar.uc"	"919"	"LOCAL_PLAYER_CONTEXT|GLOBAL_STORY_CONTEXT|AI_TARGET_CONTEXT"	"REVIEW_REQUIRED"	"Mixed legacy alias; inspect operation and callers before edits"	"8DA013B92C445BD5A675F1BCC3609A47319BB9C318ED75613C01397A9C657FAD"
"HGame/Classes/baseSpell.uc"	"30"	"LOCAL_PLAYER_CONTEXT|GLOBAL_STORY_CONTEXT|AI_TARGET_CONTEXT"	"DECLARATION_OR_COMMENT"	"Lexical occurrence; not an executable operation"	"DDC4BE4B8DE98946A9342E350CE80F9FF417EF64468EEFE1057EA38CFB105D74"
"HGame/Classes/baseSpell.uc"	"55"	"LOCAL_PLAYER_CONTEXT|GLOBAL_STORY_CONTEXT|AI_TARGET_CONTEXT"	"REVIEW_REQUIRED"	"Mixed legacy alias; inspect operation and callers before edits"	"DDC4BE4B8DE98946A9342E350CE80F9FF417EF64468EEFE1057EA38CFB105D74"
"HGame/Classes/baseSpell.uc"	"65"	"LOCAL_PLAYER_CONTEXT|GLOBAL_STORY_CONTEXT|AI_TARGET_CONTEXT"	"REVIEW_REQUIRED"	"Mixed legacy alias; inspect operation and callers before edits"	"DDC4BE4B8DE98946A9342E350CE80F9FF417EF64468EEFE1057EA38CFB105D74"
"HGame/Classes/baseSpell.uc"	"113"	"LOCAL_PLAYER_CONTEXT|GLOBAL_STORY_CONTEXT|AI_TARGET_CONTEXT"	"REVIEW_REQUIRED"	"Mixed legacy alias; inspect operation and callers before edits"	"DDC4BE4B8DE98946A9342E350CE80F9FF417EF64468EEFE1057EA38CFB105D74"
"HGame/Classes/baseSpell.uc"	"142"	"LOCAL_PLAYER_CONTEXT|GLOBAL_STORY_CONTEXT|AI_TARGET_CONTEXT"	"REVIEW_REQUIRED"	"Mixed legacy alias; inspect operation and callers before edits"	"DDC4BE4B8DE98946A9342E350CE80F9FF417EF64468EEFE1057EA38CFB105D74"
"HGame/Classes/baseSpell.uc"	"148"	"LOCAL_PLAYER_CONTEXT|GLOBAL_STORY_CONTEXT|AI_TARGET_CONTEXT"	"REVIEW_REQUIRED"	"Mixed legacy alias; inspect operation and callers before edits"	"DDC4BE4B8DE98946A9342E350CE80F9FF417EF64468EEFE1057EA38CFB105D74"
"HGame/Classes/baseSpell.uc"	"163"	"LOCAL_PLAYER_CONTEXT|GLOBAL_STORY_CONTEXT|AI_TARGET_CONTEXT"	"REVIEW_REQUIRED"	"Mixed legacy alias; inspect operation and callers before edits"	"DDC4BE4B8DE98946A9342E350CE80F9FF417EF64468EEFE1057EA38CFB105D74"
"HGame/Classes/baseSpell.uc"	"169"	"LOCAL_PLAYER_CONTEXT|GLOBAL_STORY_CONTEXT|AI_TARGET_CONTEXT"	"REVIEW_REQUIRED"	"Mixed legacy alias; inspect operation and callers before edits"	"DDC4BE4B8DE98946A9342E350CE80F9FF417EF64468EEFE1057EA38CFB105D74"
"HGame/Classes/baseSpell.uc"	"179"	"LOCAL_PLAYER_CONTEXT|GLOBAL_STORY_CONTEXT|AI_TARGET_CONTEXT"	"REVIEW_REQUIRED"	"Mixed legacy alias; inspect operation and callers before edits"	"DDC4BE4B8DE98946A9342E350CE80F9FF417EF64468EEFE1057EA38CFB105D74"
"HGame/Classes/baseSpell.uc"	"185"	"LOCAL_PLAYER_CONTEXT|GLOBAL_STORY_CONTEXT|AI_TARGET_CONTEXT"	"REVIEW_REQUIRED"	"Mixed legacy alias; inspect operation and callers before edits"	"DDC4BE4B8DE98946A9342E350CE80F9FF417EF64468EEFE1057EA38CFB105D74"
"HGame/Classes/baseSpell.uc"	"195"	"LOCAL_PLAYER_CONTEXT|GLOBAL_STORY_CONTEXT|AI_TARGET_CONTEXT"	"REVIEW_REQUIRED"	"Mixed legacy alias; inspect operation and callers before edits"	"DDC4BE4B8DE98946A9342E350CE80F9FF417EF64468EEFE1057EA38CFB105D74"
"HGame/Classes/baseSpell.uc"	"201"	"LOCAL_PLAYER_CONTEXT|GLOBAL_STORY_CONTEXT|AI_TARGET_CONTEXT"	"REVIEW_REQUIRED"	"Mixed legacy alias; inspect operation and callers before edits"	"DDC4BE4B8DE98946A9342E350CE80F9FF417EF64468EEFE1057EA38CFB105D74"
"HGame/Classes/baseSpell.uc"	"210"	"LOCAL_PLAYER_CONTEXT|GLOBAL_STORY_CONTEXT|AI_TARGET_CONTEXT"	"REVIEW_REQUIRED"	"Mixed legacy alias; inspect operation and callers before edits"	"DDC4BE4B8DE98946A9342E350CE80F9FF417EF64468EEFE1057EA38CFB105D74"
"HGame/Classes/baseSpell.uc"	"216"	"LOCAL_PLAYER_CONTEXT|GLOBAL_STORY_CONTEXT|AI_TARGET_CONTEXT"	"REVIEW_REQUIRED"	"Mixed legacy alias; inspect operation and callers before edits"	"DDC4BE4B8DE98946A9342E350CE80F9FF417EF64468EEFE1057EA38CFB105D74"
"HGame/Classes/baseSpell.uc"	"283"	"LOCAL_PLAYER_CONTEXT|GLOBAL_STORY_CONTEXT|AI_TARGET_CONTEXT"	"REVIEW_REQUIRED"	"Mixed legacy alias; inspect operation and callers before edits"	"DDC4BE4B8DE98946A9342E350CE80F9FF417EF64468EEFE1057EA38CFB105D74"
"HGame/Classes/baseSpell.uc"	"287"	"LOCAL_PLAYER_CONTEXT|GLOBAL_STORY_CONTEXT|AI_TARGET_CONTEXT"	"REVIEW_REQUIRED"	"Mixed legacy alias; inspect operation and callers before edits"	"DDC4BE4B8DE98946A9342E350CE80F9FF417EF64468EEFE1057EA38CFB105D74"
"HGame/Classes/baseSpell.uc"	"378"	"LOCAL_PLAYER_CONTEXT|GLOBAL_STORY_CONTEXT|AI_TARGET_CONTEXT"	"REVIEW_REQUIRED"	"Mixed legacy alias; inspect operation and callers before edits"	"DDC4BE4B8DE98946A9342E350CE80F9FF417EF64468EEFE1057EA38CFB105D74"
"HGame/Classes/BaseCam.uc"	"342"	"LOCAL_PLAYER_CONTEXT|GLOBAL_STORY_CONTEXT"	"REVIEW_REQUIRED"	"Presentation subsystem; inventory/progression side effects still need review"	"E3B286023D040CDA1F1CF45A8085B0A8247354EE9CDB2B4D9E6CE42D4E6C99E2"
"HGame/Classes/BaseCam.uc"	"371"	"LOCAL_PLAYER_CONTEXT|GLOBAL_STORY_CONTEXT"	"REVIEW_REQUIRED"	"Presentation subsystem; inventory/progression side effects still need review"	"E3B286023D040CDA1F1CF45A8085B0A8247354EE9CDB2B4D9E6CE42D4E6C99E2"
"HGame/Classes/BaseCam.uc"	"382"	"LOCAL_PLAYER_CONTEXT|GLOBAL_STORY_CONTEXT"	"REVIEW_REQUIRED"	"Presentation subsystem; inventory/progression side effects still need review"	"E3B286023D040CDA1F1CF45A8085B0A8247354EE9CDB2B4D9E6CE42D4E6C99E2"
"HGame/Classes/BaseCam.uc"	"383"	"LOCAL_PLAYER_CONTEXT|GLOBAL_STORY_CONTEXT"	"REVIEW_REQUIRED"	"Presentation subsystem; inventory/progression side effects still need review"	"E3B286023D040CDA1F1CF45A8085B0A8247354EE9CDB2B4D9E6CE42D4E6C99E2"
"HGame/Classes/BaseCam.uc"	"384"	"LOCAL_PLAYER_CONTEXT|GLOBAL_STORY_CONTEXT"	"REVIEW_REQUIRED"	"Presentation subsystem; inventory/progression side effects still need review"	"E3B286023D040CDA1F1CF45A8085B0A8247354EE9CDB2B4D9E6CE42D4E6C99E2"
"HGame/Classes/BaseCam.uc"	"385"	"LOCAL_PLAYER_CONTEXT|GLOBAL_STORY_CONTEXT"	"REVIEW_REQUIRED"	"Presentation subsystem; inventory/progression side effects still need review"	"E3B286023D040CDA1F1CF45A8085B0A8247354EE9CDB2B4D9E6CE42D4E6C99E2"
"HGame/Classes/BaseCam.uc"	"386"	"LOCAL_PLAYER_CONTEXT|GLOBAL_STORY_CONTEXT"	"REVIEW_REQUIRED"	"Presentation subsystem; inventory/progression side effects still need review"	"E3B286023D040CDA1F1CF45A8085B0A8247354EE9CDB2B4D9E6CE42D4E6C99E2"
"HGame/Classes/BaseCam.uc"	"387"	"LOCAL_PLAYER_CONTEXT|GLOBAL_STORY_CONTEXT"	"REVIEW_REQUIRED"	"Presentation subsystem; inventory/progression side effects still need review"	"E3B286023D040CDA1F1CF45A8085B0A8247354EE9CDB2B4D9E6CE42D4E6C99E2"
"HGame/Classes/BaseCam.uc"	"388"	"LOCAL_PLAYER_CONTEXT|GLOBAL_STORY_CONTEXT"	"REVIEW_REQUIRED"	"Presentation subsystem; inventory/progression side effects still need review"	"E3B286023D040CDA1F1CF45A8085B0A8247354EE9CDB2B4D9E6CE42D4E6C99E2"
"HGame/Classes/BaseCam.uc"	"389"	"LOCAL_PLAYER_CONTEXT|GLOBAL_STORY_CONTEXT"	"REVIEW_REQUIRED"	"Presentation subsystem; inventory/progression side effects still need review"	"E3B286023D040CDA1F1CF45A8085B0A8247354EE9CDB2B4D9E6CE42D4E6C99E2"
"HGame/Classes/BaseCam.uc"	"390"	"LOCAL_PLAYER_CONTEXT|GLOBAL_STORY_CONTEXT"	"REVIEW_REQUIRED"	"Presentation subsystem; inventory/progression side effects still need review"	"E3B286023D040CDA1F1CF45A8085B0A8247354EE9CDB2B4D9E6CE42D4E6C99E2"
"HGame/Classes/BaseCam.uc"	"391"	"LOCAL_PLAYER_CONTEXT|GLOBAL_STORY_CONTEXT"	"REVIEW_REQUIRED"	"Presentation subsystem; inventory/progression side effects still need review"	"E3B286023D040CDA1F1CF45A8085B0A8247354EE9CDB2B4D9E6CE42D4E6C99E2"
"HGame/Classes/BaseCam.uc"	"392"	"LOCAL_PLAYER_CONTEXT|GLOBAL_STORY_CONTEXT"	"REVIEW_REQUIRED"	"Presentation subsystem; inventory/progression side effects still need review"	"E3B286023D040CDA1F1CF45A8085B0A8247354EE9CDB2B4D9E6CE42D4E6C99E2"
"HGame/Classes/BaseCam.uc"	"393"	"LOCAL_PLAYER_CONTEXT|GLOBAL_STORY_CONTEXT"	"REVIEW_REQUIRED"	"Presentation subsystem; inventory/progression side effects still need review"	"E3B286023D040CDA1F1CF45A8085B0A8247354EE9CDB2B4D9E6CE42D4E6C99E2"
"HGame/Classes/BaseCam.uc"	"394"	"LOCAL_PLAYER_CONTEXT|GLOBAL_STORY_CONTEXT"	"REVIEW_REQUIRED"	"Presentation subsystem; inventory/progression side effects still need review"	"E3B286023D040CDA1F1CF45A8085B0A8247354EE9CDB2B4D9E6CE42D4E6C99E2"
"HGame/Classes/BaseCam.uc"	"395"	"LOCAL_PLAYER_CONTEXT|GLOBAL_STORY_CONTEXT"	"REVIEW_REQUIRED"	"Presentation subsystem; inventory/progression side effects still need review"	"E3B286023D040CDA1F1CF45A8085B0A8247354EE9CDB2B4D9E6CE42D4E6C99E2"
"HGame/Classes/BaseCam.uc"	"396"	"LOCAL_PLAYER_CONTEXT|GLOBAL_STORY_CONTEXT"	"REVIEW_REQUIRED"	"Presentation subsystem; inventory/progression side effects still need review"	"E3B286023D040CDA1F1CF45A8085B0A8247354EE9CDB2B4D9E6CE42D4E6C99E2"
"HGame/Classes/BaseCam.uc"	"397"	"LOCAL_PLAYER_CONTEXT|GLOBAL_STORY_CONTEXT"	"REVIEW_REQUIRED"	"Presentation subsystem; inventory/progression side effects still need review"	"E3B286023D040CDA1F1CF45A8085B0A8247354EE9CDB2B4D9E6CE42D4E6C99E2"
"HGame/Classes/BaseCam.uc"	"398"	"LOCAL_PLAYER_CONTEXT|GLOBAL_STORY_CONTEXT"	"REVIEW_REQUIRED"	"Presentation subsystem; inventory/progression side effects still need review"	"E3B286023D040CDA1F1CF45A8085B0A8247354EE9CDB2B4D9E6CE42D4E6C99E2"
"HGame/Classes/BaseCam.uc"	"399"	"LOCAL_PLAYER_CONTEXT|GLOBAL_STORY_CONTEXT"	"REVIEW_REQUIRED"	"Presentation subsystem; inventory/progression side effects still need review"	"E3B286023D040CDA1F1CF45A8085B0A8247354EE9CDB2B4D9E6CE42D4E6C99E2"
"HGame/Classes/BaseCam.uc"	"400"	"LOCAL_PLAYER_CONTEXT|GLOBAL_STORY_CONTEXT"	"REVIEW_REQUIRED"	"Presentation subsystem; inventory/progression side effects still need review"	"E3B286023D040CDA1F1CF45A8085B0A8247354EE9CDB2B4D9E6CE42D4E6C99E2"
"HGame/Classes/BaseCam.uc"	"401"	"LOCAL_PLAYER_CONTEXT|GLOBAL_STORY_CONTEXT"	"REVIEW_REQUIRED"	"Presentation subsystem; inventory/progression side effects still need review"	"E3B286023D040CDA1F1CF45A8085B0A8247354EE9CDB2B4D9E6CE42D4E6C99E2"
"HGame/Classes/BaseCam.uc"	"402"	"LOCAL_PLAYER_CONTEXT|GLOBAL_STORY_CONTEXT"	"REVIEW_REQUIRED"	"Presentation subsystem; inventory/progression side effects still need review"	"E3B286023D040CDA1F1CF45A8085B0A8247354EE9CDB2B4D9E6CE42D4E6C99E2"
"HGame/Classes/BaseCam.uc"	"403"	"LOCAL_PLAYER_CONTEXT|GLOBAL_STORY_CONTEXT"	"REVIEW_REQUIRED"	"Presentation subsystem; inventory/progression side effects still need review"	"E3B286023D040CDA1F1CF45A8085B0A8247354EE9CDB2B4D9E6CE42D4E6C99E2"
"HGame/Classes/BaseCam.uc"	"404"	"LOCAL_PLAYER_CONTEXT|GLOBAL_STORY_CONTEXT"	"REVIEW_REQUIRED"	"Presentation subsystem; inventory/progression side effects still need review"	"E3B286023D040CDA1F1CF45A8085B0A8247354EE9CDB2B4D9E6CE42D4E6C99E2"
"HGame/Classes/BaseCam.uc"	"405"	"LOCAL_PLAYER_CONTEXT|GLOBAL_STORY_CONTEXT"	"REVIEW_REQUIRED"	"Presentation subsystem; inventory/progression side effects still need review"	"E3B286023D040CDA1F1CF45A8085B0A8247354EE9CDB2B4D9E6CE42D4E6C99E2"
"HGame/Classes/BaseCam.uc"	"406"	"LOCAL_PLAYER_CONTEXT|GLOBAL_STORY_CONTEXT"	"REVIEW_REQUIRED"	"Presentation subsystem; inventory/progression side effects still need review"	"E3B286023D040CDA1F1CF45A8085B0A8247354EE9CDB2B4D9E6CE42D4E6C99E2"
"HGame/Classes/BaseCam.uc"	"416"	"LOCAL_PLAYER_CONTEXT|GLOBAL_STORY_CONTEXT"	"REVIEW_REQUIRED"	"Presentation subsystem; inventory/progression side effects still need review"	"E3B286023D040CDA1F1CF45A8085B0A8247354EE9CDB2B4D9E6CE42D4E6C99E2"
"HGame/Classes/BaseCam.uc"	"423"	"LOCAL_PLAYER_CONTEXT|GLOBAL_STORY_CONTEXT"	"REVIEW_REQUIRED"	"Presentation subsystem; inventory/progression side effects still need review"	"E3B286023D040CDA1F1CF45A8085B0A8247354EE9CDB2B4D9E6CE42D4E6C99E2"
"HGame/Classes/BaseCam.uc"	"433"	"LOCAL_PLAYER_CONTEXT|GLOBAL_STORY_CONTEXT"	"REVIEW_REQUIRED"	"Presentation subsystem; inventory/progression side effects still need review"	"E3B286023D040CDA1F1CF45A8085B0A8247354EE9CDB2B4D9E6CE42D4E6C99E2"
"HGame/Classes/BaseCam.uc"	"440"	"LOCAL_PLAYER_CONTEXT|GLOBAL_STORY_CONTEXT"	"REVIEW_REQUIRED"	"Presentation subsystem; inventory/progression side effects still need review"	"E3B286023D040CDA1F1CF45A8085B0A8247354EE9CDB2B4D9E6CE42D4E6C99E2"
"HGame/Classes/BaseCam.uc"	"449"	"LOCAL_PLAYER_CONTEXT|GLOBAL_STORY_CONTEXT"	"REVIEW_REQUIRED"	"Presentation subsystem; inventory/progression side effects still need review"	"E3B286023D040CDA1F1CF45A8085B0A8247354EE9CDB2B4D9E6CE42D4E6C99E2"
"HGame/Classes/BaseCam.uc"	"456"	"LOCAL_PLAYER_CONTEXT|GLOBAL_STORY_CONTEXT"	"REVIEW_REQUIRED"	"Presentation subsystem; inventory/progression side effects still need review"	"E3B286023D040CDA1F1CF45A8085B0A8247354EE9CDB2B4D9E6CE42D4E6C99E2"
"HGame/Classes/BaseCam.uc"	"463"	"LOCAL_PLAYER_CONTEXT|GLOBAL_STORY_CONTEXT"	"REVIEW_REQUIRED"	"Presentation subsystem; inventory/progression side effects still need review"	"E3B286023D040CDA1F1CF45A8085B0A8247354EE9CDB2B4D9E6CE42D4E6C99E2"
"HGame/Classes/BaseCam.uc"	"470"	"LOCAL_PLAYER_CONTEXT|GLOBAL_STORY_CONTEXT"	"REVIEW_REQUIRED"	"Presentation subsystem; inventory/progression side effects still need review"	"E3B286023D040CDA1F1CF45A8085B0A8247354EE9CDB2B4D9E6CE42D4E6C99E2"
"HGame/Classes/BaseCam.uc"	"485"	"LOCAL_PLAYER_CONTEXT|GLOBAL_STORY_CONTEXT"	"REVIEW_REQUIRED"	"Presentation subsystem; inventory/progression side effects still need review"	"E3B286023D040CDA1F1CF45A8085B0A8247354EE9CDB2B4D9E6CE42D4E6C99E2"
"HGame/Classes/BaseCam.uc"	"486"	"LOCAL_PLAYER_CONTEXT|GLOBAL_STORY_CONTEXT"	"REVIEW_REQUIRED"	"Presentation subsystem; inventory/progression side effects still need review"	"E3B286023D040CDA1F1CF45A8085B0A8247354EE9CDB2B4D9E6CE42D4E6C99E2"
"HGame/Classes/BaseCam.uc"	"498"	"LOCAL_PLAYER_CONTEXT|GLOBAL_STORY_CONTEXT"	"REVIEW_REQUIRED"	"Presentation subsystem; inventory/progression side effects still need review"	"E3B286023D040CDA1F1CF45A8085B0A8247354EE9CDB2B4D9E6CE42D4E6C99E2"
"HGame/Classes/BaseCam.uc"	"602"	"LOCAL_PLAYER_CONTEXT|GLOBAL_STORY_CONTEXT"	"REVIEW_REQUIRED"	"Presentation subsystem; inventory/progression side effects still need review"	"E3B286023D040CDA1F1CF45A8085B0A8247354EE9CDB2B4D9E6CE42D4E6C99E2"
"HGame/Classes/BaseCam.uc"	"644"	"LOCAL_PLAYER_CONTEXT|GLOBAL_STORY_CONTEXT"	"REVIEW_REQUIRED"	"Presentation subsystem; inventory/progression side effects still need review"	"E3B286023D040CDA1F1CF45A8085B0A8247354EE9CDB2B4D9E6CE42D4E6C99E2"
"HGame/Classes/BaseCam.uc"	"677"	"LOCAL_PLAYER_CONTEXT|GLOBAL_STORY_CONTEXT"	"REVIEW_REQUIRED"	"Presentation subsystem; inventory/progression side effects still need review"	"E3B286023D040CDA1F1CF45A8085B0A8247354EE9CDB2B4D9E6CE42D4E6C99E2"
"HGame/Classes/BaseCam.uc"	"678"	"LOCAL_PLAYER_CONTEXT|GLOBAL_STORY_CONTEXT"	"REVIEW_REQUIRED"	"Presentation subsystem; inventory/progression side effects still need review"	"E3B286023D040CDA1F1CF45A8085B0A8247354EE9CDB2B4D9E6CE42D4E6C99E2"
"HGame/Classes/BaseCam.uc"	"816"	"LOCAL_PLAYER_CONTEXT|GLOBAL_STORY_CONTEXT"	"REVIEW_REQUIRED"	"Presentation subsystem; inventory/progression side effects still need review"	"E3B286023D040CDA1F1CF45A8085B0A8247354EE9CDB2B4D9E6CE42D4E6C99E2"
"HGame/Classes/BaseCam.uc"	"851"	"LOCAL_PLAYER_CONTEXT|GLOBAL_STORY_CONTEXT"	"DECLARATION_OR_COMMENT"	"Lexical occurrence; not an executable operation"	"E3B286023D040CDA1F1CF45A8085B0A8247354EE9CDB2B4D9E6CE42D4E6C99E2"
"HGame/Classes/BaseCam.uc"	"852"	"LOCAL_PLAYER_CONTEXT|GLOBAL_STORY_CONTEXT"	"DECLARATION_OR_COMMENT"	"Lexical occurrence; not an executable operation"	"E3B286023D040CDA1F1CF45A8085B0A8247354EE9CDB2B4D9E6CE42D4E6C99E2"
"HGame/Classes/BaseCam.uc"	"867"	"LOCAL_PLAYER_CONTEXT|GLOBAL_STORY_CONTEXT"	"REVIEW_REQUIRED"	"Presentation subsystem; inventory/progression side effects still need review"	"E3B286023D040CDA1F1CF45A8085B0A8247354EE9CDB2B4D9E6CE42D4E6C99E2"
"HGame/Classes/BaseCam.uc"	"882"	"LOCAL_PLAYER_CONTEXT|GLOBAL_STORY_CONTEXT"	"DECLARATION_OR_COMMENT"	"Lexical occurrence; not an executable operation"	"E3B286023D040CDA1F1CF45A8085B0A8247354EE9CDB2B4D9E6CE42D4E6C99E2"
"HGame/Classes/BaseCam.uc"	"883"	"LOCAL_PLAYER_CONTEXT|GLOBAL_STORY_CONTEXT"	"REVIEW_REQUIRED"	"Presentation subsystem; inventory/progression side effects still need review"	"E3B286023D040CDA1F1CF45A8085B0A8247354EE9CDB2B4D9E6CE42D4E6C99E2"
"HGame/Classes/BaseCam.uc"	"885"	"LOCAL_PLAYER_CONTEXT|GLOBAL_STORY_CONTEXT"	"REVIEW_REQUIRED"	"Presentation subsystem; inventory/progression side effects still need review"	"E3B286023D040CDA1F1CF45A8085B0A8247354EE9CDB2B4D9E6CE42D4E6C99E2"
"HGame/Classes/BaseCam.uc"	"887"	"LOCAL_PLAYER_CONTEXT|GLOBAL_STORY_CONTEXT"	"DECLARATION_OR_COMMENT"	"Lexical occurrence; not an executable operation"	"E3B286023D040CDA1F1CF45A8085B0A8247354EE9CDB2B4D9E6CE42D4E6C99E2"
"HGame/Classes/BaseCam.uc"	"890"	"LOCAL_PLAYER_CONTEXT|GLOBAL_STORY_CONTEXT"	"REVIEW_REQUIRED"	"Presentation subsystem; inventory/progression side effects still need review"	"E3B286023D040CDA1F1CF45A8085B0A8247354EE9CDB2B4D9E6CE42D4E6C99E2"
"HGame/Classes/BaseCam.uc"	"891"	"LOCAL_PLAYER_CONTEXT|GLOBAL_STORY_CONTEXT"	"REVIEW_REQUIRED"	"Presentation subsystem; inventory/progression side effects still need review"	"E3B286023D040CDA1F1CF45A8085B0A8247354EE9CDB2B4D9E6CE42D4E6C99E2"
"HGame/Classes/BaseCam.uc"	"894"	"LOCAL_PLAYER_CONTEXT|GLOBAL_STORY_CONTEXT"	"REVIEW_REQUIRED"	"Presentation subsystem; inventory/progression side effects still need review"	"E3B286023D040CDA1F1CF45A8085B0A8247354EE9CDB2B4D9E6CE42D4E6C99E2"
"HGame/Classes/BaseCam.uc"	"899"	"LOCAL_PLAYER_CONTEXT|GLOBAL_STORY_CONTEXT"	"REVIEW_REQUIRED"	"Presentation subsystem; inventory/progression side effects still need review"	"E3B286023D040CDA1F1CF45A8085B0A8247354EE9CDB2B4D9E6CE42D4E6C99E2"
"HGame/Classes/BaseCam.uc"	"900"	"LOCAL_PLAYER_CONTEXT|GLOBAL_STORY_CONTEXT"	"REVIEW_REQUIRED"	"Presentation subsystem; inventory/progression side effects still need review"	"E3B286023D040CDA1F1CF45A8085B0A8247354EE9CDB2B4D9E6CE42D4E6C99E2"
"HGame/Classes/BaseCam.uc"	"916"	"LOCAL_PLAYER_CONTEXT|GLOBAL_STORY_CONTEXT"	"REVIEW_REQUIRED"	"Presentation subsystem; inventory/progression side effects still need review"	"E3B286023D040CDA1F1CF45A8085B0A8247354EE9CDB2B4D9E6CE42D4E6C99E2"
"HGame/Classes/BaseCam.uc"	"940"	"LOCAL_PLAYER_CONTEXT|GLOBAL_STORY_CONTEXT"	"REVIEW_REQUIRED"	"Presentation subsystem; inventory/progression side effects still need review"	"E3B286023D040CDA1F1CF45A8085B0A8247354EE9CDB2B4D9E6CE42D4E6C99E2"
"HGame/Classes/BaseCam.uc"	"943"	"LOCAL_PLAYER_CONTEXT|GLOBAL_STORY_CONTEXT"	"REVIEW_REQUIRED"	"Presentation subsystem; inventory/progression side effects still need review"	"E3B286023D040CDA1F1CF45A8085B0A8247354EE9CDB2B4D9E6CE42D4E6C99E2"
"HGame/Classes/BaseCam.uc"	"948"	"LOCAL_PLAYER_CONTEXT|GLOBAL_STORY_CONTEXT"	"REVIEW_REQUIRED"	"Presentation subsystem; inventory/progression side effects still need review"	"E3B286023D040CDA1F1CF45A8085B0A8247354EE9CDB2B4D9E6CE42D4E6C99E2"
"HGame/Classes/BaseCam.uc"	"959"	"LOCAL_PLAYER_CONTEXT|GLOBAL_STORY_CONTEXT"	"REVIEW_REQUIRED"	"Presentation subsystem; inventory/progression side effects still need review"	"E3B286023D040CDA1F1CF45A8085B0A8247354EE9CDB2B4D9E6CE42D4E6C99E2"
"HGame/Classes/BaseCam.uc"	"971"	"LOCAL_PLAYER_CONTEXT|GLOBAL_STORY_CONTEXT"	"REVIEW_REQUIRED"	"Presentation subsystem; inventory/progression side effects still need review"	"E3B286023D040CDA1F1CF45A8085B0A8247354EE9CDB2B4D9E6CE42D4E6C99E2"
"HGame/Classes/BaseCam.uc"	"990"	"LOCAL_PLAYER_CONTEXT|GLOBAL_STORY_CONTEXT"	"REVIEW_REQUIRED"	"Presentation subsystem; inventory/progression side effects still need review"	"E3B286023D040CDA1F1CF45A8085B0A8247354EE9CDB2B4D9E6CE42D4E6C99E2"
"HGame/Classes/BaseCam.uc"	"994"	"LOCAL_PLAYER_CONTEXT|GLOBAL_STORY_CONTEXT"	"REVIEW_REQUIRED"	"Presentation subsystem; inventory/progression side effects still need review"	"E3B286023D040CDA1F1CF45A8085B0A8247354EE9CDB2B4D9E6CE42D4E6C99E2"
"HGame/Classes/BaseCam.uc"	"1011"	"LOCAL_PLAYER_CONTEXT|GLOBAL_STORY_CONTEXT"	"REVIEW_REQUIRED"	"Presentation subsystem; inventory/progression side effects still need review"	"E3B286023D040CDA1F1CF45A8085B0A8247354EE9CDB2B4D9E6CE42D4E6C99E2"
"HGame/Classes/BaseCam.uc"	"1023"	"LOCAL_PLAYER_CONTEXT|GLOBAL_STORY_CONTEXT"	"REVIEW_REQUIRED"	"Presentation subsystem; inventory/progression side effects still need review"	"E3B286023D040CDA1F1CF45A8085B0A8247354EE9CDB2B4D9E6CE42D4E6C99E2"
"HGame/Classes/BaseCam.uc"	"1026"	"LOCAL_PLAYER_CONTEXT|GLOBAL_STORY_CONTEXT"	"REVIEW_REQUIRED"	"Presentation subsystem; inventory/progression side effects still need review"	"E3B286023D040CDA1F1CF45A8085B0A8247354EE9CDB2B4D9E6CE42D4E6C99E2"
"HGame/Classes/BaseCam.uc"	"1034"	"LOCAL_PLAYER_CONTEXT|GLOBAL_STORY_CONTEXT"	"REVIEW_REQUIRED"	"Presentation subsystem; inventory/progression side effects still need review"	"E3B286023D040CDA1F1CF45A8085B0A8247354EE9CDB2B4D9E6CE42D4E6C99E2"
"HGame/Classes/BaseCam.uc"	"1035"	"LOCAL_PLAYER_CONTEXT|GLOBAL_STORY_CONTEXT"	"REVIEW_REQUIRED"	"Presentation subsystem; inventory/progression side effects still need review"	"E3B286023D040CDA1F1CF45A8085B0A8247354EE9CDB2B4D9E6CE42D4E6C99E2"
"HGame/Classes/BaseCam.uc"	"1053"	"LOCAL_PLAYER_CONTEXT|GLOBAL_STORY_CONTEXT"	"REVIEW_REQUIRED"	"Presentation subsystem; inventory/progression side effects still need review"	"E3B286023D040CDA1F1CF45A8085B0A8247354EE9CDB2B4D9E6CE42D4E6C99E2"
"HGame/Classes/BaseCam.uc"	"1056"	"LOCAL_PLAYER_CONTEXT|GLOBAL_STORY_CONTEXT"	"REVIEW_REQUIRED"	"Presentation subsystem; inventory/progression side effects still need review"	"E3B286023D040CDA1F1CF45A8085B0A8247354EE9CDB2B4D9E6CE42D4E6C99E2"
"HGame/Classes/BaseCam.uc"	"1074"	"LOCAL_PLAYER_CONTEXT|GLOBAL_STORY_CONTEXT"	"REVIEW_REQUIRED"	"Presentation subsystem; inventory/progression side effects still need review"	"E3B286023D040CDA1F1CF45A8085B0A8247354EE9CDB2B4D9E6CE42D4E6C99E2"
"HGame/Classes/BaseCam.uc"	"1078"	"LOCAL_PLAYER_CONTEXT|GLOBAL_STORY_CONTEXT"	"REVIEW_REQUIRED"	"Presentation subsystem; inventory/progression side effects still need review"	"E3B286023D040CDA1F1CF45A8085B0A8247354EE9CDB2B4D9E6CE42D4E6C99E2"
"HGame/Classes/BaseCam.uc"	"1109"	"LOCAL_PLAYER_CONTEXT|GLOBAL_STORY_CONTEXT"	"REVIEW_REQUIRED"	"Presentation subsystem; inventory/progression side effects still need review"	"E3B286023D040CDA1F1CF45A8085B0A8247354EE9CDB2B4D9E6CE42D4E6C99E2"
"HGame/Classes/BaseCam.uc"	"1112"	"LOCAL_PLAYER_CONTEXT|GLOBAL_STORY_CONTEXT"	"REVIEW_REQUIRED"	"Presentation subsystem; inventory/progression side effects still need review"	"E3B286023D040CDA1F1CF45A8085B0A8247354EE9CDB2B4D9E6CE42D4E6C99E2"
"HGame/Classes/BaseCam.uc"	"1117"	"LOCAL_PLAYER_CONTEXT|GLOBAL_STORY_CONTEXT"	"REVIEW_REQUIRED"	"Presentation subsystem; inventory/progression side effects still need review"	"E3B286023D040CDA1F1CF45A8085B0A8247354EE9CDB2B4D9E6CE42D4E6C99E2"
"HGame/Classes/BaseCam.uc"	"1123"	"LOCAL_PLAYER_CONTEXT|GLOBAL_STORY_CONTEXT"	"REVIEW_REQUIRED"	"Presentation subsystem; inventory/progression side effects still need review"	"E3B286023D040CDA1F1CF45A8085B0A8247354EE9CDB2B4D9E6CE42D4E6C99E2"
"HGame/Classes/BaseCam.uc"	"1135"	"LOCAL_PLAYER_CONTEXT|GLOBAL_STORY_CONTEXT"	"REVIEW_REQUIRED"	"Presentation subsystem; inventory/progression side effects still need review"	"E3B286023D040CDA1F1CF45A8085B0A8247354EE9CDB2B4D9E6CE42D4E6C99E2"
"HGame/Classes/BaseCam.uc"	"1144"	"LOCAL_PLAYER_CONTEXT|GLOBAL_STORY_CONTEXT"	"REVIEW_REQUIRED"	"Presentation subsystem; inventory/progression side effects still need review"	"E3B286023D040CDA1F1CF45A8085B0A8247354EE9CDB2B4D9E6CE42D4E6C99E2"
"HGame/Classes/BaseCam.uc"	"1146"	"LOCAL_PLAYER_CONTEXT|GLOBAL_STORY_CONTEXT"	"REVIEW_REQUIRED"	"Presentation subsystem; inventory/progression side effects still need review"	"E3B286023D040CDA1F1CF45A8085B0A8247354EE9CDB2B4D9E6CE42D4E6C99E2"
"HGame/Classes/BaseCam.uc"	"1150"	"LOCAL_PLAYER_CONTEXT|GLOBAL_STORY_CONTEXT"	"REVIEW_REQUIRED"	"Presentation subsystem; inventory/progression side effects still need review"	"E3B286023D040CDA1F1CF45A8085B0A8247354EE9CDB2B4D9E6CE42D4E6C99E2"
"HGame/Classes/BaseCam.uc"	"1182"	"LOCAL_PLAYER_CONTEXT|GLOBAL_STORY_CONTEXT"	"REVIEW_REQUIRED"	"Presentation subsystem; inventory/progression side effects still need review"	"E3B286023D040CDA1F1CF45A8085B0A8247354EE9CDB2B4D9E6CE42D4E6C99E2"
"HGame/Classes/BaseCam.uc"	"1194"	"LOCAL_PLAYER_CONTEXT|GLOBAL_STORY_CONTEXT"	"REVIEW_REQUIRED"	"Presentation subsystem; inventory/progression side effects still need review"	"E3B286023D040CDA1F1CF45A8085B0A8247354EE9CDB2B4D9E6CE42D4E6C99E2"
"HGame/Classes/BaseCam.uc"	"1195"	"LOCAL_PLAYER_CONTEXT|GLOBAL_STORY_CONTEXT"	"REVIEW_REQUIRED"	"Presentation subsystem; inventory/progression side effects still need review"	"E3B286023D040CDA1F1CF45A8085B0A8247354EE9CDB2B4D9E6CE42D4E6C99E2"
"HGame/Classes/BaseCam.uc"	"1212"	"LOCAL_PLAYER_CONTEXT|GLOBAL_STORY_CONTEXT"	"REVIEW_REQUIRED"	"Presentation subsystem; inventory/progression side effects still need review"	"E3B286023D040CDA1F1CF45A8085B0A8247354EE9CDB2B4D9E6CE42D4E6C99E2"
"HGame/Classes/BaseCam.uc"	"1216"	"LOCAL_PLAYER_CONTEXT|GLOBAL_STORY_CONTEXT"	"REVIEW_REQUIRED"	"Presentation subsystem; inventory/progression side effects still need review"	"E3B286023D040CDA1F1CF45A8085B0A8247354EE9CDB2B4D9E6CE42D4E6C99E2"
"HGame/Classes/BaseCam.uc"	"1220"	"LOCAL_PLAYER_CONTEXT|GLOBAL_STORY_CONTEXT"	"REVIEW_REQUIRED"	"Presentation subsystem; inventory/progression side effects still need review"	"E3B286023D040CDA1F1CF45A8085B0A8247354EE9CDB2B4D9E6CE42D4E6C99E2"
"HGame/Classes/BaseCam.uc"	"1224"	"LOCAL_PLAYER_CONTEXT|GLOBAL_STORY_CONTEXT"	"REVIEW_REQUIRED"	"Presentation subsystem; inventory/progression side effects still need review"	"E3B286023D040CDA1F1CF45A8085B0A8247354EE9CDB2B4D9E6CE42D4E6C99E2"
"HGame/Classes/BaseCam.uc"	"1228"	"LOCAL_PLAYER_CONTEXT|GLOBAL_STORY_CONTEXT"	"REVIEW_REQUIRED"	"Presentation subsystem; inventory/progression side effects still need review"	"E3B286023D040CDA1F1CF45A8085B0A8247354EE9CDB2B4D9E6CE42D4E6C99E2"
"HGame/Classes/BaseCam.uc"	"1232"	"LOCAL_PLAYER_CONTEXT|GLOBAL_STORY_CONTEXT"	"REVIEW_REQUIRED"	"Presentation subsystem; inventory/progression side effects still need review"	"E3B286023D040CDA1F1CF45A8085B0A8247354EE9CDB2B4D9E6CE42D4E6C99E2"
"HGame/Classes/BaseCam.uc"	"1238"	"LOCAL_PLAYER_CONTEXT|GLOBAL_STORY_CONTEXT"	"REVIEW_REQUIRED"	"Presentation subsystem; inventory/progression side effects still need review"	"E3B286023D040CDA1F1CF45A8085B0A8247354EE9CDB2B4D9E6CE42D4E6C99E2"
"HGame/Classes/BaseCam.uc"	"1242"	"LOCAL_PLAYER_CONTEXT|GLOBAL_STORY_CONTEXT"	"REVIEW_REQUIRED"	"Presentation subsystem; inventory/progression side effects still need review"	"E3B286023D040CDA1F1CF45A8085B0A8247354EE9CDB2B4D9E6CE42D4E6C99E2"
"HGame/Classes/BaseCam.uc"	"1246"	"LOCAL_PLAYER_CONTEXT|GLOBAL_STORY_CONTEXT"	"REVIEW_REQUIRED"	"Presentation subsystem; inventory/progression side effects still need review"	"E3B286023D040CDA1F1CF45A8085B0A8247354EE9CDB2B4D9E6CE42D4E6C99E2"
"HGame/Classes/BaseCam.uc"	"1250"	"LOCAL_PLAYER_CONTEXT|GLOBAL_STORY_CONTEXT"	"REVIEW_REQUIRED"	"Presentation subsystem; inventory/progression side effects still need review"	"E3B286023D040CDA1F1CF45A8085B0A8247354EE9CDB2B4D9E6CE42D4E6C99E2"
"HGame/Classes/BaseCam.uc"	"1275"	"LOCAL_PLAYER_CONTEXT|GLOBAL_STORY_CONTEXT"	"REVIEW_REQUIRED"	"Presentation subsystem; inventory/progression side effects still need review"	"E3B286023D040CDA1F1CF45A8085B0A8247354EE9CDB2B4D9E6CE42D4E6C99E2"
"HGame/Classes/BaseCam.uc"	"1282"	"LOCAL_PLAYER_CONTEXT|GLOBAL_STORY_CONTEXT"	"REVIEW_REQUIRED"	"Presentation subsystem; inventory/progression side effects still need review"	"E3B286023D040CDA1F1CF45A8085B0A8247354EE9CDB2B4D9E6CE42D4E6C99E2"
"HGame/Classes/BaseCam.uc"	"1298"	"LOCAL_PLAYER_CONTEXT|GLOBAL_STORY_CONTEXT"	"REVIEW_REQUIRED"	"Presentation subsystem; inventory/progression side effects still need review"	"E3B286023D040CDA1F1CF45A8085B0A8247354EE9CDB2B4D9E6CE42D4E6C99E2"
"HGame/Classes/BaseCam.uc"	"1299"	"LOCAL_PLAYER_CONTEXT|GLOBAL_STORY_CONTEXT"	"REVIEW_REQUIRED"	"Presentation subsystem; inventory/progression side effects still need review"	"E3B286023D040CDA1F1CF45A8085B0A8247354EE9CDB2B4D9E6CE42D4E6C99E2"
"HGame/Classes/BaseCam.uc"	"1300"	"LOCAL_PLAYER_CONTEXT|GLOBAL_STORY_CONTEXT"	"REVIEW_REQUIRED"	"Presentation subsystem; inventory/progression side effects still need review"	"E3B286023D040CDA1F1CF45A8085B0A8247354EE9CDB2B4D9E6CE42D4E6C99E2"
"HGame/Classes/BaseCam.uc"	"1532"	"LOCAL_PLAYER_CONTEXT|GLOBAL_STORY_CONTEXT"	"REVIEW_REQUIRED"	"Presentation subsystem; inventory/progression side effects still need review"	"E3B286023D040CDA1F1CF45A8085B0A8247354EE9CDB2B4D9E6CE42D4E6C99E2"
"HGame/Classes/BaseCam.uc"	"1710"	"LOCAL_PLAYER_CONTEXT|GLOBAL_STORY_CONTEXT"	"REVIEW_REQUIRED"	"Presentation subsystem; inventory/progression side effects still need review"	"E3B286023D040CDA1F1CF45A8085B0A8247354EE9CDB2B4D9E6CE42D4E6C99E2"
"HGame/Classes/Cutscene/CutSceneManager.uc"	"60"	"LOCAL_PLAYER_CONTEXT"	"REVIEWED"	"Owning HUD/captured presentation state"	"EEA212542F97D47E5C64B5303965924F2814FE29C7CC917083B7D83E114C3A42"
"HGame/Classes/Cutscene/CutSceneManager.uc"	"74"	"LOCAL_PLAYER_CONTEXT"	"REVIEWED"	"Owning HUD/captured presentation state"	"EEA212542F97D47E5C64B5303965924F2814FE29C7CC917083B7D83E114C3A42"
"HGame/Classes/Cutscene/CutSceneManager.uc"	"82"	"LOCAL_PLAYER_CONTEXT"	"REVIEWED"	"Owning HUD/captured presentation state"	"EEA212542F97D47E5C64B5303965924F2814FE29C7CC917083B7D83E114C3A42"
"HGame/Classes/Cutscene/CutSceneManager.uc"	"109"	"LOCAL_PLAYER_CONTEXT"	"REVIEWED"	"Owning HUD/captured presentation state"	"EEA212542F97D47E5C64B5303965924F2814FE29C7CC917083B7D83E114C3A42"
"HGame/Classes/Cutscene/CutSceneManager.uc"	"112"	"LOCAL_PLAYER_CONTEXT"	"REVIEWED"	"Owning HUD/captured presentation state"	"EEA212542F97D47E5C64B5303965924F2814FE29C7CC917083B7D83E114C3A42"
"HGame/Classes/Cutscene/CutSceneManager.uc"	"179"	"LOCAL_PLAYER_CONTEXT"	"REVIEWED"	"Owning HUD/captured presentation state"	"EEA212542F97D47E5C64B5303965924F2814FE29C7CC917083B7D83E114C3A42"
"HGame/Classes/BaseCamTarget.uc"	"66"	"LOCAL_PLAYER_CONTEXT|GLOBAL_STORY_CONTEXT"	"REVIEW_REQUIRED"	"Presentation subsystem; inventory/progression side effects still need review"	"B1736EE6F7CE9C3D14C61B535526D2A4F8CD19006639462AC2C3CB29DADD4F37"
"HGame/Classes/BaseCamTarget.uc"	"71"	"LOCAL_PLAYER_CONTEXT|GLOBAL_STORY_CONTEXT"	"REVIEW_REQUIRED"	"Presentation subsystem; inventory/progression side effects still need review"	"B1736EE6F7CE9C3D14C61B535526D2A4F8CD19006639462AC2C3CB29DADD4F37"
"HGame/Classes/BaseCamTarget.uc"	"72"	"LOCAL_PLAYER_CONTEXT|GLOBAL_STORY_CONTEXT"	"REVIEW_REQUIRED"	"Presentation subsystem; inventory/progression side effects still need review"	"B1736EE6F7CE9C3D14C61B535526D2A4F8CD19006639462AC2C3CB29DADD4F37"
"HGame/Classes/BaseCamTarget.uc"	"75"	"LOCAL_PLAYER_CONTEXT|GLOBAL_STORY_CONTEXT"	"REVIEW_REQUIRED"	"Presentation subsystem; inventory/progression side effects still need review"	"B1736EE6F7CE9C3D14C61B535526D2A4F8CD19006639462AC2C3CB29DADD4F37"
"HGame/Classes/harry.uc"	"332"	"LOCAL_PLAYER_CONTEXT|GLOBAL_STORY_CONTEXT|AI_TARGET_CONTEXT"	"REVIEW_REQUIRED"	"Mixed legacy alias; inspect operation and callers before edits"	"C4DFE134FDC5DA24D691296CC65F60999CB5B8FA60E1E6DACEFA485FEF09F6C3"
"HGame/Classes/harry.uc"	"997"	"LOCAL_PLAYER_CONTEXT|GLOBAL_STORY_CONTEXT|AI_TARGET_CONTEXT"	"REVIEW_REQUIRED"	"Mixed legacy alias; inspect operation and callers before edits"	"C4DFE134FDC5DA24D691296CC65F60999CB5B8FA60E1E6DACEFA485FEF09F6C3"
"HGame/Classes/Characters/Characters.uc"	"262"	"LOCAL_PLAYER_CONTEXT|GLOBAL_STORY_CONTEXT|AI_TARGET_CONTEXT"	"REVIEW_REQUIRED"	"Mixed legacy alias; inspect operation and callers before edits"	"DCFD2318C522C3DFEDE22515ADC4D2F1A95CE17D853F21702618A46A8AA64579"
"HGame/Classes/Characters/Characters.uc"	"387"	"LOCAL_PLAYER_CONTEXT|GLOBAL_STORY_CONTEXT|AI_TARGET_CONTEXT"	"REVIEW_REQUIRED"	"Mixed legacy alias; inspect operation and callers before edits"	"DCFD2318C522C3DFEDE22515ADC4D2F1A95CE17D853F21702618A46A8AA64579"
"HGame/Classes/Characters/Characters.uc"	"472"	"LOCAL_PLAYER_CONTEXT|GLOBAL_STORY_CONTEXT|AI_TARGET_CONTEXT"	"REVIEW_REQUIRED"	"Mixed legacy alias; inspect operation and callers before edits"	"DCFD2318C522C3DFEDE22515ADC4D2F1A95CE17D853F21702618A46A8AA64579"
"HGame/Classes/Characters/Characters.uc"	"479"	"LOCAL_PLAYER_CONTEXT|GLOBAL_STORY_CONTEXT|AI_TARGET_CONTEXT"	"REVIEW_REQUIRED"	"Mixed legacy alias; inspect operation and callers before edits"	"DCFD2318C522C3DFEDE22515ADC4D2F1A95CE17D853F21702618A46A8AA64579"
"HGame/Classes/Characters/Characters.uc"	"481"	"LOCAL_PLAYER_CONTEXT|GLOBAL_STORY_CONTEXT|AI_TARGET_CONTEXT"	"REVIEW_REQUIRED"	"Mixed legacy alias; inspect operation and callers before edits"	"DCFD2318C522C3DFEDE22515ADC4D2F1A95CE17D853F21702618A46A8AA64579"
"HGame/Classes/Characters/Characters.uc"	"515"	"LOCAL_PLAYER_CONTEXT|GLOBAL_STORY_CONTEXT|AI_TARGET_CONTEXT"	"REVIEW_REQUIRED"	"Mixed legacy alias; inspect operation and callers before edits"	"DCFD2318C522C3DFEDE22515ADC4D2F1A95CE17D853F21702618A46A8AA64579"
"HGame/Classes/Characters/Characters.uc"	"526"	"LOCAL_PLAYER_CONTEXT|GLOBAL_STORY_CONTEXT|AI_TARGET_CONTEXT"	"REVIEW_REQUIRED"	"Mixed legacy alias; inspect operation and callers before edits"	"DCFD2318C522C3DFEDE22515ADC4D2F1A95CE17D853F21702618A46A8AA64579"
"HGame/Classes/Characters/Characters.uc"	"528"	"LOCAL_PLAYER_CONTEXT|GLOBAL_STORY_CONTEXT|AI_TARGET_CONTEXT"	"REVIEW_REQUIRED"	"Mixed legacy alias; inspect operation and callers before edits"	"DCFD2318C522C3DFEDE22515ADC4D2F1A95CE17D853F21702618A46A8AA64579"
"HGame/Classes/Characters/Characters.uc"	"545"	"LOCAL_PLAYER_CONTEXT|GLOBAL_STORY_CONTEXT|AI_TARGET_CONTEXT"	"REVIEW_REQUIRED"	"Mixed legacy alias; inspect operation and callers before edits"	"DCFD2318C522C3DFEDE22515ADC4D2F1A95CE17D853F21702618A46A8AA64579"
"HGame/Classes/Characters/Characters.uc"	"547"	"LOCAL_PLAYER_CONTEXT|GLOBAL_STORY_CONTEXT|AI_TARGET_CONTEXT"	"REVIEW_REQUIRED"	"Mixed legacy alias; inspect operation and callers before edits"	"DCFD2318C522C3DFEDE22515ADC4D2F1A95CE17D853F21702618A46A8AA64579"
"HGame/Classes/Characters/Characters.uc"	"599"	"LOCAL_PLAYER_CONTEXT|GLOBAL_STORY_CONTEXT|AI_TARGET_CONTEXT"	"REVIEW_REQUIRED"	"Mixed legacy alias; inspect operation and callers before edits"	"DCFD2318C522C3DFEDE22515ADC4D2F1A95CE17D853F21702618A46A8AA64579"
"HGame/Classes/Characters/Characters.uc"	"631"	"LOCAL_PLAYER_CONTEXT|GLOBAL_STORY_CONTEXT|AI_TARGET_CONTEXT"	"REVIEW_REQUIRED"	"Mixed legacy alias; inspect operation and callers before edits"	"DCFD2318C522C3DFEDE22515ADC4D2F1A95CE17D853F21702618A46A8AA64579"
"HGame/Classes/Characters/Characters.uc"	"635"	"LOCAL_PLAYER_CONTEXT|GLOBAL_STORY_CONTEXT|AI_TARGET_CONTEXT"	"REVIEW_REQUIRED"	"Mixed legacy alias; inspect operation and callers before edits"	"DCFD2318C522C3DFEDE22515ADC4D2F1A95CE17D853F21702618A46A8AA64579"
"HGame/Classes/Characters/Characters.uc"	"647"	"LOCAL_PLAYER_CONTEXT|GLOBAL_STORY_CONTEXT|AI_TARGET_CONTEXT"	"REVIEW_REQUIRED"	"Mixed legacy alias; inspect operation and callers before edits"	"DCFD2318C522C3DFEDE22515ADC4D2F1A95CE17D853F21702618A46A8AA64579"
"HGame/Classes/Characters/Characters.uc"	"652"	"LOCAL_PLAYER_CONTEXT|GLOBAL_STORY_CONTEXT|AI_TARGET_CONTEXT"	"REVIEW_REQUIRED"	"Mixed legacy alias; inspect operation and callers before edits"	"DCFD2318C522C3DFEDE22515ADC4D2F1A95CE17D853F21702618A46A8AA64579"
"HGame/Classes/Characters/Characters.uc"	"665"	"LOCAL_PLAYER_CONTEXT|GLOBAL_STORY_CONTEXT|AI_TARGET_CONTEXT"	"REVIEW_REQUIRED"	"Mixed legacy alias; inspect operation and callers before edits"	"DCFD2318C522C3DFEDE22515ADC4D2F1A95CE17D853F21702618A46A8AA64579"
"HGame/Classes/Characters/Characters.uc"	"669"	"LOCAL_PLAYER_CONTEXT|GLOBAL_STORY_CONTEXT|AI_TARGET_CONTEXT"	"REVIEW_REQUIRED"	"Mixed legacy alias; inspect operation and callers before edits"	"DCFD2318C522C3DFEDE22515ADC4D2F1A95CE17D853F21702618A46A8AA64579"
"HGame/Classes/Characters/Characters.uc"	"764"	"LOCAL_PLAYER_CONTEXT|GLOBAL_STORY_CONTEXT|AI_TARGET_CONTEXT"	"REVIEW_REQUIRED"	"Mixed legacy alias; inspect operation and callers before edits"	"DCFD2318C522C3DFEDE22515ADC4D2F1A95CE17D853F21702618A46A8AA64579"
"HGame/Classes/Characters/Characters.uc"	"801"	"LOCAL_PLAYER_CONTEXT|GLOBAL_STORY_CONTEXT|AI_TARGET_CONTEXT"	"REVIEW_REQUIRED"	"Mixed legacy alias; inspect operation and callers before edits"	"DCFD2318C522C3DFEDE22515ADC4D2F1A95CE17D853F21702618A46A8AA64579"
"HGame/Classes/Characters/Characters.uc"	"810"	"LOCAL_PLAYER_CONTEXT|GLOBAL_STORY_CONTEXT|AI_TARGET_CONTEXT"	"REVIEW_REQUIRED"	"Mixed legacy alias; inspect operation and callers before edits"	"DCFD2318C522C3DFEDE22515ADC4D2F1A95CE17D853F21702618A46A8AA64579"
"HGame/Classes/Characters/Characters.uc"	"813"	"LOCAL_PLAYER_CONTEXT|GLOBAL_STORY_CONTEXT|AI_TARGET_CONTEXT"	"REVIEW_REQUIRED"	"Mixed legacy alias; inspect operation and callers before edits"	"DCFD2318C522C3DFEDE22515ADC4D2F1A95CE17D853F21702618A46A8AA64579"
"HGame/Classes/Characters/Characters.uc"	"850"	"LOCAL_PLAYER_CONTEXT|GLOBAL_STORY_CONTEXT|AI_TARGET_CONTEXT"	"REVIEW_REQUIRED"	"Mixed legacy alias; inspect operation and callers before edits"	"DCFD2318C522C3DFEDE22515ADC4D2F1A95CE17D853F21702618A46A8AA64579"
"HGame/Classes/Characters/Characters.uc"	"859"	"LOCAL_PLAYER_CONTEXT|GLOBAL_STORY_CONTEXT|AI_TARGET_CONTEXT"	"REVIEW_REQUIRED"	"Mixed legacy alias; inspect operation and callers before edits"	"DCFD2318C522C3DFEDE22515ADC4D2F1A95CE17D853F21702618A46A8AA64579"
"HGame/Classes/Characters/Characters.uc"	"862"	"LOCAL_PLAYER_CONTEXT|GLOBAL_STORY_CONTEXT|AI_TARGET_CONTEXT"	"REVIEW_REQUIRED"	"Mixed legacy alias; inspect operation and callers before edits"	"DCFD2318C522C3DFEDE22515ADC4D2F1A95CE17D853F21702618A46A8AA64579"
"HGame/Classes/Characters/Characters.uc"	"952"	"LOCAL_PLAYER_CONTEXT|GLOBAL_STORY_CONTEXT|AI_TARGET_CONTEXT"	"REVIEW_REQUIRED"	"Mixed legacy alias; inspect operation and callers before edits"	"DCFD2318C522C3DFEDE22515ADC4D2F1A95CE17D853F21702618A46A8AA64579"
"HGame/Classes/Characters/Characters.uc"	"964"	"LOCAL_PLAYER_CONTEXT|GLOBAL_STORY_CONTEXT|AI_TARGET_CONTEXT"	"REVIEW_REQUIRED"	"Mixed legacy alias; inspect operation and callers before edits"	"DCFD2318C522C3DFEDE22515ADC4D2F1A95CE17D853F21702618A46A8AA64579"
"HGame/Classes/Characters/Characters.uc"	"968"	"LOCAL_PLAYER_CONTEXT|GLOBAL_STORY_CONTEXT|AI_TARGET_CONTEXT"	"REVIEW_REQUIRED"	"Mixed legacy alias; inspect operation and callers before edits"	"DCFD2318C522C3DFEDE22515ADC4D2F1A95CE17D853F21702618A46A8AA64579"
"HGame/Classes/Characters/Characters.uc"	"1084"	"LOCAL_PLAYER_CONTEXT|GLOBAL_STORY_CONTEXT|AI_TARGET_CONTEXT"	"REVIEW_REQUIRED"	"Mixed legacy alias; inspect operation and callers before edits"	"DCFD2318C522C3DFEDE22515ADC4D2F1A95CE17D853F21702618A46A8AA64579"
"HGame/Classes/Characters/Characters.uc"	"1095"	"LOCAL_PLAYER_CONTEXT|GLOBAL_STORY_CONTEXT|AI_TARGET_CONTEXT"	"REVIEW_REQUIRED"	"Mixed legacy alias; inspect operation and callers before edits"	"DCFD2318C522C3DFEDE22515ADC4D2F1A95CE17D853F21702618A46A8AA64579"
"HGame/Classes/Characters/Characters.uc"	"1101"	"LOCAL_PLAYER_CONTEXT|GLOBAL_STORY_CONTEXT|AI_TARGET_CONTEXT"	"REVIEW_REQUIRED"	"Mixed legacy alias; inspect operation and callers before edits"	"DCFD2318C522C3DFEDE22515ADC4D2F1A95CE17D853F21702618A46A8AA64579"
"HGame/Classes/Bosses/Basilisk.uc"	"221"	"AI_TARGET_CONTEXT|GLOBAL_STORY_CONTEXT"	"REVIEW_REQUIRED"	"Combat candidate; verify carry owner, item recipient, boss/story effects"	"F5D84882FF83A3CB1D17EEE5A66521EB43644071895EE2C5A9FD45E30474EBCC"
"HGame/Classes/Bosses/Basilisk.uc"	"231"	"AI_TARGET_CONTEXT|GLOBAL_STORY_CONTEXT"	"REVIEW_REQUIRED"	"Combat candidate; verify carry owner, item recipient, boss/story effects"	"F5D84882FF83A3CB1D17EEE5A66521EB43644071895EE2C5A9FD45E30474EBCC"
"HGame/Classes/Bosses/Basilisk.uc"	"252"	"AI_TARGET_CONTEXT|GLOBAL_STORY_CONTEXT"	"REVIEW_REQUIRED"	"Combat candidate; verify carry owner, item recipient, boss/story effects"	"F5D84882FF83A3CB1D17EEE5A66521EB43644071895EE2C5A9FD45E30474EBCC"
"HGame/Classes/Bosses/Basilisk.uc"	"297"	"AI_TARGET_CONTEXT|GLOBAL_STORY_CONTEXT"	"REVIEW_REQUIRED"	"Combat candidate; verify carry owner, item recipient, boss/story effects"	"F5D84882FF83A3CB1D17EEE5A66521EB43644071895EE2C5A9FD45E30474EBCC"
"HGame/Classes/Bosses/Basilisk.uc"	"339"	"AI_TARGET_CONTEXT|GLOBAL_STORY_CONTEXT"	"REVIEW_REQUIRED"	"Combat candidate; verify carry owner, item recipient, boss/story effects"	"F5D84882FF83A3CB1D17EEE5A66521EB43644071895EE2C5A9FD45E30474EBCC"
"HGame/Classes/Bosses/Basilisk.uc"	"358"	"AI_TARGET_CONTEXT|GLOBAL_STORY_CONTEXT"	"REVIEW_REQUIRED"	"Combat candidate; verify carry owner, item recipient, boss/story effects"	"F5D84882FF83A3CB1D17EEE5A66521EB43644071895EE2C5A9FD45E30474EBCC"
"HGame/Classes/Bosses/Basilisk.uc"	"387"	"AI_TARGET_CONTEXT|GLOBAL_STORY_CONTEXT"	"REVIEW_REQUIRED"	"Combat candidate; verify carry owner, item recipient, boss/story effects"	"F5D84882FF83A3CB1D17EEE5A66521EB43644071895EE2C5A9FD45E30474EBCC"
"HGame/Classes/Bosses/Basilisk.uc"	"434"	"AI_TARGET_CONTEXT|GLOBAL_STORY_CONTEXT"	"REVIEW_REQUIRED"	"Combat candidate; verify carry owner, item recipient, boss/story effects"	"F5D84882FF83A3CB1D17EEE5A66521EB43644071895EE2C5A9FD45E30474EBCC"
"HGame/Classes/Bosses/Basilisk.uc"	"500"	"AI_TARGET_CONTEXT|GLOBAL_STORY_CONTEXT"	"REVIEW_REQUIRED"	"Combat candidate; verify carry owner, item recipient, boss/story effects"	"F5D84882FF83A3CB1D17EEE5A66521EB43644071895EE2C5A9FD45E30474EBCC"
"HGame/Classes/Bosses/Basilisk.uc"	"503"	"AI_TARGET_CONTEXT|GLOBAL_STORY_CONTEXT"	"REVIEW_REQUIRED"	"Combat candidate; verify carry owner, item recipient, boss/story effects"	"F5D84882FF83A3CB1D17EEE5A66521EB43644071895EE2C5A9FD45E30474EBCC"
"HGame/Classes/Bosses/Basilisk.uc"	"508"	"AI_TARGET_CONTEXT|GLOBAL_STORY_CONTEXT"	"REVIEW_REQUIRED"	"Combat candidate; verify carry owner, item recipient, boss/story effects"	"F5D84882FF83A3CB1D17EEE5A66521EB43644071895EE2C5A9FD45E30474EBCC"
"HGame/Classes/Bosses/Basilisk.uc"	"524"	"AI_TARGET_CONTEXT|GLOBAL_STORY_CONTEXT"	"REVIEW_REQUIRED"	"Combat candidate; verify carry owner, item recipient, boss/story effects"	"F5D84882FF83A3CB1D17EEE5A66521EB43644071895EE2C5A9FD45E30474EBCC"
"HGame/Classes/Bosses/Basilisk.uc"	"545"	"AI_TARGET_CONTEXT|GLOBAL_STORY_CONTEXT"	"REVIEW_REQUIRED"	"Combat candidate; verify carry owner, item recipient, boss/story effects"	"F5D84882FF83A3CB1D17EEE5A66521EB43644071895EE2C5A9FD45E30474EBCC"
"HGame/Classes/Bosses/Basilisk.uc"	"631"	"AI_TARGET_CONTEXT|GLOBAL_STORY_CONTEXT"	"REVIEW_REQUIRED"	"Combat candidate; verify carry owner, item recipient, boss/story effects"	"F5D84882FF83A3CB1D17EEE5A66521EB43644071895EE2C5A9FD45E30474EBCC"
"HGame/Classes/Bosses/Basilisk.uc"	"633"	"AI_TARGET_CONTEXT|GLOBAL_STORY_CONTEXT"	"REVIEW_REQUIRED"	"Combat candidate; verify carry owner, item recipient, boss/story effects"	"F5D84882FF83A3CB1D17EEE5A66521EB43644071895EE2C5A9FD45E30474EBCC"
"HGame/Classes/Bosses/Basilisk.uc"	"701"	"AI_TARGET_CONTEXT|GLOBAL_STORY_CONTEXT"	"REVIEW_REQUIRED"	"Combat candidate; verify carry owner, item recipient, boss/story effects"	"F5D84882FF83A3CB1D17EEE5A66521EB43644071895EE2C5A9FD45E30474EBCC"
"HGame/Classes/Bosses/Basilisk.uc"	"724"	"AI_TARGET_CONTEXT|GLOBAL_STORY_CONTEXT"	"REVIEW_REQUIRED"	"Combat candidate; verify carry owner, item recipient, boss/story effects"	"F5D84882FF83A3CB1D17EEE5A66521EB43644071895EE2C5A9FD45E30474EBCC"
"HGame/Classes/Bosses/Basilisk.uc"	"726"	"AI_TARGET_CONTEXT|GLOBAL_STORY_CONTEXT"	"REVIEW_REQUIRED"	"Combat candidate; verify carry owner, item recipient, boss/story effects"	"F5D84882FF83A3CB1D17EEE5A66521EB43644071895EE2C5A9FD45E30474EBCC"
"HGame/Classes/Bosses/Basilisk.uc"	"729"	"AI_TARGET_CONTEXT|GLOBAL_STORY_CONTEXT"	"REVIEW_REQUIRED"	"Combat candidate; verify carry owner, item recipient, boss/story effects"	"F5D84882FF83A3CB1D17EEE5A66521EB43644071895EE2C5A9FD45E30474EBCC"
"HGame/Classes/Bosses/Basilisk.uc"	"735"	"AI_TARGET_CONTEXT|GLOBAL_STORY_CONTEXT"	"REVIEW_REQUIRED"	"Combat candidate; verify carry owner, item recipient, boss/story effects"	"F5D84882FF83A3CB1D17EEE5A66521EB43644071895EE2C5A9FD45E30474EBCC"
"HGame/Classes/Bosses/Basilisk.uc"	"768"	"AI_TARGET_CONTEXT|GLOBAL_STORY_CONTEXT"	"REVIEW_REQUIRED"	"Combat candidate; verify carry owner, item recipient, boss/story effects"	"F5D84882FF83A3CB1D17EEE5A66521EB43644071895EE2C5A9FD45E30474EBCC"
"HGame/Classes/Bosses/Basilisk.uc"	"770"	"AI_TARGET_CONTEXT|GLOBAL_STORY_CONTEXT"	"REVIEW_REQUIRED"	"Combat candidate; verify carry owner, item recipient, boss/story effects"	"F5D84882FF83A3CB1D17EEE5A66521EB43644071895EE2C5A9FD45E30474EBCC"
"HGame/Classes/Bosses/Basilisk.uc"	"797"	"AI_TARGET_CONTEXT|GLOBAL_STORY_CONTEXT"	"REVIEW_REQUIRED"	"Combat candidate; verify carry owner, item recipient, boss/story effects"	"F5D84882FF83A3CB1D17EEE5A66521EB43644071895EE2C5A9FD45E30474EBCC"
"HGame/Classes/Bosses/Basilisk.uc"	"855"	"AI_TARGET_CONTEXT|GLOBAL_STORY_CONTEXT"	"REVIEW_REQUIRED"	"Combat candidate; verify carry owner, item recipient, boss/story effects"	"F5D84882FF83A3CB1D17EEE5A66521EB43644071895EE2C5A9FD45E30474EBCC"
"HGame/Classes/Bosses/Basilisk.uc"	"896"	"AI_TARGET_CONTEXT|GLOBAL_STORY_CONTEXT"	"REVIEW_REQUIRED"	"Combat candidate; verify carry owner, item recipient, boss/story effects"	"F5D84882FF83A3CB1D17EEE5A66521EB43644071895EE2C5A9FD45E30474EBCC"
"HGame/Classes/Bosses/Basilisk.uc"	"911"	"AI_TARGET_CONTEXT|GLOBAL_STORY_CONTEXT"	"REVIEW_REQUIRED"	"Combat candidate; verify carry owner, item recipient, boss/story effects"	"F5D84882FF83A3CB1D17EEE5A66521EB43644071895EE2C5A9FD45E30474EBCC"
"HGame/Classes/Bosses/Basilisk.uc"	"953"	"AI_TARGET_CONTEXT|GLOBAL_STORY_CONTEXT"	"REVIEW_REQUIRED"	"Combat candidate; verify carry owner, item recipient, boss/story effects"	"F5D84882FF83A3CB1D17EEE5A66521EB43644071895EE2C5A9FD45E30474EBCC"
"HGame/Classes/Bosses/Basilisk.uc"	"954"	"AI_TARGET_CONTEXT|GLOBAL_STORY_CONTEXT"	"REVIEW_REQUIRED"	"Combat candidate; verify carry owner, item recipient, boss/story effects"	"F5D84882FF83A3CB1D17EEE5A66521EB43644071895EE2C5A9FD45E30474EBCC"
"HGame/Classes/Bosses/Basilisk.uc"	"955"	"AI_TARGET_CONTEXT|GLOBAL_STORY_CONTEXT"	"REVIEW_REQUIRED"	"Combat candidate; verify carry owner, item recipient, boss/story effects"	"F5D84882FF83A3CB1D17EEE5A66521EB43644071895EE2C5A9FD45E30474EBCC"
"HGame/Classes/Bosses/Basilisk.uc"	"956"	"AI_TARGET_CONTEXT|GLOBAL_STORY_CONTEXT"	"REVIEW_REQUIRED"	"Combat candidate; verify carry owner, item recipient, boss/story effects"	"F5D84882FF83A3CB1D17EEE5A66521EB43644071895EE2C5A9FD45E30474EBCC"
"HGame/Classes/Bosses/Basilisk.uc"	"958"	"AI_TARGET_CONTEXT|GLOBAL_STORY_CONTEXT"	"REVIEW_REQUIRED"	"Combat candidate; verify carry owner, item recipient, boss/story effects"	"F5D84882FF83A3CB1D17EEE5A66521EB43644071895EE2C5A9FD45E30474EBCC"
"HGame/Classes/Bosses/Basilisk.uc"	"960"	"AI_TARGET_CONTEXT|GLOBAL_STORY_CONTEXT"	"REVIEW_REQUIRED"	"Combat candidate; verify carry owner, item recipient, boss/story effects"	"F5D84882FF83A3CB1D17EEE5A66521EB43644071895EE2C5A9FD45E30474EBCC"
"HGame/Classes/Bosses/Basilisk.uc"	"967"	"AI_TARGET_CONTEXT|GLOBAL_STORY_CONTEXT"	"REVIEW_REQUIRED"	"Combat candidate; verify carry owner, item recipient, boss/story effects"	"F5D84882FF83A3CB1D17EEE5A66521EB43644071895EE2C5A9FD45E30474EBCC"
"HGame/Classes/Bosses/Basilisk.uc"	"968"	"AI_TARGET_CONTEXT|GLOBAL_STORY_CONTEXT"	"REVIEW_REQUIRED"	"Combat candidate; verify carry owner, item recipient, boss/story effects"	"F5D84882FF83A3CB1D17EEE5A66521EB43644071895EE2C5A9FD45E30474EBCC"
"HGame/Classes/Bosses/Basilisk.uc"	"972"	"AI_TARGET_CONTEXT|GLOBAL_STORY_CONTEXT"	"REVIEW_REQUIRED"	"Combat candidate; verify carry owner, item recipient, boss/story effects"	"F5D84882FF83A3CB1D17EEE5A66521EB43644071895EE2C5A9FD45E30474EBCC"
"HGame/Classes/Bosses/Basilisk.uc"	"973"	"AI_TARGET_CONTEXT|GLOBAL_STORY_CONTEXT"	"REVIEW_REQUIRED"	"Combat candidate; verify carry owner, item recipient, boss/story effects"	"F5D84882FF83A3CB1D17EEE5A66521EB43644071895EE2C5A9FD45E30474EBCC"
"HGame/Classes/Bosses/Basilisk.uc"	"975"	"AI_TARGET_CONTEXT|GLOBAL_STORY_CONTEXT"	"REVIEW_REQUIRED"	"Combat candidate; verify carry owner, item recipient, boss/story effects"	"F5D84882FF83A3CB1D17EEE5A66521EB43644071895EE2C5A9FD45E30474EBCC"
"HGame/Classes/Bosses/Basilisk.uc"	"977"	"AI_TARGET_CONTEXT|GLOBAL_STORY_CONTEXT"	"REVIEW_REQUIRED"	"Combat candidate; verify carry owner, item recipient, boss/story effects"	"F5D84882FF83A3CB1D17EEE5A66521EB43644071895EE2C5A9FD45E30474EBCC"
"HGame/Classes/Bosses/Basilisk.uc"	"982"	"AI_TARGET_CONTEXT|GLOBAL_STORY_CONTEXT"	"REVIEW_REQUIRED"	"Combat candidate; verify carry owner, item recipient, boss/story effects"	"F5D84882FF83A3CB1D17EEE5A66521EB43644071895EE2C5A9FD45E30474EBCC"
"HGame/Classes/Bosses/Basilisk.uc"	"998"	"AI_TARGET_CONTEXT|GLOBAL_STORY_CONTEXT"	"REVIEW_REQUIRED"	"Combat candidate; verify carry owner, item recipient, boss/story effects"	"F5D84882FF83A3CB1D17EEE5A66521EB43644071895EE2C5A9FD45E30474EBCC"
"HGame/Classes/Bosses/Basilisk.uc"	"1049"	"AI_TARGET_CONTEXT|GLOBAL_STORY_CONTEXT"	"REVIEW_REQUIRED"	"Combat candidate; verify carry owner, item recipient, boss/story effects"	"F5D84882FF83A3CB1D17EEE5A66521EB43644071895EE2C5A9FD45E30474EBCC"
"HGame/Classes/Bosses/Basilisk.uc"	"1071"	"AI_TARGET_CONTEXT|GLOBAL_STORY_CONTEXT"	"REVIEW_REQUIRED"	"Combat candidate; verify carry owner, item recipient, boss/story effects"	"F5D84882FF83A3CB1D17EEE5A66521EB43644071895EE2C5A9FD45E30474EBCC"
"HGame/Classes/Bosses/Basilisk.uc"	"1077"	"AI_TARGET_CONTEXT|GLOBAL_STORY_CONTEXT"	"REVIEW_REQUIRED"	"Combat candidate; verify carry owner, item recipient, boss/story effects"	"F5D84882FF83A3CB1D17EEE5A66521EB43644071895EE2C5A9FD45E30474EBCC"
"HGame/Classes/Bosses/Basilisk.uc"	"1081"	"AI_TARGET_CONTEXT|GLOBAL_STORY_CONTEXT"	"REVIEW_REQUIRED"	"Combat candidate; verify carry owner, item recipient, boss/story effects"	"F5D84882FF83A3CB1D17EEE5A66521EB43644071895EE2C5A9FD45E30474EBCC"
"HGame/Classes/Bosses/Basilisk.uc"	"1086"	"AI_TARGET_CONTEXT|GLOBAL_STORY_CONTEXT"	"REVIEW_REQUIRED"	"Combat candidate; verify carry owner, item recipient, boss/story effects"	"F5D84882FF83A3CB1D17EEE5A66521EB43644071895EE2C5A9FD45E30474EBCC"
"HGame/Classes/Bosses/Basilisk.uc"	"1208"	"AI_TARGET_CONTEXT|GLOBAL_STORY_CONTEXT"	"REVIEW_REQUIRED"	"Combat candidate; verify carry owner, item recipient, boss/story effects"	"F5D84882FF83A3CB1D17EEE5A66521EB43644071895EE2C5A9FD45E30474EBCC"
"HGame/Classes/Bosses/Basilisk.uc"	"1264"	"AI_TARGET_CONTEXT|GLOBAL_STORY_CONTEXT"	"REVIEW_REQUIRED"	"Combat candidate; verify carry owner, item recipient, boss/story effects"	"F5D84882FF83A3CB1D17EEE5A66521EB43644071895EE2C5A9FD45E30474EBCC"
"HGame/Classes/Bosses/Basilisk.uc"	"1266"	"AI_TARGET_CONTEXT|GLOBAL_STORY_CONTEXT"	"REVIEW_REQUIRED"	"Combat candidate; verify carry owner, item recipient, boss/story effects"	"F5D84882FF83A3CB1D17EEE5A66521EB43644071895EE2C5A9FD45E30474EBCC"
"HGame/Classes/Bosses/Basilisk.uc"	"1276"	"AI_TARGET_CONTEXT|GLOBAL_STORY_CONTEXT"	"REVIEW_REQUIRED"	"Combat candidate; verify carry owner, item recipient, boss/story effects"	"F5D84882FF83A3CB1D17EEE5A66521EB43644071895EE2C5A9FD45E30474EBCC"
"HGame/Classes/Bosses/Basilisk.uc"	"1279"	"AI_TARGET_CONTEXT|GLOBAL_STORY_CONTEXT"	"REVIEW_REQUIRED"	"Combat candidate; verify carry owner, item recipient, boss/story effects"	"F5D84882FF83A3CB1D17EEE5A66521EB43644071895EE2C5A9FD45E30474EBCC"
"HGame/Classes/Bosses/Basilisk.uc"	"1490"	"AI_TARGET_CONTEXT|GLOBAL_STORY_CONTEXT"	"REVIEW_REQUIRED"	"Combat candidate; verify carry owner, item recipient, boss/story effects"	"F5D84882FF83A3CB1D17EEE5A66521EB43644071895EE2C5A9FD45E30474EBCC"
"HGame/Classes/Bosses/Basilisk.uc"	"1501"	"AI_TARGET_CONTEXT|GLOBAL_STORY_CONTEXT"	"REVIEW_REQUIRED"	"Combat candidate; verify carry owner, item recipient, boss/story effects"	"F5D84882FF83A3CB1D17EEE5A66521EB43644071895EE2C5A9FD45E30474EBCC"
"HGame/Classes/Bosses/Basilisk.uc"	"1503"	"AI_TARGET_CONTEXT|GLOBAL_STORY_CONTEXT"	"REVIEW_REQUIRED"	"Combat candidate; verify carry owner, item recipient, boss/story effects"	"F5D84882FF83A3CB1D17EEE5A66521EB43644071895EE2C5A9FD45E30474EBCC"
"HGame/Classes/Bosses/Basilisk.uc"	"1562"	"AI_TARGET_CONTEXT|GLOBAL_STORY_CONTEXT"	"REVIEW_REQUIRED"	"Combat candidate; verify carry owner, item recipient, boss/story effects"	"F5D84882FF83A3CB1D17EEE5A66521EB43644071895EE2C5A9FD45E30474EBCC"
"HGame/Classes/Bosses/Basilisk.uc"	"1563"	"AI_TARGET_CONTEXT|GLOBAL_STORY_CONTEXT"	"REVIEW_REQUIRED"	"Combat candidate; verify carry owner, item recipient, boss/story effects"	"F5D84882FF83A3CB1D17EEE5A66521EB43644071895EE2C5A9FD45E30474EBCC"
"HGame/Classes/Bosses/Basilisk.uc"	"1565"	"AI_TARGET_CONTEXT|GLOBAL_STORY_CONTEXT"	"REVIEW_REQUIRED"	"Combat candidate; verify carry owner, item recipient, boss/story effects"	"F5D84882FF83A3CB1D17EEE5A66521EB43644071895EE2C5A9FD45E30474EBCC"
"HGame/Classes/Bosses/Basilisk.uc"	"1567"	"AI_TARGET_CONTEXT|GLOBAL_STORY_CONTEXT"	"REVIEW_REQUIRED"	"Combat candidate; verify carry owner, item recipient, boss/story effects"	"F5D84882FF83A3CB1D17EEE5A66521EB43644071895EE2C5A9FD45E30474EBCC"
"HGame/Classes/Bosses/Basilisk.uc"	"1574"	"AI_TARGET_CONTEXT|GLOBAL_STORY_CONTEXT"	"REVIEW_REQUIRED"	"Combat candidate; verify carry owner, item recipient, boss/story effects"	"F5D84882FF83A3CB1D17EEE5A66521EB43644071895EE2C5A9FD45E30474EBCC"
"HGame/Classes/Bosses/Basilisk.uc"	"1580"	"AI_TARGET_CONTEXT|GLOBAL_STORY_CONTEXT"	"REVIEW_REQUIRED"	"Combat candidate; verify carry owner, item recipient, boss/story effects"	"F5D84882FF83A3CB1D17EEE5A66521EB43644071895EE2C5A9FD45E30474EBCC"
"HGame/Classes/Bosses/Basilisk.uc"	"1584"	"AI_TARGET_CONTEXT|GLOBAL_STORY_CONTEXT"	"REVIEW_REQUIRED"	"Combat candidate; verify carry owner, item recipient, boss/story effects"	"F5D84882FF83A3CB1D17EEE5A66521EB43644071895EE2C5A9FD45E30474EBCC"
"HGame/Classes/Bosses/Basilisk.uc"	"1645"	"AI_TARGET_CONTEXT|GLOBAL_STORY_CONTEXT"	"REVIEW_REQUIRED"	"Combat candidate; verify carry owner, item recipient, boss/story effects"	"F5D84882FF83A3CB1D17EEE5A66521EB43644071895EE2C5A9FD45E30474EBCC"
"HGame/Classes/Bosses/Basilisk.uc"	"1647"	"AI_TARGET_CONTEXT|GLOBAL_STORY_CONTEXT"	"REVIEW_REQUIRED"	"Combat candidate; verify carry owner, item recipient, boss/story effects"	"F5D84882FF83A3CB1D17EEE5A66521EB43644071895EE2C5A9FD45E30474EBCC"
"HGame/Classes/Bosses/Basilisk.uc"	"1707"	"AI_TARGET_CONTEXT|GLOBAL_STORY_CONTEXT"	"REVIEW_REQUIRED"	"Combat candidate; verify carry owner, item recipient, boss/story effects"	"F5D84882FF83A3CB1D17EEE5A66521EB43644071895EE2C5A9FD45E30474EBCC"
"HGame/Classes/Bosses/Basilisk.uc"	"1729"	"AI_TARGET_CONTEXT|GLOBAL_STORY_CONTEXT"	"REVIEW_REQUIRED"	"Combat candidate; verify carry owner, item recipient, boss/story effects"	"F5D84882FF83A3CB1D17EEE5A66521EB43644071895EE2C5A9FD45E30474EBCC"
"HGame/Classes/Bosses/Basilisk.uc"	"1753"	"AI_TARGET_CONTEXT|GLOBAL_STORY_CONTEXT"	"REVIEW_REQUIRED"	"Combat candidate; verify carry owner, item recipient, boss/story effects"	"F5D84882FF83A3CB1D17EEE5A66521EB43644071895EE2C5A9FD45E30474EBCC"
"HGame/Classes/Bosses/Basilisk.uc"	"1756"	"AI_TARGET_CONTEXT|GLOBAL_STORY_CONTEXT"	"REVIEW_REQUIRED"	"Combat candidate; verify carry owner, item recipient, boss/story effects"	"F5D84882FF83A3CB1D17EEE5A66521EB43644071895EE2C5A9FD45E30474EBCC"
"HGame/Classes/Bosses/Basilisk.uc"	"1759"	"AI_TARGET_CONTEXT|GLOBAL_STORY_CONTEXT"	"REVIEW_REQUIRED"	"Combat candidate; verify carry owner, item recipient, boss/story effects"	"F5D84882FF83A3CB1D17EEE5A66521EB43644071895EE2C5A9FD45E30474EBCC"
"HGame/Classes/Bosses/Basilisk.uc"	"1762"	"AI_TARGET_CONTEXT|GLOBAL_STORY_CONTEXT"	"REVIEW_REQUIRED"	"Combat candidate; verify carry owner, item recipient, boss/story effects"	"F5D84882FF83A3CB1D17EEE5A66521EB43644071895EE2C5A9FD45E30474EBCC"
"HGame/Classes/Bosses/Basilisk.uc"	"1784"	"AI_TARGET_CONTEXT|GLOBAL_STORY_CONTEXT"	"REVIEW_REQUIRED"	"Combat candidate; verify carry owner, item recipient, boss/story effects"	"F5D84882FF83A3CB1D17EEE5A66521EB43644071895EE2C5A9FD45E30474EBCC"
"HGame/Classes/Bosses/Basilisk.uc"	"1845"	"AI_TARGET_CONTEXT|GLOBAL_STORY_CONTEXT"	"REVIEW_REQUIRED"	"Combat candidate; verify carry owner, item recipient, boss/story effects"	"F5D84882FF83A3CB1D17EEE5A66521EB43644071895EE2C5A9FD45E30474EBCC"
"HGame/Classes/Bosses/Basilisk.uc"	"1848"	"AI_TARGET_CONTEXT|GLOBAL_STORY_CONTEXT"	"REVIEW_REQUIRED"	"Combat candidate; verify carry owner, item recipient, boss/story effects"	"F5D84882FF83A3CB1D17EEE5A66521EB43644071895EE2C5A9FD45E30474EBCC"
"HGame/Classes/Bosses/Basilisk.uc"	"1859"	"AI_TARGET_CONTEXT|GLOBAL_STORY_CONTEXT"	"REVIEW_REQUIRED"	"Combat candidate; verify carry owner, item recipient, boss/story effects"	"F5D84882FF83A3CB1D17EEE5A66521EB43644071895EE2C5A9FD45E30474EBCC"
"HGame/Classes/Bosses/Basilisk.uc"	"1868"	"AI_TARGET_CONTEXT|GLOBAL_STORY_CONTEXT"	"REVIEW_REQUIRED"	"Combat candidate; verify carry owner, item recipient, boss/story effects"	"F5D84882FF83A3CB1D17EEE5A66521EB43644071895EE2C5A9FD45E30474EBCC"
"HGame/Classes/Bosses/Basilisk.uc"	"1910"	"AI_TARGET_CONTEXT|GLOBAL_STORY_CONTEXT"	"REVIEW_REQUIRED"	"Combat candidate; verify carry owner, item recipient, boss/story effects"	"F5D84882FF83A3CB1D17EEE5A66521EB43644071895EE2C5A9FD45E30474EBCC"
"HGame/Classes/Bosses/Basilisk.uc"	"1991"	"AI_TARGET_CONTEXT|GLOBAL_STORY_CONTEXT"	"REVIEW_REQUIRED"	"Combat candidate; verify carry owner, item recipient, boss/story effects"	"F5D84882FF83A3CB1D17EEE5A66521EB43644071895EE2C5A9FD45E30474EBCC"
"HGame/Classes/Bosses/Basilisk.uc"	"2037"	"AI_TARGET_CONTEXT|GLOBAL_STORY_CONTEXT"	"REVIEW_REQUIRED"	"Combat candidate; verify carry owner, item recipient, boss/story effects"	"F5D84882FF83A3CB1D17EEE5A66521EB43644071895EE2C5A9FD45E30474EBCC"
"HGame/Classes/Bosses/Basilisk.uc"	"2038"	"AI_TARGET_CONTEXT|GLOBAL_STORY_CONTEXT"	"REVIEW_REQUIRED"	"Combat candidate; verify carry owner, item recipient, boss/story effects"	"F5D84882FF83A3CB1D17EEE5A66521EB43644071895EE2C5A9FD45E30474EBCC"
"HGame/Classes/Bosses/Basilisk.uc"	"2043"	"AI_TARGET_CONTEXT|GLOBAL_STORY_CONTEXT"	"REVIEW_REQUIRED"	"Combat candidate; verify carry owner, item recipient, boss/story effects"	"F5D84882FF83A3CB1D17EEE5A66521EB43644071895EE2C5A9FD45E30474EBCC"
"HGame/Classes/Bosses/Basilisk.uc"	"2114"	"AI_TARGET_CONTEXT|GLOBAL_STORY_CONTEXT"	"REVIEW_REQUIRED"	"Combat candidate; verify carry owner, item recipient, boss/story effects"	"F5D84882FF83A3CB1D17EEE5A66521EB43644071895EE2C5A9FD45E30474EBCC"
"HGame/Classes/Bosses/Basilisk.uc"	"2118"	"AI_TARGET_CONTEXT|GLOBAL_STORY_CONTEXT"	"REVIEW_REQUIRED"	"Combat candidate; verify carry owner, item recipient, boss/story effects"	"F5D84882FF83A3CB1D17EEE5A66521EB43644071895EE2C5A9FD45E30474EBCC"
"HGame/Classes/Bosses/Basilisk.uc"	"2160"	"AI_TARGET_CONTEXT|GLOBAL_STORY_CONTEXT"	"REVIEW_REQUIRED"	"Combat candidate; verify carry owner, item recipient, boss/story effects"	"F5D84882FF83A3CB1D17EEE5A66521EB43644071895EE2C5A9FD45E30474EBCC"
"HGame/Classes/Bosses/Basilisk.uc"	"2167"	"AI_TARGET_CONTEXT|GLOBAL_STORY_CONTEXT"	"REVIEW_REQUIRED"	"Combat candidate; verify carry owner, item recipient, boss/story effects"	"F5D84882FF83A3CB1D17EEE5A66521EB43644071895EE2C5A9FD45E30474EBCC"
"HGame/Classes/Bosses/Basilisk.uc"	"2168"	"AI_TARGET_CONTEXT|GLOBAL_STORY_CONTEXT"	"REVIEW_REQUIRED"	"Combat candidate; verify carry owner, item recipient, boss/story effects"	"F5D84882FF83A3CB1D17EEE5A66521EB43644071895EE2C5A9FD45E30474EBCC"
"HGame/Classes/Bosses/Basilisk.uc"	"2169"	"AI_TARGET_CONTEXT|GLOBAL_STORY_CONTEXT"	"REVIEW_REQUIRED"	"Combat candidate; verify carry owner, item recipient, boss/story effects"	"F5D84882FF83A3CB1D17EEE5A66521EB43644071895EE2C5A9FD45E30474EBCC"
"HGame/Classes/Bosses/Basilisk.uc"	"2170"	"AI_TARGET_CONTEXT|GLOBAL_STORY_CONTEXT"	"REVIEW_REQUIRED"	"Combat candidate; verify carry owner, item recipient, boss/story effects"	"F5D84882FF83A3CB1D17EEE5A66521EB43644071895EE2C5A9FD45E30474EBCC"
"HGame/Classes/Bosses/Basilisk.uc"	"2171"	"AI_TARGET_CONTEXT|GLOBAL_STORY_CONTEXT"	"REVIEW_REQUIRED"	"Combat candidate; verify carry owner, item recipient, boss/story effects"	"F5D84882FF83A3CB1D17EEE5A66521EB43644071895EE2C5A9FD45E30474EBCC"
"HGame/Classes/Bosses/Basilisk.uc"	"2174"	"AI_TARGET_CONTEXT|GLOBAL_STORY_CONTEXT"	"REVIEW_REQUIRED"	"Combat candidate; verify carry owner, item recipient, boss/story effects"	"F5D84882FF83A3CB1D17EEE5A66521EB43644071895EE2C5A9FD45E30474EBCC"
"HGame/Classes/Bosses/Basilisk.uc"	"2175"	"AI_TARGET_CONTEXT|GLOBAL_STORY_CONTEXT"	"REVIEW_REQUIRED"	"Combat candidate; verify carry owner, item recipient, boss/story effects"	"F5D84882FF83A3CB1D17EEE5A66521EB43644071895EE2C5A9FD45E30474EBCC"
"HGame/Classes/Bosses/Basilisk.uc"	"2176"	"AI_TARGET_CONTEXT|GLOBAL_STORY_CONTEXT"	"REVIEW_REQUIRED"	"Combat candidate; verify carry owner, item recipient, boss/story effects"	"F5D84882FF83A3CB1D17EEE5A66521EB43644071895EE2C5A9FD45E30474EBCC"
"HGame/Classes/Bosses/Basilisk.uc"	"2177"	"AI_TARGET_CONTEXT|GLOBAL_STORY_CONTEXT"	"REVIEW_REQUIRED"	"Combat candidate; verify carry owner, item recipient, boss/story effects"	"F5D84882FF83A3CB1D17EEE5A66521EB43644071895EE2C5A9FD45E30474EBCC"
"HGame/Classes/Bosses/Basilisk.uc"	"2181"	"AI_TARGET_CONTEXT|GLOBAL_STORY_CONTEXT"	"REVIEW_REQUIRED"	"Combat candidate; verify carry owner, item recipient, boss/story effects"	"F5D84882FF83A3CB1D17EEE5A66521EB43644071895EE2C5A9FD45E30474EBCC"
"HGame/Classes/Bosses/Basilisk.uc"	"2182"	"AI_TARGET_CONTEXT|GLOBAL_STORY_CONTEXT"	"REVIEW_REQUIRED"	"Combat candidate; verify carry owner, item recipient, boss/story effects"	"F5D84882FF83A3CB1D17EEE5A66521EB43644071895EE2C5A9FD45E30474EBCC"
"HGame/Classes/Bosses/Basilisk.uc"	"2183"	"AI_TARGET_CONTEXT|GLOBAL_STORY_CONTEXT"	"REVIEW_REQUIRED"	"Combat candidate; verify carry owner, item recipient, boss/story effects"	"F5D84882FF83A3CB1D17EEE5A66521EB43644071895EE2C5A9FD45E30474EBCC"
"HGame/Classes/Bosses/Basilisk.uc"	"2210"	"AI_TARGET_CONTEXT|GLOBAL_STORY_CONTEXT"	"REVIEW_REQUIRED"	"Combat candidate; verify carry owner, item recipient, boss/story effects"	"F5D84882FF83A3CB1D17EEE5A66521EB43644071895EE2C5A9FD45E30474EBCC"
"HGame/Classes/Bosses/Basilisk.uc"	"2211"	"AI_TARGET_CONTEXT|GLOBAL_STORY_CONTEXT"	"REVIEW_REQUIRED"	"Combat candidate; verify carry owner, item recipient, boss/story effects"	"F5D84882FF83A3CB1D17EEE5A66521EB43644071895EE2C5A9FD45E30474EBCC"
"HGame/Classes/Bosses/Basilisk.uc"	"2212"	"AI_TARGET_CONTEXT|GLOBAL_STORY_CONTEXT"	"REVIEW_REQUIRED"	"Combat candidate; verify carry owner, item recipient, boss/story effects"	"F5D84882FF83A3CB1D17EEE5A66521EB43644071895EE2C5A9FD45E30474EBCC"
"HGame/Classes/Bosses/Basilisk.uc"	"2213"	"AI_TARGET_CONTEXT|GLOBAL_STORY_CONTEXT"	"REVIEW_REQUIRED"	"Combat candidate; verify carry owner, item recipient, boss/story effects"	"F5D84882FF83A3CB1D17EEE5A66521EB43644071895EE2C5A9FD45E30474EBCC"
"HGame/Classes/Bosses/Basilisk.uc"	"2214"	"AI_TARGET_CONTEXT|GLOBAL_STORY_CONTEXT"	"REVIEW_REQUIRED"	"Combat candidate; verify carry owner, item recipient, boss/story effects"	"F5D84882FF83A3CB1D17EEE5A66521EB43644071895EE2C5A9FD45E30474EBCC"
"HGame/Classes/Bosses/Basilisk.uc"	"2235"	"AI_TARGET_CONTEXT|GLOBAL_STORY_CONTEXT"	"REVIEW_REQUIRED"	"Combat candidate; verify carry owner, item recipient, boss/story effects"	"F5D84882FF83A3CB1D17EEE5A66521EB43644071895EE2C5A9FD45E30474EBCC"
"HGame/Classes/Bosses/Basilisk.uc"	"2270"	"AI_TARGET_CONTEXT|GLOBAL_STORY_CONTEXT"	"REVIEW_REQUIRED"	"Combat candidate; verify carry owner, item recipient, boss/story effects"	"F5D84882FF83A3CB1D17EEE5A66521EB43644071895EE2C5A9FD45E30474EBCC"
"HGame/Classes/Bosses/Basilisk.uc"	"2296"	"AI_TARGET_CONTEXT|GLOBAL_STORY_CONTEXT"	"REVIEW_REQUIRED"	"Combat candidate; verify carry owner, item recipient, boss/story effects"	"F5D84882FF83A3CB1D17EEE5A66521EB43644071895EE2C5A9FD45E30474EBCC"
"HGame/Classes/Bosses/Basilisk.uc"	"2299"	"AI_TARGET_CONTEXT|GLOBAL_STORY_CONTEXT"	"REVIEW_REQUIRED"	"Combat candidate; verify carry owner, item recipient, boss/story effects"	"F5D84882FF83A3CB1D17EEE5A66521EB43644071895EE2C5A9FD45E30474EBCC"
"HGame/Classes/Bosses/Basilisk.uc"	"2303"	"AI_TARGET_CONTEXT|GLOBAL_STORY_CONTEXT"	"REVIEW_REQUIRED"	"Combat candidate; verify carry owner, item recipient, boss/story effects"	"F5D84882FF83A3CB1D17EEE5A66521EB43644071895EE2C5A9FD45E30474EBCC"
"HGame/Classes/Bosses/Basilisk.uc"	"2305"	"AI_TARGET_CONTEXT|GLOBAL_STORY_CONTEXT"	"REVIEW_REQUIRED"	"Combat candidate; verify carry owner, item recipient, boss/story effects"	"F5D84882FF83A3CB1D17EEE5A66521EB43644071895EE2C5A9FD45E30474EBCC"
"HGame/Classes/Bosses/Basilisk.uc"	"2334"	"AI_TARGET_CONTEXT|GLOBAL_STORY_CONTEXT"	"REVIEW_REQUIRED"	"Combat candidate; verify carry owner, item recipient, boss/story effects"	"F5D84882FF83A3CB1D17EEE5A66521EB43644071895EE2C5A9FD45E30474EBCC"
"HGame/Classes/Bosses/Basilisk.uc"	"2337"	"AI_TARGET_CONTEXT|GLOBAL_STORY_CONTEXT"	"REVIEW_REQUIRED"	"Combat candidate; verify carry owner, item recipient, boss/story effects"	"F5D84882FF83A3CB1D17EEE5A66521EB43644071895EE2C5A9FD45E30474EBCC"
"HGame/Classes/Bosses/Basilisk.uc"	"2343"	"AI_TARGET_CONTEXT|GLOBAL_STORY_CONTEXT"	"REVIEW_REQUIRED"	"Combat candidate; verify carry owner, item recipient, boss/story effects"	"F5D84882FF83A3CB1D17EEE5A66521EB43644071895EE2C5A9FD45E30474EBCC"
"HGame/Classes/Bosses/Basilisk.uc"	"2346"	"AI_TARGET_CONTEXT|GLOBAL_STORY_CONTEXT"	"REVIEW_REQUIRED"	"Combat candidate; verify carry owner, item recipient, boss/story effects"	"F5D84882FF83A3CB1D17EEE5A66521EB43644071895EE2C5A9FD45E30474EBCC"
"HGame/Classes/Bosses/Peeves.uc"	"162"	"AI_TARGET_CONTEXT|GLOBAL_STORY_CONTEXT"	"REVIEW_REQUIRED"	"Combat candidate; verify carry owner, item recipient, boss/story effects"	"2430D81BAEA8F86C3848F86630B5636E06A7F2D8A0BFBF26C2B04B5952D5885F"
"HGame/Classes/Bosses/Peeves.uc"	"319"	"AI_TARGET_CONTEXT|GLOBAL_STORY_CONTEXT"	"REVIEW_REQUIRED"	"Combat candidate; verify carry owner, item recipient, boss/story effects"	"2430D81BAEA8F86C3848F86630B5636E06A7F2D8A0BFBF26C2B04B5952D5885F"
"HGame/Classes/Bosses/Peeves.uc"	"333"	"AI_TARGET_CONTEXT|GLOBAL_STORY_CONTEXT"	"REVIEW_REQUIRED"	"Combat candidate; verify carry owner, item recipient, boss/story effects"	"2430D81BAEA8F86C3848F86630B5636E06A7F2D8A0BFBF26C2B04B5952D5885F"
"HGame/Classes/Bosses/Peeves.uc"	"369"	"AI_TARGET_CONTEXT|GLOBAL_STORY_CONTEXT"	"REVIEW_REQUIRED"	"Combat candidate; verify carry owner, item recipient, boss/story effects"	"2430D81BAEA8F86C3848F86630B5636E06A7F2D8A0BFBF26C2B04B5952D5885F"
"HGame/Classes/Bosses/Peeves.uc"	"383"	"AI_TARGET_CONTEXT|GLOBAL_STORY_CONTEXT"	"REVIEW_REQUIRED"	"Combat candidate; verify carry owner, item recipient, boss/story effects"	"2430D81BAEA8F86C3848F86630B5636E06A7F2D8A0BFBF26C2B04B5952D5885F"
"HGame/Classes/Bosses/Peeves.uc"	"420"	"AI_TARGET_CONTEXT|GLOBAL_STORY_CONTEXT"	"REVIEW_REQUIRED"	"Combat candidate; verify carry owner, item recipient, boss/story effects"	"2430D81BAEA8F86C3848F86630B5636E06A7F2D8A0BFBF26C2B04B5952D5885F"
"HGame/Classes/Bosses/Peeves.uc"	"439"	"AI_TARGET_CONTEXT|GLOBAL_STORY_CONTEXT"	"REVIEW_REQUIRED"	"Combat candidate; verify carry owner, item recipient, boss/story effects"	"2430D81BAEA8F86C3848F86630B5636E06A7F2D8A0BFBF26C2B04B5952D5885F"
"HGame/Classes/Bosses/Peeves.uc"	"464"	"AI_TARGET_CONTEXT|GLOBAL_STORY_CONTEXT"	"REVIEW_REQUIRED"	"Combat candidate; verify carry owner, item recipient, boss/story effects"	"2430D81BAEA8F86C3848F86630B5636E06A7F2D8A0BFBF26C2B04B5952D5885F"
"HGame/Classes/Bosses/Peeves.uc"	"467"	"AI_TARGET_CONTEXT|GLOBAL_STORY_CONTEXT"	"REVIEW_REQUIRED"	"Combat candidate; verify carry owner, item recipient, boss/story effects"	"2430D81BAEA8F86C3848F86630B5636E06A7F2D8A0BFBF26C2B04B5952D5885F"
"HGame/Classes/Bosses/Peeves.uc"	"472"	"AI_TARGET_CONTEXT|GLOBAL_STORY_CONTEXT"	"REVIEW_REQUIRED"	"Combat candidate; verify carry owner, item recipient, boss/story effects"	"2430D81BAEA8F86C3848F86630B5636E06A7F2D8A0BFBF26C2B04B5952D5885F"
"HGame/Classes/Bosses/Peeves.uc"	"486"	"AI_TARGET_CONTEXT|GLOBAL_STORY_CONTEXT"	"REVIEW_REQUIRED"	"Combat candidate; verify carry owner, item recipient, boss/story effects"	"2430D81BAEA8F86C3848F86630B5636E06A7F2D8A0BFBF26C2B04B5952D5885F"
"HGame/Classes/Bosses/Peeves.uc"	"518"	"AI_TARGET_CONTEXT|GLOBAL_STORY_CONTEXT"	"REVIEW_REQUIRED"	"Combat candidate; verify carry owner, item recipient, boss/story effects"	"2430D81BAEA8F86C3848F86630B5636E06A7F2D8A0BFBF26C2B04B5952D5885F"
"HGame/Classes/Characters/Duellist.uc"	"94"	"LOCAL_PLAYER_CONTEXT|GLOBAL_STORY_CONTEXT|AI_TARGET_CONTEXT"	"REVIEW_REQUIRED"	"Mixed legacy alias; inspect operation and callers before edits"	"74F77FCE92C153FEC9A2D15C6F829B6D44DF0364F39C0E3E470283A149311B74"
"HGame/Classes/Characters/Duellist.uc"	"96"	"LOCAL_PLAYER_CONTEXT|GLOBAL_STORY_CONTEXT|AI_TARGET_CONTEXT"	"REVIEW_REQUIRED"	"Mixed legacy alias; inspect operation and callers before edits"	"74F77FCE92C153FEC9A2D15C6F829B6D44DF0364F39C0E3E470283A149311B74"
"HGame/Classes/Characters/Duellist.uc"	"123"	"LOCAL_PLAYER_CONTEXT|GLOBAL_STORY_CONTEXT|AI_TARGET_CONTEXT"	"REVIEW_REQUIRED"	"Mixed legacy alias; inspect operation and callers before edits"	"74F77FCE92C153FEC9A2D15C6F829B6D44DF0364F39C0E3E470283A149311B74"
"HGame/Classes/Characters/Duellist.uc"	"125"	"LOCAL_PLAYER_CONTEXT|GLOBAL_STORY_CONTEXT|AI_TARGET_CONTEXT"	"REVIEW_REQUIRED"	"Mixed legacy alias; inspect operation and callers before edits"	"74F77FCE92C153FEC9A2D15C6F829B6D44DF0364F39C0E3E470283A149311B74"
"HGame/Classes/Characters/Duellist.uc"	"148"	"LOCAL_PLAYER_CONTEXT|GLOBAL_STORY_CONTEXT|AI_TARGET_CONTEXT"	"REVIEW_REQUIRED"	"Mixed legacy alias; inspect operation and callers before edits"	"74F77FCE92C153FEC9A2D15C6F829B6D44DF0364F39C0E3E470283A149311B74"
"HGame/Classes/Characters/Duellist.uc"	"156"	"LOCAL_PLAYER_CONTEXT|GLOBAL_STORY_CONTEXT|AI_TARGET_CONTEXT"	"REVIEW_REQUIRED"	"Mixed legacy alias; inspect operation and callers before edits"	"74F77FCE92C153FEC9A2D15C6F829B6D44DF0364F39C0E3E470283A149311B74"
"HGame/Classes/Characters/Duellist.uc"	"199"	"LOCAL_PLAYER_CONTEXT|GLOBAL_STORY_CONTEXT|AI_TARGET_CONTEXT"	"REVIEW_REQUIRED"	"Mixed legacy alias; inspect operation and callers before edits"	"74F77FCE92C153FEC9A2D15C6F829B6D44DF0364F39C0E3E470283A149311B74"
"HGame/Classes/Characters/Duellist.uc"	"206"	"LOCAL_PLAYER_CONTEXT|GLOBAL_STORY_CONTEXT|AI_TARGET_CONTEXT"	"REVIEW_REQUIRED"	"Mixed legacy alias; inspect operation and callers before edits"	"74F77FCE92C153FEC9A2D15C6F829B6D44DF0364F39C0E3E470283A149311B74"
"HGame/Classes/Characters/Duellist.uc"	"408"	"LOCAL_PLAYER_CONTEXT|GLOBAL_STORY_CONTEXT|AI_TARGET_CONTEXT"	"REVIEW_REQUIRED"	"Mixed legacy alias; inspect operation and callers before edits"	"74F77FCE92C153FEC9A2D15C6F829B6D44DF0364F39C0E3E470283A149311B74"
"HGame/Classes/Characters/Duellist.uc"	"590"	"LOCAL_PLAYER_CONTEXT|GLOBAL_STORY_CONTEXT|AI_TARGET_CONTEXT"	"REVIEW_REQUIRED"	"Mixed legacy alias; inspect operation and callers before edits"	"74F77FCE92C153FEC9A2D15C6F829B6D44DF0364F39C0E3E470283A149311B74"
"HGame/Classes/Characters/Duellist.uc"	"595"	"LOCAL_PLAYER_CONTEXT|GLOBAL_STORY_CONTEXT|AI_TARGET_CONTEXT"	"REVIEW_REQUIRED"	"Mixed legacy alias; inspect operation and callers before edits"	"74F77FCE92C153FEC9A2D15C6F829B6D44DF0364F39C0E3E470283A149311B74"
"HGame/Classes/Characters/Duellist.uc"	"596"	"LOCAL_PLAYER_CONTEXT|GLOBAL_STORY_CONTEXT|AI_TARGET_CONTEXT"	"REVIEW_REQUIRED"	"Mixed legacy alias; inspect operation and callers before edits"	"74F77FCE92C153FEC9A2D15C6F829B6D44DF0364F39C0E3E470283A149311B74"
"HGame/Classes/Characters/Duellist.uc"	"671"	"LOCAL_PLAYER_CONTEXT|GLOBAL_STORY_CONTEXT|AI_TARGET_CONTEXT"	"REVIEW_REQUIRED"	"Mixed legacy alias; inspect operation and callers before edits"	"74F77FCE92C153FEC9A2D15C6F829B6D44DF0364F39C0E3E470283A149311B74"
"HGame/Classes/Characters/Duellist.uc"	"691"	"LOCAL_PLAYER_CONTEXT|GLOBAL_STORY_CONTEXT|AI_TARGET_CONTEXT"	"REVIEW_REQUIRED"	"Mixed legacy alias; inspect operation and callers before edits"	"74F77FCE92C153FEC9A2D15C6F829B6D44DF0364F39C0E3E470283A149311B74"
"HGame/Classes/Characters/Duellist.uc"	"844"	"LOCAL_PLAYER_CONTEXT|GLOBAL_STORY_CONTEXT|AI_TARGET_CONTEXT"	"REVIEW_REQUIRED"	"Mixed legacy alias; inspect operation and callers before edits"	"74F77FCE92C153FEC9A2D15C6F829B6D44DF0364F39C0E3E470283A149311B74"
"HGame/Classes/Characters/Duellist.uc"	"879"	"LOCAL_PLAYER_CONTEXT|GLOBAL_STORY_CONTEXT|AI_TARGET_CONTEXT"	"REVIEW_REQUIRED"	"Mixed legacy alias; inspect operation and callers before edits"	"74F77FCE92C153FEC9A2D15C6F829B6D44DF0364F39C0E3E470283A149311B74"
"HGame/Classes/Characters/Duellist.uc"	"884"	"LOCAL_PLAYER_CONTEXT|GLOBAL_STORY_CONTEXT|AI_TARGET_CONTEXT"	"REVIEW_REQUIRED"	"Mixed legacy alias; inspect operation and callers before edits"	"74F77FCE92C153FEC9A2D15C6F829B6D44DF0364F39C0E3E470283A149311B74"
"HGame/Classes/Characters/Duellist.uc"	"886"	"LOCAL_PLAYER_CONTEXT|GLOBAL_STORY_CONTEXT|AI_TARGET_CONTEXT"	"REVIEW_REQUIRED"	"Mixed legacy alias; inspect operation and callers before edits"	"74F77FCE92C153FEC9A2D15C6F829B6D44DF0364F39C0E3E470283A149311B74"
"HGame/Classes/Characters/Duellist.uc"	"890"	"LOCAL_PLAYER_CONTEXT|GLOBAL_STORY_CONTEXT|AI_TARGET_CONTEXT"	"REVIEW_REQUIRED"	"Mixed legacy alias; inspect operation and callers before edits"	"74F77FCE92C153FEC9A2D15C6F829B6D44DF0364F39C0E3E470283A149311B74"
"HGame/Classes/Characters/Duellist.uc"	"912"	"LOCAL_PLAYER_CONTEXT|GLOBAL_STORY_CONTEXT|AI_TARGET_CONTEXT"	"REVIEW_REQUIRED"	"Mixed legacy alias; inspect operation and callers before edits"	"74F77FCE92C153FEC9A2D15C6F829B6D44DF0364F39C0E3E470283A149311B74"
"HGame/Classes/Characters/Duellist.uc"	"914"	"LOCAL_PLAYER_CONTEXT|GLOBAL_STORY_CONTEXT|AI_TARGET_CONTEXT"	"REVIEW_REQUIRED"	"Mixed legacy alias; inspect operation and callers before edits"	"74F77FCE92C153FEC9A2D15C6F829B6D44DF0364F39C0E3E470283A149311B74"
"HGame/Classes/Characters/Duellist.uc"	"921"	"LOCAL_PLAYER_CONTEXT|GLOBAL_STORY_CONTEXT|AI_TARGET_CONTEXT"	"REVIEW_REQUIRED"	"Mixed legacy alias; inspect operation and callers before edits"	"74F77FCE92C153FEC9A2D15C6F829B6D44DF0364F39C0E3E470283A149311B74"
"HGame/Classes/Characters/Duellist.uc"	"971"	"LOCAL_PLAYER_CONTEXT|GLOBAL_STORY_CONTEXT|AI_TARGET_CONTEXT"	"REVIEW_REQUIRED"	"Mixed legacy alias; inspect operation and callers before edits"	"74F77FCE92C153FEC9A2D15C6F829B6D44DF0364F39C0E3E470283A149311B74"
"HGame/Classes/Characters/Duellist.uc"	"1004"	"LOCAL_PLAYER_CONTEXT|GLOBAL_STORY_CONTEXT|AI_TARGET_CONTEXT"	"REVIEW_REQUIRED"	"Mixed legacy alias; inspect operation and callers before edits"	"74F77FCE92C153FEC9A2D15C6F829B6D44DF0364F39C0E3E470283A149311B74"
"HGame/Classes/Characters/Duellist.uc"	"1009"	"LOCAL_PLAYER_CONTEXT|GLOBAL_STORY_CONTEXT|AI_TARGET_CONTEXT"	"REVIEW_REQUIRED"	"Mixed legacy alias; inspect operation and callers before edits"	"74F77FCE92C153FEC9A2D15C6F829B6D44DF0364F39C0E3E470283A149311B74"
"HGame/Classes/Characters/Duellist.uc"	"1020"	"LOCAL_PLAYER_CONTEXT|GLOBAL_STORY_CONTEXT|AI_TARGET_CONTEXT"	"REVIEW_REQUIRED"	"Mixed legacy alias; inspect operation and callers before edits"	"74F77FCE92C153FEC9A2D15C6F829B6D44DF0364F39C0E3E470283A149311B74"
"HGame/Classes/Characters/Duellist.uc"	"1037"	"LOCAL_PLAYER_CONTEXT|GLOBAL_STORY_CONTEXT|AI_TARGET_CONTEXT"	"REVIEW_REQUIRED"	"Mixed legacy alias; inspect operation and callers before edits"	"74F77FCE92C153FEC9A2D15C6F829B6D44DF0364F39C0E3E470283A149311B74"
"HGame/Classes/Characters/Duellist.uc"	"1044"	"LOCAL_PLAYER_CONTEXT|GLOBAL_STORY_CONTEXT|AI_TARGET_CONTEXT"	"REVIEW_REQUIRED"	"Mixed legacy alias; inspect operation and callers before edits"	"74F77FCE92C153FEC9A2D15C6F829B6D44DF0364F39C0E3E470283A149311B74"
"HGame/Classes/Characters/Duellist.uc"	"1045"	"LOCAL_PLAYER_CONTEXT|GLOBAL_STORY_CONTEXT|AI_TARGET_CONTEXT"	"REVIEW_REQUIRED"	"Mixed legacy alias; inspect operation and callers before edits"	"74F77FCE92C153FEC9A2D15C6F829B6D44DF0364F39C0E3E470283A149311B74"
"HGame/Classes/Cutscene/CutScene.uc"	"41"	"GLOBAL_STORY_CONTEXT|LOCAL_PLAYER_CONTEXT"	"REVIEW_REQUIRED"	"Story and presentation mixed; classify operation not alias spelling"	"03316310EB6D3C2701005256CB2037514A45B24E6B3D5303E2E116018CA5AAB1"
"HGame/Classes/Cutscene/CutScene.uc"	"47"	"GLOBAL_STORY_CONTEXT|LOCAL_PLAYER_CONTEXT"	"REVIEW_REQUIRED"	"Story and presentation mixed; classify operation not alias spelling"	"03316310EB6D3C2701005256CB2037514A45B24E6B3D5303E2E116018CA5AAB1"
"HGame/Classes/Cutscene/CutScene.uc"	"115"	"GLOBAL_STORY_CONTEXT|LOCAL_PLAYER_CONTEXT"	"REVIEW_REQUIRED"	"Story and presentation mixed; classify operation not alias spelling"	"03316310EB6D3C2701005256CB2037514A45B24E6B3D5303E2E116018CA5AAB1"
"HGame/Classes/Cutscene/CutScene.uc"	"125"	"GLOBAL_STORY_CONTEXT|LOCAL_PLAYER_CONTEXT"	"REVIEW_REQUIRED"	"Story and presentation mixed; classify operation not alias spelling"	"03316310EB6D3C2701005256CB2037514A45B24E6B3D5303E2E116018CA5AAB1"
"HGame/Classes/Cutscene/CutScene.uc"	"130"	"GLOBAL_STORY_CONTEXT|LOCAL_PLAYER_CONTEXT"	"REVIEW_REQUIRED"	"Story and presentation mixed; classify operation not alias spelling"	"03316310EB6D3C2701005256CB2037514A45B24E6B3D5303E2E116018CA5AAB1"
"HGame/Classes/Cutscene/CutScene.uc"	"142"	"GLOBAL_STORY_CONTEXT|LOCAL_PLAYER_CONTEXT"	"DECLARATION_OR_COMMENT"	"Lexical occurrence; not an executable operation"	"03316310EB6D3C2701005256CB2037514A45B24E6B3D5303E2E116018CA5AAB1"
"HGame/Classes/Cutscene/CutScene.uc"	"316"	"GLOBAL_STORY_CONTEXT|LOCAL_PLAYER_CONTEXT"	"REVIEW_REQUIRED"	"Story and presentation mixed; classify operation not alias spelling"	"03316310EB6D3C2701005256CB2037514A45B24E6B3D5303E2E116018CA5AAB1"
"HGame/Classes/Cutscene/CutScene.uc"	"326"	"GLOBAL_STORY_CONTEXT|LOCAL_PLAYER_CONTEXT"	"REVIEW_REQUIRED"	"Story and presentation mixed; classify operation not alias spelling"	"03316310EB6D3C2701005256CB2037514A45B24E6B3D5303E2E116018CA5AAB1"
"HGame/Classes/Cutscene/CutScene.uc"	"364"	"GLOBAL_STORY_CONTEXT|LOCAL_PLAYER_CONTEXT"	"REVIEW_REQUIRED"	"Story and presentation mixed; classify operation not alias spelling"	"03316310EB6D3C2701005256CB2037514A45B24E6B3D5303E2E116018CA5AAB1"
"HGame/Classes/Cutscene/CutScene.uc"	"367"	"GLOBAL_STORY_CONTEXT|LOCAL_PLAYER_CONTEXT"	"REVIEW_REQUIRED"	"Story and presentation mixed; classify operation not alias spelling"	"03316310EB6D3C2701005256CB2037514A45B24E6B3D5303E2E116018CA5AAB1"
"HGame/Classes/Cutscene/CutScene.uc"	"393"	"GLOBAL_STORY_CONTEXT|LOCAL_PLAYER_CONTEXT"	"REVIEW_REQUIRED"	"Story and presentation mixed; classify operation not alias spelling"	"03316310EB6D3C2701005256CB2037514A45B24E6B3D5303E2E116018CA5AAB1"
"HGame/Classes/Cutscene/CutScene.uc"	"536"	"GLOBAL_STORY_CONTEXT|LOCAL_PLAYER_CONTEXT"	"REVIEW_REQUIRED"	"Story and presentation mixed; classify operation not alias spelling"	"03316310EB6D3C2701005256CB2037514A45B24E6B3D5303E2E116018CA5AAB1"
"HGame/Classes/Bosses/baseBoss.uc"	"46"	"AI_TARGET_CONTEXT|GLOBAL_STORY_CONTEXT"	"REVIEW_REQUIRED"	"Combat candidate; verify carry owner, item recipient, boss/story effects"	"D3D10C6AFC5C3A7003BE1A7E4E37CF79A8DA6186F911294040C83C38E92392EC"
"HGame/Classes/Bosses/baseBoss.uc"	"55"	"AI_TARGET_CONTEXT|GLOBAL_STORY_CONTEXT"	"REVIEW_REQUIRED"	"Combat candidate; verify carry owner, item recipient, boss/story effects"	"D3D10C6AFC5C3A7003BE1A7E4E37CF79A8DA6186F911294040C83C38E92392EC"
"HGame/Classes/Bosses/baseBoss.uc"	"65"	"AI_TARGET_CONTEXT|GLOBAL_STORY_CONTEXT"	"REVIEW_REQUIRED"	"Combat candidate; verify carry owner, item recipient, boss/story effects"	"D3D10C6AFC5C3A7003BE1A7E4E37CF79A8DA6186F911294040C83C38E92392EC"
"HGame/Classes/Bosses/baseBoss.uc"	"74"	"AI_TARGET_CONTEXT|GLOBAL_STORY_CONTEXT"	"REVIEW_REQUIRED"	"Combat candidate; verify carry owner, item recipient, boss/story effects"	"D3D10C6AFC5C3A7003BE1A7E4E37CF79A8DA6186F911294040C83C38E92392EC"
"HGame/Classes/Bosses/baseBoss.uc"	"113"	"AI_TARGET_CONTEXT|GLOBAL_STORY_CONTEXT"	"REVIEW_REQUIRED"	"Combat candidate; verify carry owner, item recipient, boss/story effects"	"D3D10C6AFC5C3A7003BE1A7E4E37CF79A8DA6186F911294040C83C38E92392EC"
"HGame/Classes/Bosses/baseBoss.uc"	"115"	"AI_TARGET_CONTEXT|GLOBAL_STORY_CONTEXT"	"REVIEW_REQUIRED"	"Combat candidate; verify carry owner, item recipient, boss/story effects"	"D3D10C6AFC5C3A7003BE1A7E4E37CF79A8DA6186F911294040C83C38E92392EC"
"HGame/Classes/Bosses/baseBoss.uc"	"211"	"AI_TARGET_CONTEXT|GLOBAL_STORY_CONTEXT"	"REVIEW_REQUIRED"	"Combat candidate; verify carry owner, item recipient, boss/story effects"	"D3D10C6AFC5C3A7003BE1A7E4E37CF79A8DA6186F911294040C83C38E92392EC"
"HGame/Classes/Bosses/HallwayRunBoss.uc"	"9"	"AI_TARGET_CONTEXT|GLOBAL_STORY_CONTEXT"	"REVIEW_REQUIRED"	"Combat candidate; verify carry owner, item recipient, boss/story effects"	"A350696840051FD2D3B4535B41D4F68D2AA2723ABE7AB5C4A05BC8BF37751784"
"HGame/Classes/Bosses/BossRailMove.uc"	"129"	"AI_TARGET_CONTEXT|GLOBAL_STORY_CONTEXT"	"REVIEW_REQUIRED"	"Combat candidate; verify carry owner, item recipient, boss/story effects"	"D11E37470E3B4440175DB69EB1E74941D440F9DF4BF5CE12747BE3FC831C006F"
"HGame/Classes/Bosses/BossRailMove.uc"	"139"	"AI_TARGET_CONTEXT|GLOBAL_STORY_CONTEXT"	"REVIEW_REQUIRED"	"Combat candidate; verify carry owner, item recipient, boss/story effects"	"D11E37470E3B4440175DB69EB1E74941D440F9DF4BF5CE12747BE3FC831C006F"
"HGame/Classes/Bosses/BossRailMove.uc"	"140"	"AI_TARGET_CONTEXT|GLOBAL_STORY_CONTEXT"	"REVIEW_REQUIRED"	"Combat candidate; verify carry owner, item recipient, boss/story effects"	"D11E37470E3B4440175DB69EB1E74941D440F9DF4BF5CE12747BE3FC831C006F"
"HGame/Classes/Bosses/BossRailMove.uc"	"165"	"AI_TARGET_CONTEXT|GLOBAL_STORY_CONTEXT"	"REVIEW_REQUIRED"	"Combat candidate; verify carry owner, item recipient, boss/story effects"	"D11E37470E3B4440175DB69EB1E74941D440F9DF4BF5CE12747BE3FC831C006F"
"HGame/Classes/Bosses/BossRailMove.uc"	"174"	"AI_TARGET_CONTEXT|GLOBAL_STORY_CONTEXT"	"REVIEW_REQUIRED"	"Combat candidate; verify carry owner, item recipient, boss/story effects"	"D11E37470E3B4440175DB69EB1E74941D440F9DF4BF5CE12747BE3FC831C006F"
"HGame/Classes/Bosses/BossRailMove.uc"	"213"	"AI_TARGET_CONTEXT|GLOBAL_STORY_CONTEXT"	"REVIEW_REQUIRED"	"Combat candidate; verify carry owner, item recipient, boss/story effects"	"D11E37470E3B4440175DB69EB1E74941D440F9DF4BF5CE12747BE3FC831C006F"
"HGame/Classes/Bosses/BossRailMove.uc"	"299"	"AI_TARGET_CONTEXT|GLOBAL_STORY_CONTEXT"	"REVIEW_REQUIRED"	"Combat candidate; verify carry owner, item recipient, boss/story effects"	"D11E37470E3B4440175DB69EB1E74941D440F9DF4BF5CE12747BE3FC831C006F"
"HGame/Classes/Bosses/BossRailMove.uc"	"309"	"AI_TARGET_CONTEXT|GLOBAL_STORY_CONTEXT"	"REVIEW_REQUIRED"	"Combat candidate; verify carry owner, item recipient, boss/story effects"	"D11E37470E3B4440175DB69EB1E74941D440F9DF4BF5CE12747BE3FC831C006F"
"HGame/Classes/Bosses/BossRailMove.uc"	"360"	"AI_TARGET_CONTEXT|GLOBAL_STORY_CONTEXT"	"REVIEW_REQUIRED"	"Combat candidate; verify carry owner, item recipient, boss/story effects"	"D11E37470E3B4440175DB69EB1E74941D440F9DF4BF5CE12747BE3FC831C006F"
"HGame/Classes/Bosses/BossRailMove.uc"	"362"	"AI_TARGET_CONTEXT|GLOBAL_STORY_CONTEXT"	"REVIEW_REQUIRED"	"Combat candidate; verify carry owner, item recipient, boss/story effects"	"D11E37470E3B4440175DB69EB1E74941D440F9DF4BF5CE12747BE3FC831C006F"
"HGame/Classes/Bosses/BossRailMove.uc"	"376"	"AI_TARGET_CONTEXT|GLOBAL_STORY_CONTEXT"	"DECLARATION_OR_COMMENT"	"Lexical occurrence; not an executable operation"	"D11E37470E3B4440175DB69EB1E74941D440F9DF4BF5CE12747BE3FC831C006F"
"HGame/Classes/Bosses/BossRailMove.uc"	"377"	"AI_TARGET_CONTEXT|GLOBAL_STORY_CONTEXT"	"REVIEW_REQUIRED"	"Combat candidate; verify carry owner, item recipient, boss/story effects"	"D11E37470E3B4440175DB69EB1E74941D440F9DF4BF5CE12747BE3FC831C006F"
"HGame/Classes/Bosses/BossRailMove.uc"	"464"	"AI_TARGET_CONTEXT|GLOBAL_STORY_CONTEXT"	"REVIEW_REQUIRED"	"Combat candidate; verify carry owner, item recipient, boss/story effects"	"D11E37470E3B4440175DB69EB1E74941D440F9DF4BF5CE12747BE3FC831C006F"
"HGame/Classes/Bosses/BossRailMove.uc"	"467"	"AI_TARGET_CONTEXT|GLOBAL_STORY_CONTEXT"	"REVIEW_REQUIRED"	"Combat candidate; verify carry owner, item recipient, boss/story effects"	"D11E37470E3B4440175DB69EB1E74941D440F9DF4BF5CE12747BE3FC831C006F"
"HGame/Classes/Bosses/BossRailMove.uc"	"485"	"AI_TARGET_CONTEXT|GLOBAL_STORY_CONTEXT"	"REVIEW_REQUIRED"	"Combat candidate; verify carry owner, item recipient, boss/story effects"	"D11E37470E3B4440175DB69EB1E74941D440F9DF4BF5CE12747BE3FC831C006F"
"HGame/Classes/Bosses/BossRailMove.uc"	"490"	"AI_TARGET_CONTEXT|GLOBAL_STORY_CONTEXT"	"REVIEW_REQUIRED"	"Combat candidate; verify carry owner, item recipient, boss/story effects"	"D11E37470E3B4440175DB69EB1E74941D440F9DF4BF5CE12747BE3FC831C006F"
"HGame/Classes/Bosses/BossRailMove.uc"	"500"	"AI_TARGET_CONTEXT|GLOBAL_STORY_CONTEXT"	"REVIEW_REQUIRED"	"Combat candidate; verify carry owner, item recipient, boss/story effects"	"D11E37470E3B4440175DB69EB1E74941D440F9DF4BF5CE12747BE3FC831C006F"
"HGame/Classes/Bosses/BossRailMove.uc"	"501"	"AI_TARGET_CONTEXT|GLOBAL_STORY_CONTEXT"	"REVIEW_REQUIRED"	"Combat candidate; verify carry owner, item recipient, boss/story effects"	"D11E37470E3B4440175DB69EB1E74941D440F9DF4BF5CE12747BE3FC831C006F"
"HGame/Classes/Bosses/BossRailMove.uc"	"570"	"AI_TARGET_CONTEXT|GLOBAL_STORY_CONTEXT"	"REVIEW_REQUIRED"	"Combat candidate; verify carry owner, item recipient, boss/story effects"	"D11E37470E3B4440175DB69EB1E74941D440F9DF4BF5CE12747BE3FC831C006F"
"HGame/Classes/Bosses/BossRailMove.uc"	"574"	"AI_TARGET_CONTEXT|GLOBAL_STORY_CONTEXT"	"REVIEW_REQUIRED"	"Combat candidate; verify carry owner, item recipient, boss/story effects"	"D11E37470E3B4440175DB69EB1E74941D440F9DF4BF5CE12747BE3FC831C006F"
"HGame/Classes/Bosses/BossRailMove.uc"	"674"	"AI_TARGET_CONTEXT|GLOBAL_STORY_CONTEXT"	"REVIEW_REQUIRED"	"Combat candidate; verify carry owner, item recipient, boss/story effects"	"D11E37470E3B4440175DB69EB1E74941D440F9DF4BF5CE12747BE3FC831C006F"
"HGame/Classes/Bosses/BossRailMove.uc"	"678"	"AI_TARGET_CONTEXT|GLOBAL_STORY_CONTEXT"	"REVIEW_REQUIRED"	"Combat candidate; verify carry owner, item recipient, boss/story effects"	"D11E37470E3B4440175DB69EB1E74941D440F9DF4BF5CE12747BE3FC831C006F"
"HGame/Classes/Bosses/Aragog.uc"	"114"	"GLOBAL_STORY_CONTEXT"	"REVIEWED"	"Encounter/player-mode transition; generic aggro retargeting is insufficient"	"17B1FC8D5AB019E4D9F47B8EE0EA3C309B4E70CA4F6F185E2BAD8D2123DE1685"
"HGame/Classes/Bosses/Aragog.uc"	"175"	"AI_TARGET_CONTEXT|GLOBAL_STORY_CONTEXT"	"REVIEW_REQUIRED"	"Combat candidate; verify carry owner, item recipient, boss/story effects"	"17B1FC8D5AB019E4D9F47B8EE0EA3C309B4E70CA4F6F185E2BAD8D2123DE1685"
"HGame/Classes/Bosses/Aragog.uc"	"414"	"GLOBAL_STORY_CONTEXT"	"REVIEWED"	"Encounter/player-mode transition; generic aggro retargeting is insufficient"	"17B1FC8D5AB019E4D9F47B8EE0EA3C309B4E70CA4F6F185E2BAD8D2123DE1685"
"HGame/Classes/Bosses/Aragog.uc"	"415"	"GLOBAL_STORY_CONTEXT"	"REVIEWED"	"Encounter/player-mode transition; generic aggro retargeting is insufficient"	"17B1FC8D5AB019E4D9F47B8EE0EA3C309B4E70CA4F6F185E2BAD8D2123DE1685"
"HGame/Classes/Bosses/Aragog.uc"	"467"	"AI_TARGET_CONTEXT|GLOBAL_STORY_CONTEXT"	"REVIEW_REQUIRED"	"Combat candidate; verify carry owner, item recipient, boss/story effects"	"17B1FC8D5AB019E4D9F47B8EE0EA3C309B4E70CA4F6F185E2BAD8D2123DE1685"
"HGame/Classes/Bosses/Aragog.uc"	"527"	"AI_TARGET_CONTEXT|GLOBAL_STORY_CONTEXT"	"REVIEW_REQUIRED"	"Combat candidate; verify carry owner, item recipient, boss/story effects"	"17B1FC8D5AB019E4D9F47B8EE0EA3C309B4E70CA4F6F185E2BAD8D2123DE1685"
"HGame/Classes/Bosses/Aragog.uc"	"538"	"AI_TARGET_CONTEXT|GLOBAL_STORY_CONTEXT"	"REVIEW_REQUIRED"	"Combat candidate; verify carry owner, item recipient, boss/story effects"	"17B1FC8D5AB019E4D9F47B8EE0EA3C309B4E70CA4F6F185E2BAD8D2123DE1685"
"HGame/Classes/Bosses/Aragog.uc"	"544"	"AI_TARGET_CONTEXT|GLOBAL_STORY_CONTEXT"	"REVIEW_REQUIRED"	"Combat candidate; verify carry owner, item recipient, boss/story effects"	"17B1FC8D5AB019E4D9F47B8EE0EA3C309B4E70CA4F6F185E2BAD8D2123DE1685"
"HGame/Classes/Bosses/Aragog.uc"	"546"	"AI_TARGET_CONTEXT|GLOBAL_STORY_CONTEXT"	"REVIEW_REQUIRED"	"Combat candidate; verify carry owner, item recipient, boss/story effects"	"17B1FC8D5AB019E4D9F47B8EE0EA3C309B4E70CA4F6F185E2BAD8D2123DE1685"
"HGame/Classes/Bosses/Aragog.uc"	"548"	"AI_TARGET_CONTEXT|GLOBAL_STORY_CONTEXT"	"REVIEW_REQUIRED"	"Combat candidate; verify carry owner, item recipient, boss/story effects"	"17B1FC8D5AB019E4D9F47B8EE0EA3C309B4E70CA4F6F185E2BAD8D2123DE1685"
"HGame/Classes/Bosses/Aragog.uc"	"579"	"AI_TARGET_CONTEXT|GLOBAL_STORY_CONTEXT"	"REVIEW_REQUIRED"	"Combat candidate; verify carry owner, item recipient, boss/story effects"	"17B1FC8D5AB019E4D9F47B8EE0EA3C309B4E70CA4F6F185E2BAD8D2123DE1685"
"HGame/Classes/Bosses/Aragog.uc"	"667"	"AI_TARGET_CONTEXT|GLOBAL_STORY_CONTEXT"	"REVIEW_REQUIRED"	"Combat candidate; verify carry owner, item recipient, boss/story effects"	"17B1FC8D5AB019E4D9F47B8EE0EA3C309B4E70CA4F6F185E2BAD8D2123DE1685"
"HGame/Classes/Bosses/Aragog.uc"	"669"	"AI_TARGET_CONTEXT|GLOBAL_STORY_CONTEXT"	"REVIEW_REQUIRED"	"Combat candidate; verify carry owner, item recipient, boss/story effects"	"17B1FC8D5AB019E4D9F47B8EE0EA3C309B4E70CA4F6F185E2BAD8D2123DE1685"
"HGame/Classes/Bosses/Aragog.uc"	"746"	"AI_TARGET_CONTEXT|GLOBAL_STORY_CONTEXT"	"REVIEW_REQUIRED"	"Combat candidate; verify carry owner, item recipient, boss/story effects"	"17B1FC8D5AB019E4D9F47B8EE0EA3C309B4E70CA4F6F185E2BAD8D2123DE1685"
"HGame/Classes/Bosses/Aragog.uc"	"747"	"AI_TARGET_CONTEXT|GLOBAL_STORY_CONTEXT"	"REVIEW_REQUIRED"	"Combat candidate; verify carry owner, item recipient, boss/story effects"	"17B1FC8D5AB019E4D9F47B8EE0EA3C309B4E70CA4F6F185E2BAD8D2123DE1685"
"HGame/Classes/Bosses/Aragog.uc"	"761"	"AI_TARGET_CONTEXT|GLOBAL_STORY_CONTEXT"	"REVIEW_REQUIRED"	"Combat candidate; verify carry owner, item recipient, boss/story effects"	"17B1FC8D5AB019E4D9F47B8EE0EA3C309B4E70CA4F6F185E2BAD8D2123DE1685"
"HGame/Classes/Bosses/Aragog.uc"	"781"	"AI_TARGET_CONTEXT|GLOBAL_STORY_CONTEXT"	"REVIEW_REQUIRED"	"Combat candidate; verify carry owner, item recipient, boss/story effects"	"17B1FC8D5AB019E4D9F47B8EE0EA3C309B4E70CA4F6F185E2BAD8D2123DE1685"
"HGame/Classes/Bosses/Aragog.uc"	"785"	"AI_TARGET_CONTEXT|GLOBAL_STORY_CONTEXT"	"REVIEW_REQUIRED"	"Combat candidate; verify carry owner, item recipient, boss/story effects"	"17B1FC8D5AB019E4D9F47B8EE0EA3C309B4E70CA4F6F185E2BAD8D2123DE1685"
"HGame/Classes/Bosses/Aragog.uc"	"807"	"AI_TARGET_CONTEXT|GLOBAL_STORY_CONTEXT"	"REVIEW_REQUIRED"	"Combat candidate; verify carry owner, item recipient, boss/story effects"	"17B1FC8D5AB019E4D9F47B8EE0EA3C309B4E70CA4F6F185E2BAD8D2123DE1685"
"HGame/Classes/Bosses/Aragog.uc"	"808"	"AI_TARGET_CONTEXT|GLOBAL_STORY_CONTEXT"	"REVIEW_REQUIRED"	"Combat candidate; verify carry owner, item recipient, boss/story effects"	"17B1FC8D5AB019E4D9F47B8EE0EA3C309B4E70CA4F6F185E2BAD8D2123DE1685"
"HGame/Classes/Bosses/Aragog.uc"	"809"	"AI_TARGET_CONTEXT|GLOBAL_STORY_CONTEXT"	"REVIEW_REQUIRED"	"Combat candidate; verify carry owner, item recipient, boss/story effects"	"17B1FC8D5AB019E4D9F47B8EE0EA3C309B4E70CA4F6F185E2BAD8D2123DE1685"
"HGame/Classes/Bosses/Aragog.uc"	"834"	"AI_TARGET_CONTEXT|GLOBAL_STORY_CONTEXT"	"REVIEW_REQUIRED"	"Combat candidate; verify carry owner, item recipient, boss/story effects"	"17B1FC8D5AB019E4D9F47B8EE0EA3C309B4E70CA4F6F185E2BAD8D2123DE1685"
"HGame/Classes/Bosses/Aragog.uc"	"836"	"AI_TARGET_CONTEXT|GLOBAL_STORY_CONTEXT"	"REVIEW_REQUIRED"	"Combat candidate; verify carry owner, item recipient, boss/story effects"	"17B1FC8D5AB019E4D9F47B8EE0EA3C309B4E70CA4F6F185E2BAD8D2123DE1685"
"HGame/Classes/Bosses/Aragog.uc"	"841"	"AI_TARGET_CONTEXT|GLOBAL_STORY_CONTEXT"	"REVIEW_REQUIRED"	"Combat candidate; verify carry owner, item recipient, boss/story effects"	"17B1FC8D5AB019E4D9F47B8EE0EA3C309B4E70CA4F6F185E2BAD8D2123DE1685"
"HGame/Classes/Bosses/Aragog.uc"	"843"	"AI_TARGET_CONTEXT|GLOBAL_STORY_CONTEXT"	"REVIEW_REQUIRED"	"Combat candidate; verify carry owner, item recipient, boss/story effects"	"17B1FC8D5AB019E4D9F47B8EE0EA3C309B4E70CA4F6F185E2BAD8D2123DE1685"
"HGame/Classes/Bosses/Aragog.uc"	"851"	"AI_TARGET_CONTEXT|GLOBAL_STORY_CONTEXT"	"REVIEW_REQUIRED"	"Combat candidate; verify carry owner, item recipient, boss/story effects"	"17B1FC8D5AB019E4D9F47B8EE0EA3C309B4E70CA4F6F185E2BAD8D2123DE1685"
"HGame/Classes/Bosses/Aragog.uc"	"874"	"AI_TARGET_CONTEXT|GLOBAL_STORY_CONTEXT"	"REVIEW_REQUIRED"	"Combat candidate; verify carry owner, item recipient, boss/story effects"	"17B1FC8D5AB019E4D9F47B8EE0EA3C309B4E70CA4F6F185E2BAD8D2123DE1685"
"HGame/Classes/Bosses/Aragog.uc"	"886"	"AI_TARGET_CONTEXT|GLOBAL_STORY_CONTEXT"	"REVIEW_REQUIRED"	"Combat candidate; verify carry owner, item recipient, boss/story effects"	"17B1FC8D5AB019E4D9F47B8EE0EA3C309B4E70CA4F6F185E2BAD8D2123DE1685"
"HGame/Classes/Bosses/Aragog.uc"	"934"	"LOCAL_PLAYER_CONTEXT"	"REVIEWED"	"Encounter shake must reach relevant owning clients"	"17B1FC8D5AB019E4D9F47B8EE0EA3C309B4E70CA4F6F185E2BAD8D2123DE1685"
"HGame/Classes/Bosses/Aragog.uc"	"940"	"LOCAL_PLAYER_CONTEXT"	"REVIEWED"	"Encounter shake must reach relevant owning clients"	"17B1FC8D5AB019E4D9F47B8EE0EA3C309B4E70CA4F6F185E2BAD8D2123DE1685"
"HGame/Classes/Bosses/Aragog.uc"	"948"	"LOCAL_PLAYER_CONTEXT"	"REVIEWED"	"Encounter shake must reach relevant owning clients"	"17B1FC8D5AB019E4D9F47B8EE0EA3C309B4E70CA4F6F185E2BAD8D2123DE1685"
"HGame/Classes/Bosses/Aragog.uc"	"965"	"AI_TARGET_CONTEXT|GLOBAL_STORY_CONTEXT"	"REVIEW_REQUIRED"	"Combat candidate; verify carry owner, item recipient, boss/story effects"	"17B1FC8D5AB019E4D9F47B8EE0EA3C309B4E70CA4F6F185E2BAD8D2123DE1685"
"HGame/Classes/Bosses/Aragog.uc"	"977"	"AI_TARGET_CONTEXT|GLOBAL_STORY_CONTEXT"	"REVIEW_REQUIRED"	"Combat candidate; verify carry owner, item recipient, boss/story effects"	"17B1FC8D5AB019E4D9F47B8EE0EA3C309B4E70CA4F6F185E2BAD8D2123DE1685"
"HGame/Classes/Bosses/Aragog.uc"	"978"	"AI_TARGET_CONTEXT|GLOBAL_STORY_CONTEXT"	"REVIEW_REQUIRED"	"Combat candidate; verify carry owner, item recipient, boss/story effects"	"17B1FC8D5AB019E4D9F47B8EE0EA3C309B4E70CA4F6F185E2BAD8D2123DE1685"
"HGame/Classes/Bosses/Aragog.uc"	"1017"	"AI_TARGET_CONTEXT|GLOBAL_STORY_CONTEXT"	"REVIEW_REQUIRED"	"Combat candidate; verify carry owner, item recipient, boss/story effects"	"17B1FC8D5AB019E4D9F47B8EE0EA3C309B4E70CA4F6F185E2BAD8D2123DE1685"
"HGame/Classes/Bosses/Aragog.uc"	"1020"	"AI_TARGET_CONTEXT|GLOBAL_STORY_CONTEXT"	"REVIEW_REQUIRED"	"Combat candidate; verify carry owner, item recipient, boss/story effects"	"17B1FC8D5AB019E4D9F47B8EE0EA3C309B4E70CA4F6F185E2BAD8D2123DE1685"
"HGame/Classes/Bosses/Aragog.uc"	"1023"	"AI_TARGET_CONTEXT|GLOBAL_STORY_CONTEXT"	"REVIEW_REQUIRED"	"Combat candidate; verify carry owner, item recipient, boss/story effects"	"17B1FC8D5AB019E4D9F47B8EE0EA3C309B4E70CA4F6F185E2BAD8D2123DE1685"
"HGame/Classes/Bosses/Aragog.uc"	"1026"	"AI_TARGET_CONTEXT|GLOBAL_STORY_CONTEXT"	"REVIEW_REQUIRED"	"Combat candidate; verify carry owner, item recipient, boss/story effects"	"17B1FC8D5AB019E4D9F47B8EE0EA3C309B4E70CA4F6F185E2BAD8D2123DE1685"
"HGame/Classes/Bosses/Aragog.uc"	"1035"	"AI_TARGET_CONTEXT|GLOBAL_STORY_CONTEXT"	"REVIEW_REQUIRED"	"Combat candidate; verify carry owner, item recipient, boss/story effects"	"17B1FC8D5AB019E4D9F47B8EE0EA3C309B4E70CA4F6F185E2BAD8D2123DE1685"
"HGame/Classes/Bosses/Aragog.uc"	"1045"	"AI_TARGET_CONTEXT|GLOBAL_STORY_CONTEXT"	"REVIEW_REQUIRED"	"Combat candidate; verify carry owner, item recipient, boss/story effects"	"17B1FC8D5AB019E4D9F47B8EE0EA3C309B4E70CA4F6F185E2BAD8D2123DE1685"
"HGame/Classes/Bosses/Aragog.uc"	"1077"	"AI_TARGET_CONTEXT|GLOBAL_STORY_CONTEXT"	"REVIEW_REQUIRED"	"Combat candidate; verify carry owner, item recipient, boss/story effects"	"17B1FC8D5AB019E4D9F47B8EE0EA3C309B4E70CA4F6F185E2BAD8D2123DE1685"
"HGame/Classes/Bosses/Aragog.uc"	"1081"	"AI_TARGET_CONTEXT|GLOBAL_STORY_CONTEXT"	"REVIEW_REQUIRED"	"Combat candidate; verify carry owner, item recipient, boss/story effects"	"17B1FC8D5AB019E4D9F47B8EE0EA3C309B4E70CA4F6F185E2BAD8D2123DE1685"
"HGame/Classes/Bosses/Aragog.uc"	"1161"	"GLOBAL_STORY_CONTEXT"	"REVIEWED"	"Encounter/player-mode transition; generic aggro retargeting is insufficient"	"17B1FC8D5AB019E4D9F47B8EE0EA3C309B4E70CA4F6F185E2BAD8D2123DE1685"
"HGame/Classes/Bosses/Aragog.uc"	"1170"	"AI_TARGET_CONTEXT|GLOBAL_STORY_CONTEXT"	"REVIEW_REQUIRED"	"Combat candidate; verify carry owner, item recipient, boss/story effects"	"17B1FC8D5AB019E4D9F47B8EE0EA3C309B4E70CA4F6F185E2BAD8D2123DE1685"
"HGame/Classes/Director.uc"	"7"	"GLOBAL_STORY_CONTEXT|LOCAL_PLAYER_CONTEXT"	"DECLARATION_OR_COMMENT"	"Lexical occurrence; not an executable operation"	"2CCA4B30A4F03668DB45FB73F9F24D5B100442D800C7906A5B81FA6ED7A8A3A8"
"HGame/Classes/Director.uc"	"13"	"GLOBAL_STORY_CONTEXT|LOCAL_PLAYER_CONTEXT"	"REVIEW_REQUIRED"	"Story and presentation mixed; classify operation not alias spelling"	"2CCA4B30A4F03668DB45FB73F9F24D5B100442D800C7906A5B81FA6ED7A8A3A8"
"HGame/Classes/Director.uc"	"22"	"GLOBAL_STORY_CONTEXT|LOCAL_PLAYER_CONTEXT"	"REVIEW_REQUIRED"	"Story and presentation mixed; classify operation not alias spelling"	"2CCA4B30A4F03668DB45FB73F9F24D5B100442D800C7906A5B81FA6ED7A8A3A8"
"HGame/Classes/Director.uc"	"27"	"GLOBAL_STORY_CONTEXT|LOCAL_PLAYER_CONTEXT"	"REVIEW_REQUIRED"	"Story and presentation mixed; classify operation not alias spelling"	"2CCA4B30A4F03668DB45FB73F9F24D5B100442D800C7906A5B81FA6ED7A8A3A8"
"HGame/Classes/Director.uc"	"32"	"GLOBAL_STORY_CONTEXT|LOCAL_PLAYER_CONTEXT"	"REVIEW_REQUIRED"	"Story and presentation mixed; classify operation not alias spelling"	"2CCA4B30A4F03668DB45FB73F9F24D5B100442D800C7906A5B81FA6ED7A8A3A8"
"HGame/Classes/Director.uc"	"37"	"GLOBAL_STORY_CONTEXT|LOCAL_PLAYER_CONTEXT"	"REVIEW_REQUIRED"	"Story and presentation mixed; classify operation not alias spelling"	"2CCA4B30A4F03668DB45FB73F9F24D5B100442D800C7906A5B81FA6ED7A8A3A8"
"HGame/Classes/Director.uc"	"42"	"GLOBAL_STORY_CONTEXT|LOCAL_PLAYER_CONTEXT"	"REVIEW_REQUIRED"	"Story and presentation mixed; classify operation not alias spelling"	"2CCA4B30A4F03668DB45FB73F9F24D5B100442D800C7906A5B81FA6ED7A8A3A8"
"HGame/Classes/Director.uc"	"47"	"GLOBAL_STORY_CONTEXT|LOCAL_PLAYER_CONTEXT"	"REVIEW_REQUIRED"	"Story and presentation mixed; classify operation not alias spelling"	"2CCA4B30A4F03668DB45FB73F9F24D5B100442D800C7906A5B81FA6ED7A8A3A8"
"HGame/Classes/Director.uc"	"52"	"GLOBAL_STORY_CONTEXT|LOCAL_PLAYER_CONTEXT"	"REVIEW_REQUIRED"	"Story and presentation mixed; classify operation not alias spelling"	"2CCA4B30A4F03668DB45FB73F9F24D5B100442D800C7906A5B81FA6ED7A8A3A8"
"HGame/Classes/Director.uc"	"91"	"GLOBAL_STORY_CONTEXT|LOCAL_PLAYER_CONTEXT"	"REVIEW_REQUIRED"	"Story and presentation mixed; classify operation not alias spelling"	"2CCA4B30A4F03668DB45FB73F9F24D5B100442D800C7906A5B81FA6ED7A8A3A8"
"HGame/Classes/Director.uc"	"109"	"GLOBAL_STORY_CONTEXT|LOCAL_PLAYER_CONTEXT"	"REVIEW_REQUIRED"	"Story and presentation mixed; classify operation not alias spelling"	"2CCA4B30A4F03668DB45FB73F9F24D5B100442D800C7906A5B81FA6ED7A8A3A8"
"HGame/Classes/Director.uc"	"111"	"GLOBAL_STORY_CONTEXT|LOCAL_PLAYER_CONTEXT"	"REVIEW_REQUIRED"	"Story and presentation mixed; classify operation not alias spelling"	"2CCA4B30A4F03668DB45FB73F9F24D5B100442D800C7906A5B81FA6ED7A8A3A8"
"HGame/Classes/Director.uc"	"112"	"GLOBAL_STORY_CONTEXT|LOCAL_PLAYER_CONTEXT"	"REVIEW_REQUIRED"	"Story and presentation mixed; classify operation not alias spelling"	"2CCA4B30A4F03668DB45FB73F9F24D5B100442D800C7906A5B81FA6ED7A8A3A8"
"HGame/Classes/Director.uc"	"113"	"GLOBAL_STORY_CONTEXT|LOCAL_PLAYER_CONTEXT"	"REVIEW_REQUIRED"	"Story and presentation mixed; classify operation not alias spelling"	"2CCA4B30A4F03668DB45FB73F9F24D5B100442D800C7906A5B81FA6ED7A8A3A8"
"HGame/Classes/Director.uc"	"114"	"GLOBAL_STORY_CONTEXT|LOCAL_PLAYER_CONTEXT"	"REVIEW_REQUIRED"	"Story and presentation mixed; classify operation not alias spelling"	"2CCA4B30A4F03668DB45FB73F9F24D5B100442D800C7906A5B81FA6ED7A8A3A8"
"HGame/Classes/Director.uc"	"116"	"GLOBAL_STORY_CONTEXT|LOCAL_PLAYER_CONTEXT"	"REVIEW_REQUIRED"	"Story and presentation mixed; classify operation not alias spelling"	"2CCA4B30A4F03668DB45FB73F9F24D5B100442D800C7906A5B81FA6ED7A8A3A8"
"HGame/Classes/Director.uc"	"117"	"GLOBAL_STORY_CONTEXT|LOCAL_PLAYER_CONTEXT"	"REVIEW_REQUIRED"	"Story and presentation mixed; classify operation not alias spelling"	"2CCA4B30A4F03668DB45FB73F9F24D5B100442D800C7906A5B81FA6ED7A8A3A8"
"HGame/Classes/Director.uc"	"118"	"GLOBAL_STORY_CONTEXT|LOCAL_PLAYER_CONTEXT"	"REVIEW_REQUIRED"	"Story and presentation mixed; classify operation not alias spelling"	"2CCA4B30A4F03668DB45FB73F9F24D5B100442D800C7906A5B81FA6ED7A8A3A8"
"HGame/Classes/Director.uc"	"119"	"GLOBAL_STORY_CONTEXT|LOCAL_PLAYER_CONTEXT"	"REVIEW_REQUIRED"	"Story and presentation mixed; classify operation not alias spelling"	"2CCA4B30A4F03668DB45FB73F9F24D5B100442D800C7906A5B81FA6ED7A8A3A8"
"HGame/Classes/Director.uc"	"120"	"GLOBAL_STORY_CONTEXT|LOCAL_PLAYER_CONTEXT"	"REVIEW_REQUIRED"	"Story and presentation mixed; classify operation not alias spelling"	"2CCA4B30A4F03668DB45FB73F9F24D5B100442D800C7906A5B81FA6ED7A8A3A8"
"HGame/Classes/Director.uc"	"122"	"GLOBAL_STORY_CONTEXT|LOCAL_PLAYER_CONTEXT"	"REVIEW_REQUIRED"	"Story and presentation mixed; classify operation not alias spelling"	"2CCA4B30A4F03668DB45FB73F9F24D5B100442D800C7906A5B81FA6ED7A8A3A8"
"HGame/Classes/Director.uc"	"123"	"GLOBAL_STORY_CONTEXT|LOCAL_PLAYER_CONTEXT"	"REVIEW_REQUIRED"	"Story and presentation mixed; classify operation not alias spelling"	"2CCA4B30A4F03668DB45FB73F9F24D5B100442D800C7906A5B81FA6ED7A8A3A8"
"HGame/Classes/Director.uc"	"125"	"GLOBAL_STORY_CONTEXT|LOCAL_PLAYER_CONTEXT"	"REVIEW_REQUIRED"	"Story and presentation mixed; classify operation not alias spelling"	"2CCA4B30A4F03668DB45FB73F9F24D5B100442D800C7906A5B81FA6ED7A8A3A8"
"HGame/Classes/Director.uc"	"127"	"GLOBAL_STORY_CONTEXT|LOCAL_PLAYER_CONTEXT"	"REVIEW_REQUIRED"	"Story and presentation mixed; classify operation not alias spelling"	"2CCA4B30A4F03668DB45FB73F9F24D5B100442D800C7906A5B81FA6ED7A8A3A8"
"HGame/Classes/Director.uc"	"128"	"GLOBAL_STORY_CONTEXT|LOCAL_PLAYER_CONTEXT"	"REVIEW_REQUIRED"	"Story and presentation mixed; classify operation not alias spelling"	"2CCA4B30A4F03668DB45FB73F9F24D5B100442D800C7906A5B81FA6ED7A8A3A8"
"HGame/Classes/Director.uc"	"129"	"GLOBAL_STORY_CONTEXT|LOCAL_PLAYER_CONTEXT"	"REVIEW_REQUIRED"	"Story and presentation mixed; classify operation not alias spelling"	"2CCA4B30A4F03668DB45FB73F9F24D5B100442D800C7906A5B81FA6ED7A8A3A8"
"HGame/Classes/Director.uc"	"133"	"GLOBAL_STORY_CONTEXT|LOCAL_PLAYER_CONTEXT"	"REVIEW_REQUIRED"	"Story and presentation mixed; classify operation not alias spelling"	"2CCA4B30A4F03668DB45FB73F9F24D5B100442D800C7906A5B81FA6ED7A8A3A8"
"HGame/Classes/Director.uc"	"144"	"GLOBAL_STORY_CONTEXT|LOCAL_PLAYER_CONTEXT"	"REVIEW_REQUIRED"	"Story and presentation mixed; classify operation not alias spelling"	"2CCA4B30A4F03668DB45FB73F9F24D5B100442D800C7906A5B81FA6ED7A8A3A8"
"HGame/Classes/Director.uc"	"149"	"GLOBAL_STORY_CONTEXT|LOCAL_PLAYER_CONTEXT"	"REVIEW_REQUIRED"	"Story and presentation mixed; classify operation not alias spelling"	"2CCA4B30A4F03668DB45FB73F9F24D5B100442D800C7906A5B81FA6ED7A8A3A8"
"HGame/Classes/Director.uc"	"154"	"GLOBAL_STORY_CONTEXT|LOCAL_PLAYER_CONTEXT"	"REVIEW_REQUIRED"	"Story and presentation mixed; classify operation not alias spelling"	"2CCA4B30A4F03668DB45FB73F9F24D5B100442D800C7906A5B81FA6ED7A8A3A8"
"HGame/Classes/HPVersusCamera.uc"	"8"	"LOCAL_PLAYER_CONTEXT|GLOBAL_STORY_CONTEXT|AI_TARGET_CONTEXT"	"DECLARATION_OR_COMMENT"	"Lexical occurrence; not an executable operation"	"41E01B70F1D8753B5562B64840F66483C70436343DEE2A7B147CD459B29257B3"
"HGame/Classes/HPVersusCamera.uc"	"13"	"LOCAL_PLAYER_CONTEXT|GLOBAL_STORY_CONTEXT|AI_TARGET_CONTEXT"	"DECLARATION_OR_COMMENT"	"Lexical occurrence; not an executable operation"	"41E01B70F1D8753B5562B64840F66483C70436343DEE2A7B147CD459B29257B3"
"HGame/Classes/HPVersusCamera.uc"	"67"	"LOCAL_PLAYER_CONTEXT|GLOBAL_STORY_CONTEXT|AI_TARGET_CONTEXT"	"REVIEW_REQUIRED"	"Mixed legacy alias; inspect operation and callers before edits"	"41E01B70F1D8753B5562B64840F66483C70436343DEE2A7B147CD459B29257B3"
"HGame/Classes/HPVersusCamera.uc"	"68"	"LOCAL_PLAYER_CONTEXT|GLOBAL_STORY_CONTEXT|AI_TARGET_CONTEXT"	"REVIEW_REQUIRED"	"Mixed legacy alias; inspect operation and callers before edits"	"41E01B70F1D8753B5562B64840F66483C70436343DEE2A7B147CD459B29257B3"
"HGame/Classes/HPVersusCamera.uc"	"104"	"LOCAL_PLAYER_CONTEXT|GLOBAL_STORY_CONTEXT|AI_TARGET_CONTEXT"	"REVIEW_REQUIRED"	"Mixed legacy alias; inspect operation and callers before edits"	"41E01B70F1D8753B5562B64840F66483C70436343DEE2A7B147CD459B29257B3"
"HGame/Classes/HPVersusCamera.uc"	"105"	"LOCAL_PLAYER_CONTEXT|GLOBAL_STORY_CONTEXT|AI_TARGET_CONTEXT"	"REVIEW_REQUIRED"	"Mixed legacy alias; inspect operation and callers before edits"	"41E01B70F1D8753B5562B64840F66483C70436343DEE2A7B147CD459B29257B3"
"HGame/Classes/HPVersusAlohomora.uc"	"25"	"LOCAL_PLAYER_CONTEXT|GLOBAL_STORY_CONTEXT|AI_TARGET_CONTEXT"	"REVIEW_REQUIRED"	"Mixed legacy alias; inspect operation and callers before edits"	"7C6BBC9CB2DDBA59323D04465AF6BF29DFC04F0D7DD8D9E2F0496FCEF2EF4C26"
"HGame/Classes/Demo/TriggerEndDemo.uc"	"12"	"LOCAL_PLAYER_CONTEXT|GLOBAL_STORY_CONTEXT|AI_TARGET_CONTEXT"	"REVIEW_REQUIRED"	"Mixed legacy alias; inspect operation and callers before edits"	"64B60CD1117694CC5418D4996C1C78534D32D3F1C502F5C5C41D2153322684E9"
"HGame/Classes/Demo/TriggerEndDemo.uc"	"18"	"LOCAL_PLAYER_CONTEXT|GLOBAL_STORY_CONTEXT|AI_TARGET_CONTEXT"	"REVIEW_REQUIRED"	"Mixed legacy alias; inspect operation and callers before edits"	"64B60CD1117694CC5418D4996C1C78534D32D3F1C502F5C5C41D2153322684E9"
"HGame/Classes/Demo/TriggerEndDemo.uc"	"27"	"LOCAL_PLAYER_CONTEXT|GLOBAL_STORY_CONTEXT|AI_TARGET_CONTEXT"	"DECLARATION_OR_COMMENT"	"Lexical occurrence; not an executable operation"	"64B60CD1117694CC5418D4996C1C78534D32D3F1C502F5C5C41D2153322684E9"
"HGame/Classes/Demo/TriggerEndDemo.uc"	"29"	"LOCAL_PLAYER_CONTEXT|GLOBAL_STORY_CONTEXT|AI_TARGET_CONTEXT"	"REVIEW_REQUIRED"	"Mixed legacy alias; inspect operation and callers before edits"	"64B60CD1117694CC5418D4996C1C78534D32D3F1C502F5C5C41D2153322684E9"
"HGame/Classes/Demo/TriggerEndDemo.uc"	"30"	"LOCAL_PLAYER_CONTEXT|GLOBAL_STORY_CONTEXT|AI_TARGET_CONTEXT"	"REVIEW_REQUIRED"	"Mixed legacy alias; inspect operation and callers before edits"	"64B60CD1117694CC5418D4996C1C78534D32D3F1C502F5C5C41D2153322684E9"
"HGame/Classes/Demo/TriggerEndDemo.uc"	"35"	"LOCAL_PLAYER_CONTEXT|GLOBAL_STORY_CONTEXT|AI_TARGET_CONTEXT"	"REVIEW_REQUIRED"	"Mixed legacy alias; inspect operation and callers before edits"	"64B60CD1117694CC5418D4996C1C78534D32D3F1C502F5C5C41D2153322684E9"
"HGame/Classes/Characters/Hedwig.uc"	"123"	"LOCAL_PLAYER_CONTEXT|GLOBAL_STORY_CONTEXT|AI_TARGET_CONTEXT"	"REVIEW_REQUIRED"	"Mixed legacy alias; inspect operation and callers before edits"	"07AF1096E0EBB94E7545044DE6B0C03493D1145A25A43BC797A213D298C9ADFF"
"HGame/Classes/WhompingWillow/WillowRoot.uc"	"38"	"LOCAL_PLAYER_CONTEXT|GLOBAL_STORY_CONTEXT|AI_TARGET_CONTEXT"	"REVIEW_REQUIRED"	"Mixed legacy alias; inspect operation and callers before edits"	"48907DCE613AA1D59E0267FBCB54EA2E149FF72C6C60F07231C22FDC4B9C3163"
"HGame/Classes/WhompingWillow/WillowRoot.uc"	"61"	"LOCAL_PLAYER_CONTEXT|GLOBAL_STORY_CONTEXT|AI_TARGET_CONTEXT"	"REVIEW_REQUIRED"	"Mixed legacy alias; inspect operation and callers before edits"	"48907DCE613AA1D59E0267FBCB54EA2E149FF72C6C60F07231C22FDC4B9C3163"
"HGame/Classes/WhompingWillow/WillowRoot.uc"	"112"	"LOCAL_PLAYER_CONTEXT|GLOBAL_STORY_CONTEXT|AI_TARGET_CONTEXT"	"REVIEW_REQUIRED"	"Mixed legacy alias; inspect operation and callers before edits"	"48907DCE613AA1D59E0267FBCB54EA2E149FF72C6C60F07231C22FDC4B9C3163"
"HGame/Classes/WhompingWillow/WillowRoot.uc"	"115"	"LOCAL_PLAYER_CONTEXT|GLOBAL_STORY_CONTEXT|AI_TARGET_CONTEXT"	"REVIEW_REQUIRED"	"Mixed legacy alias; inspect operation and callers before edits"	"48907DCE613AA1D59E0267FBCB54EA2E149FF72C6C60F07231C22FDC4B9C3163"
"HGame/Classes/HPawn.uc"	"18"	"LOCAL_PLAYER_CONTEXT|GLOBAL_STORY_CONTEXT|AI_TARGET_CONTEXT"	"DECLARATION_OR_COMMENT"	"Lexical occurrence; not an executable operation"	"AA714A14C47F026C29574F285D06BB58C8690C8B1E62AF3A9D9E70898C647422"
"HGame/Classes/HPawn.uc"	"95"	"GLOBAL_STORY_CONTEXT|AI_TARGET_CONTEXT"	"REVIEWED_MIXED"	"One-time cache inherited by enemies, props and story actors; split via opt-in resolver"	"AA714A14C47F026C29574F285D06BB58C8690C8B1E62AF3A9D9E70898C647422"
"HGame/Classes/HPawn.uc"	"96"	"LOCAL_PLAYER_CONTEXT|GLOBAL_STORY_CONTEXT|AI_TARGET_CONTEXT"	"REVIEW_REQUIRED"	"Mixed legacy alias; inspect operation and callers before edits"	"AA714A14C47F026C29574F285D06BB58C8690C8B1E62AF3A9D9E70898C647422"
"HGame/Classes/HPawn.uc"	"236"	"LOCAL_PLAYER_CONTEXT|GLOBAL_STORY_CONTEXT|AI_TARGET_CONTEXT"	"REVIEW_REQUIRED"	"Mixed legacy alias; inspect operation and callers before edits"	"AA714A14C47F026C29574F285D06BB58C8690C8B1E62AF3A9D9E70898C647422"
"HGame/Classes/HPawn.uc"	"241"	"LOCAL_PLAYER_CONTEXT|GLOBAL_STORY_CONTEXT|AI_TARGET_CONTEXT"	"REVIEW_REQUIRED"	"Mixed legacy alias; inspect operation and callers before edits"	"AA714A14C47F026C29574F285D06BB58C8690C8B1E62AF3A9D9E70898C647422"
"HGame/Classes/HPawn.uc"	"246"	"LOCAL_PLAYER_CONTEXT|GLOBAL_STORY_CONTEXT|AI_TARGET_CONTEXT"	"REVIEW_REQUIRED"	"Mixed legacy alias; inspect operation and callers before edits"	"AA714A14C47F026C29574F285D06BB58C8690C8B1E62AF3A9D9E70898C647422"
"HGame/Classes/HPawn.uc"	"894"	"LOCAL_PLAYER_CONTEXT|GLOBAL_STORY_CONTEXT|AI_TARGET_CONTEXT"	"REVIEW_REQUIRED"	"Mixed legacy alias; inspect operation and callers before edits"	"AA714A14C47F026C29574F285D06BB58C8690C8B1E62AF3A9D9E70898C647422"
"HGame/Classes/HPawn.uc"	"898"	"LOCAL_PLAYER_CONTEXT|GLOBAL_STORY_CONTEXT|AI_TARGET_CONTEXT"	"REVIEW_REQUIRED"	"Mixed legacy alias; inspect operation and callers before edits"	"AA714A14C47F026C29574F285D06BB58C8690C8B1E62AF3A9D9E70898C647422"
"HGame/Classes/HPawn.uc"	"904"	"LOCAL_PLAYER_CONTEXT|GLOBAL_STORY_CONTEXT|AI_TARGET_CONTEXT"	"REVIEW_REQUIRED"	"Mixed legacy alias; inspect operation and callers before edits"	"AA714A14C47F026C29574F285D06BB58C8690C8B1E62AF3A9D9E70898C647422"
"HGame/Classes/HPawn.uc"	"1027"	"LOCAL_PLAYER_CONTEXT|GLOBAL_STORY_CONTEXT|AI_TARGET_CONTEXT"	"REVIEW_REQUIRED"	"Mixed legacy alias; inspect operation and callers before edits"	"AA714A14C47F026C29574F285D06BB58C8690C8B1E62AF3A9D9E70898C647422"
"HGame/Classes/HPawn.uc"	"1030"	"LOCAL_PLAYER_CONTEXT|GLOBAL_STORY_CONTEXT|AI_TARGET_CONTEXT"	"REVIEW_REQUIRED"	"Mixed legacy alias; inspect operation and callers before edits"	"AA714A14C47F026C29574F285D06BB58C8690C8B1E62AF3A9D9E70898C647422"
"HGame/Classes/HPawn.uc"	"1079"	"LOCAL_PLAYER_CONTEXT|GLOBAL_STORY_CONTEXT|AI_TARGET_CONTEXT"	"REVIEW_REQUIRED"	"Mixed legacy alias; inspect operation and callers before edits"	"AA714A14C47F026C29574F285D06BB58C8690C8B1E62AF3A9D9E70898C647422"
"HGame/Classes/HPawn.uc"	"1082"	"LOCAL_PLAYER_CONTEXT|GLOBAL_STORY_CONTEXT|AI_TARGET_CONTEXT"	"REVIEW_REQUIRED"	"Mixed legacy alias; inspect operation and callers before edits"	"AA714A14C47F026C29574F285D06BB58C8690C8B1E62AF3A9D9E70898C647422"
"HGame/Classes/HPawn.uc"	"1086"	"LOCAL_PLAYER_CONTEXT|GLOBAL_STORY_CONTEXT|AI_TARGET_CONTEXT"	"REVIEW_REQUIRED"	"Mixed legacy alias; inspect operation and callers before edits"	"AA714A14C47F026C29574F285D06BB58C8690C8B1E62AF3A9D9E70898C647422"
"HGame/Classes/HPawn.uc"	"1088"	"LOCAL_PLAYER_CONTEXT|GLOBAL_STORY_CONTEXT|AI_TARGET_CONTEXT"	"REVIEW_REQUIRED"	"Mixed legacy alias; inspect operation and callers before edits"	"AA714A14C47F026C29574F285D06BB58C8690C8B1E62AF3A9D9E70898C647422"
"HGame/Classes/HPawn.uc"	"1093"	"LOCAL_PLAYER_CONTEXT|GLOBAL_STORY_CONTEXT|AI_TARGET_CONTEXT"	"REVIEW_REQUIRED"	"Mixed legacy alias; inspect operation and callers before edits"	"AA714A14C47F026C29574F285D06BB58C8690C8B1E62AF3A9D9E70898C647422"
"HGame/Classes/HPawn.uc"	"1116"	"LOCAL_PLAYER_CONTEXT|GLOBAL_STORY_CONTEXT|AI_TARGET_CONTEXT"	"REVIEW_REQUIRED"	"Mixed legacy alias; inspect operation and callers before edits"	"AA714A14C47F026C29574F285D06BB58C8690C8B1E62AF3A9D9E70898C647422"
"HGame/Classes/HPawn.uc"	"1367"	"LOCAL_PLAYER_CONTEXT|GLOBAL_STORY_CONTEXT|AI_TARGET_CONTEXT"	"REVIEW_REQUIRED"	"Mixed legacy alias; inspect operation and callers before edits"	"AA714A14C47F026C29574F285D06BB58C8690C8B1E62AF3A9D9E70898C647422"
"HGame/Classes/HPawn.uc"	"1732"	"LOCAL_PLAYER_CONTEXT|GLOBAL_STORY_CONTEXT|AI_TARGET_CONTEXT"	"REVIEW_REQUIRED"	"Mixed legacy alias; inspect operation and callers before edits"	"AA714A14C47F026C29574F285D06BB58C8690C8B1E62AF3A9D9E70898C647422"
"HGame/Classes/WhompingWillow/WhompWRController.uc"	"16"	"LOCAL_PLAYER_CONTEXT|GLOBAL_STORY_CONTEXT|AI_TARGET_CONTEXT"	"DECLARATION_OR_COMMENT"	"Lexical occurrence; not an executable operation"	"CBC63BDBA066FB210BAA431D68B1AA4722EF64464CB5B339871FB26C686398F1"
"HGame/Classes/WhompingWillow/WhompWRController.uc"	"24"	"LOCAL_PLAYER_CONTEXT|GLOBAL_STORY_CONTEXT|AI_TARGET_CONTEXT"	"REVIEW_REQUIRED"	"Mixed legacy alias; inspect operation and callers before edits"	"CBC63BDBA066FB210BAA431D68B1AA4722EF64464CB5B339871FB26C686398F1"
"HGame/Classes/WhompingWillow/WhompWRController.uc"	"31"	"LOCAL_PLAYER_CONTEXT|GLOBAL_STORY_CONTEXT|AI_TARGET_CONTEXT"	"REVIEW_REQUIRED"	"Mixed legacy alias; inspect operation and callers before edits"	"CBC63BDBA066FB210BAA431D68B1AA4722EF64464CB5B339871FB26C686398F1"
"HGame/Classes/WhompingWillow/WhompWRController.uc"	"39"	"LOCAL_PLAYER_CONTEXT|GLOBAL_STORY_CONTEXT|AI_TARGET_CONTEXT"	"REVIEW_REQUIRED"	"Mixed legacy alias; inspect operation and callers before edits"	"CBC63BDBA066FB210BAA431D68B1AA4722EF64464CB5B339871FB26C686398F1"
"HGame/Classes/WhompingWillow/WhompWRController.uc"	"84"	"LOCAL_PLAYER_CONTEXT|GLOBAL_STORY_CONTEXT|AI_TARGET_CONTEXT"	"REVIEW_REQUIRED"	"Mixed legacy alias; inspect operation and callers before edits"	"CBC63BDBA066FB210BAA431D68B1AA4722EF64464CB5B339871FB26C686398F1"
"HGame/Classes/WhompingWillow/WhompWRController.uc"	"94"	"LOCAL_PLAYER_CONTEXT|GLOBAL_STORY_CONTEXT|AI_TARGET_CONTEXT"	"REVIEW_REQUIRED"	"Mixed legacy alias; inspect operation and callers before edits"	"CBC63BDBA066FB210BAA431D68B1AA4722EF64464CB5B339871FB26C686398F1"
"HGame/Classes/WhompingWillow/WhompWRController.uc"	"104"	"LOCAL_PLAYER_CONTEXT|GLOBAL_STORY_CONTEXT|AI_TARGET_CONTEXT"	"REVIEW_REQUIRED"	"Mixed legacy alias; inspect operation and callers before edits"	"CBC63BDBA066FB210BAA431D68B1AA4722EF64464CB5B339871FB26C686398F1"
"HGame/Classes/WhompingWillow/WhompWRController.uc"	"117"	"LOCAL_PLAYER_CONTEXT|GLOBAL_STORY_CONTEXT|AI_TARGET_CONTEXT"	"REVIEW_REQUIRED"	"Mixed legacy alias; inspect operation and callers before edits"	"CBC63BDBA066FB210BAA431D68B1AA4722EF64464CB5B339871FB26C686398F1"
"HGame/Classes/WhompingWillow/WhompWRController.uc"	"129"	"LOCAL_PLAYER_CONTEXT|GLOBAL_STORY_CONTEXT|AI_TARGET_CONTEXT"	"REVIEW_REQUIRED"	"Mixed legacy alias; inspect operation and callers before edits"	"CBC63BDBA066FB210BAA431D68B1AA4722EF64464CB5B339871FB26C686398F1"
"HGame/Classes/WhompingWillow/WhompWRController.uc"	"131"	"LOCAL_PLAYER_CONTEXT|GLOBAL_STORY_CONTEXT|AI_TARGET_CONTEXT"	"REVIEW_REQUIRED"	"Mixed legacy alias; inspect operation and callers before edits"	"CBC63BDBA066FB210BAA431D68B1AA4722EF64464CB5B339871FB26C686398F1"
"HGame/Classes/WhompingWillow/WhompWRController.uc"	"132"	"LOCAL_PLAYER_CONTEXT|GLOBAL_STORY_CONTEXT|AI_TARGET_CONTEXT"	"REVIEW_REQUIRED"	"Mixed legacy alias; inspect operation and callers before edits"	"CBC63BDBA066FB210BAA431D68B1AA4722EF64464CB5B339871FB26C686398F1"
"HGame/Classes/WhompingWillow/WhompWRController.uc"	"136"	"LOCAL_PLAYER_CONTEXT|GLOBAL_STORY_CONTEXT|AI_TARGET_CONTEXT"	"REVIEW_REQUIRED"	"Mixed legacy alias; inspect operation and callers before edits"	"CBC63BDBA066FB210BAA431D68B1AA4722EF64464CB5B339871FB26C686398F1"
"HGame/Classes/WhompingWillow/WhompWRController.uc"	"140"	"LOCAL_PLAYER_CONTEXT|GLOBAL_STORY_CONTEXT|AI_TARGET_CONTEXT"	"REVIEW_REQUIRED"	"Mixed legacy alias; inspect operation and callers before edits"	"CBC63BDBA066FB210BAA431D68B1AA4722EF64464CB5B339871FB26C686398F1"
"HGame/Classes/WhompingWillow/WhompWRController.uc"	"195"	"LOCAL_PLAYER_CONTEXT|GLOBAL_STORY_CONTEXT|AI_TARGET_CONTEXT"	"REVIEW_REQUIRED"	"Mixed legacy alias; inspect operation and callers before edits"	"CBC63BDBA066FB210BAA431D68B1AA4722EF64464CB5B339871FB26C686398F1"
"HGame/Classes/WhompingWillow/WhompWRController.uc"	"208"	"LOCAL_PLAYER_CONTEXT|GLOBAL_STORY_CONTEXT|AI_TARGET_CONTEXT"	"REVIEW_REQUIRED"	"Mixed legacy alias; inspect operation and callers before edits"	"CBC63BDBA066FB210BAA431D68B1AA4722EF64464CB5B339871FB26C686398F1"
"HGame/Classes/WhompingWillow/WhompWRController.uc"	"248"	"LOCAL_PLAYER_CONTEXT|GLOBAL_STORY_CONTEXT|AI_TARGET_CONTEXT"	"REVIEW_REQUIRED"	"Mixed legacy alias; inspect operation and callers before edits"	"CBC63BDBA066FB210BAA431D68B1AA4722EF64464CB5B339871FB26C686398F1"
"HGame/Classes/Enemies/Tentacula.uc"	"105"	"AI_TARGET_CONTEXT|GLOBAL_STORY_CONTEXT"	"REVIEW_REQUIRED"	"Combat candidate; verify carry owner, item recipient, boss/story effects"	"D2E559035665D9BB8FE31EBFD312A7CADA991BA32E25907A75D040DA53D390C2"
"HGame/Classes/Enemies/Tentacula.uc"	"138"	"AI_TARGET_CONTEXT|GLOBAL_STORY_CONTEXT"	"REVIEW_REQUIRED"	"Combat candidate; verify carry owner, item recipient, boss/story effects"	"D2E559035665D9BB8FE31EBFD312A7CADA991BA32E25907A75D040DA53D390C2"
"HGame/Classes/Enemies/Tentacula.uc"	"238"	"AI_TARGET_CONTEXT|GLOBAL_STORY_CONTEXT"	"REVIEW_REQUIRED"	"Combat candidate; verify carry owner, item recipient, boss/story effects"	"D2E559035665D9BB8FE31EBFD312A7CADA991BA32E25907A75D040DA53D390C2"
"HGame/Classes/Enemies/Tentacula.uc"	"379"	"AI_TARGET_CONTEXT|GLOBAL_STORY_CONTEXT"	"REVIEW_REQUIRED"	"Combat candidate; verify carry owner, item recipient, boss/story effects"	"D2E559035665D9BB8FE31EBFD312A7CADA991BA32E25907A75D040DA53D390C2"
"HGame/Classes/Enemies/Tentacula.uc"	"408"	"AI_TARGET_CONTEXT|GLOBAL_STORY_CONTEXT"	"REVIEW_REQUIRED"	"Combat candidate; verify carry owner, item recipient, boss/story effects"	"D2E559035665D9BB8FE31EBFD312A7CADA991BA32E25907A75D040DA53D390C2"
"HGame/Classes/Enemies/SpikyPlant.uc"	"41"	"AI_TARGET_CONTEXT|GLOBAL_STORY_CONTEXT"	"REVIEW_REQUIRED"	"Combat candidate; verify carry owner, item recipient, boss/story effects"	"1123A0542DF0E9C834F0365FA196AE18FE3C084990357A613A212823CC097368"
"HGame/Classes/Enemies/SpikyPlant.uc"	"42"	"AI_TARGET_CONTEXT|GLOBAL_STORY_CONTEXT"	"REVIEW_REQUIRED"	"Combat candidate; verify carry owner, item recipient, boss/story effects"	"1123A0542DF0E9C834F0365FA196AE18FE3C084990357A613A212823CC097368"
"HGame/Classes/Enemies/SpikyPlant.uc"	"113"	"AI_TARGET_CONTEXT|GLOBAL_STORY_CONTEXT"	"REVIEW_REQUIRED"	"Combat candidate; verify carry owner, item recipient, boss/story effects"	"1123A0542DF0E9C834F0365FA196AE18FE3C084990357A613A212823CC097368"
"HGame/Classes/Enemies/SpikyPlant.uc"	"115"	"AI_TARGET_CONTEXT|GLOBAL_STORY_CONTEXT"	"REVIEW_REQUIRED"	"Combat candidate; verify carry owner, item recipient, boss/story effects"	"1123A0542DF0E9C834F0365FA196AE18FE3C084990357A613A212823CC097368"
"HGame/Classes/HPVersusMimblewimble.uc"	"21"	"LOCAL_PLAYER_CONTEXT|GLOBAL_STORY_CONTEXT|AI_TARGET_CONTEXT"	"REVIEW_REQUIRED"	"Mixed legacy alias; inspect operation and callers before edits"	"BB63F2FA81A6786C40996037DD613385B74D919C6CAA02F41BC17232455F1EE9"
"HGame/Classes/HUD/VendorManager.uc"	"156"	"LOCAL_PLAYER_CONTEXT|GLOBAL_STORY_CONTEXT"	"REVIEW_REQUIRED"	"Presentation subsystem; inventory/progression side effects still need review"	"2F338CEA61F48B505D6EA267C3FF5A00295EA4B5E4C1EDC6CDF5873D452BB0F2"
"HGame/Classes/HUD/VendorManager.uc"	"157"	"LOCAL_PLAYER_CONTEXT|GLOBAL_STORY_CONTEXT"	"REVIEW_REQUIRED"	"Presentation subsystem; inventory/progression side effects still need review"	"2F338CEA61F48B505D6EA267C3FF5A00295EA4B5E4C1EDC6CDF5873D452BB0F2"
"HGame/Classes/HUD/VendorManager.uc"	"159"	"LOCAL_PLAYER_CONTEXT|GLOBAL_STORY_CONTEXT"	"REVIEW_REQUIRED"	"Presentation subsystem; inventory/progression side effects still need review"	"2F338CEA61F48B505D6EA267C3FF5A00295EA4B5E4C1EDC6CDF5873D452BB0F2"
"HGame/Classes/HUD/VendorManager.uc"	"163"	"LOCAL_PLAYER_CONTEXT|GLOBAL_STORY_CONTEXT"	"REVIEW_REQUIRED"	"Presentation subsystem; inventory/progression side effects still need review"	"2F338CEA61F48B505D6EA267C3FF5A00295EA4B5E4C1EDC6CDF5873D452BB0F2"
"HGame/Classes/HUD/VendorManager.uc"	"164"	"LOCAL_PLAYER_CONTEXT|GLOBAL_STORY_CONTEXT"	"REVIEW_REQUIRED"	"Presentation subsystem; inventory/progression side effects still need review"	"2F338CEA61F48B505D6EA267C3FF5A00295EA4B5E4C1EDC6CDF5873D452BB0F2"
"HGame/Classes/HUD/VendorManager.uc"	"167"	"LOCAL_PLAYER_CONTEXT|GLOBAL_STORY_CONTEXT"	"REVIEW_REQUIRED"	"Presentation subsystem; inventory/progression side effects still need review"	"2F338CEA61F48B505D6EA267C3FF5A00295EA4B5E4C1EDC6CDF5873D452BB0F2"
"HGame/Classes/HUD/VendorManager.uc"	"168"	"LOCAL_PLAYER_CONTEXT|GLOBAL_STORY_CONTEXT"	"REVIEW_REQUIRED"	"Presentation subsystem; inventory/progression side effects still need review"	"2F338CEA61F48B505D6EA267C3FF5A00295EA4B5E4C1EDC6CDF5873D452BB0F2"
"HGame/Classes/HUD/VendorManager.uc"	"192"	"LOCAL_PLAYER_CONTEXT|GLOBAL_STORY_CONTEXT"	"REVIEW_REQUIRED"	"Presentation subsystem; inventory/progression side effects still need review"	"2F338CEA61F48B505D6EA267C3FF5A00295EA4B5E4C1EDC6CDF5873D452BB0F2"
"HGame/Classes/HUD/VendorManager.uc"	"193"	"LOCAL_PLAYER_CONTEXT|GLOBAL_STORY_CONTEXT"	"REVIEW_REQUIRED"	"Presentation subsystem; inventory/progression side effects still need review"	"2F338CEA61F48B505D6EA267C3FF5A00295EA4B5E4C1EDC6CDF5873D452BB0F2"
"HGame/Classes/HUD/VendorManager.uc"	"194"	"LOCAL_PLAYER_CONTEXT|GLOBAL_STORY_CONTEXT"	"REVIEW_REQUIRED"	"Presentation subsystem; inventory/progression side effects still need review"	"2F338CEA61F48B505D6EA267C3FF5A00295EA4B5E4C1EDC6CDF5873D452BB0F2"
"HGame/Classes/HUD/VendorManager.uc"	"222"	"LOCAL_PLAYER_CONTEXT|GLOBAL_STORY_CONTEXT"	"REVIEW_REQUIRED"	"Presentation subsystem; inventory/progression side effects still need review"	"2F338CEA61F48B505D6EA267C3FF5A00295EA4B5E4C1EDC6CDF5873D452BB0F2"
"HGame/Classes/HUD/VendorManager.uc"	"223"	"LOCAL_PLAYER_CONTEXT|GLOBAL_STORY_CONTEXT"	"REVIEW_REQUIRED"	"Presentation subsystem; inventory/progression side effects still need review"	"2F338CEA61F48B505D6EA267C3FF5A00295EA4B5E4C1EDC6CDF5873D452BB0F2"
"HGame/Classes/HUD/VendorManager.uc"	"227"	"LOCAL_PLAYER_CONTEXT|GLOBAL_STORY_CONTEXT"	"REVIEW_REQUIRED"	"Presentation subsystem; inventory/progression side effects still need review"	"2F338CEA61F48B505D6EA267C3FF5A00295EA4B5E4C1EDC6CDF5873D452BB0F2"
"HGame/Classes/HUD/VendorManager.uc"	"244"	"LOCAL_PLAYER_CONTEXT|GLOBAL_STORY_CONTEXT"	"REVIEW_REQUIRED"	"Presentation subsystem; inventory/progression side effects still need review"	"2F338CEA61F48B505D6EA267C3FF5A00295EA4B5E4C1EDC6CDF5873D452BB0F2"
"HGame/Classes/HUD/VendorManager.uc"	"255"	"LOCAL_PLAYER_CONTEXT|GLOBAL_STORY_CONTEXT"	"REVIEW_REQUIRED"	"Presentation subsystem; inventory/progression side effects still need review"	"2F338CEA61F48B505D6EA267C3FF5A00295EA4B5E4C1EDC6CDF5873D452BB0F2"
"HGame/Classes/HUD/VendorManager.uc"	"271"	"LOCAL_PLAYER_CONTEXT|GLOBAL_STORY_CONTEXT"	"REVIEW_REQUIRED"	"Presentation subsystem; inventory/progression side effects still need review"	"2F338CEA61F48B505D6EA267C3FF5A00295EA4B5E4C1EDC6CDF5873D452BB0F2"
"HGame/Classes/HUD/VendorManager.uc"	"272"	"LOCAL_PLAYER_CONTEXT|GLOBAL_STORY_CONTEXT"	"REVIEW_REQUIRED"	"Presentation subsystem; inventory/progression side effects still need review"	"2F338CEA61F48B505D6EA267C3FF5A00295EA4B5E4C1EDC6CDF5873D452BB0F2"
"HGame/Classes/HUD/VendorManager.uc"	"282"	"LOCAL_PLAYER_CONTEXT|GLOBAL_STORY_CONTEXT"	"REVIEW_REQUIRED"	"Presentation subsystem; inventory/progression side effects still need review"	"2F338CEA61F48B505D6EA267C3FF5A00295EA4B5E4C1EDC6CDF5873D452BB0F2"
"HGame/Classes/HUD/VendorManager.uc"	"311"	"LOCAL_PLAYER_CONTEXT|GLOBAL_STORY_CONTEXT"	"REVIEW_REQUIRED"	"Presentation subsystem; inventory/progression side effects still need review"	"2F338CEA61F48B505D6EA267C3FF5A00295EA4B5E4C1EDC6CDF5873D452BB0F2"
"HGame/Classes/HUD/VendorManager.uc"	"325"	"LOCAL_PLAYER_CONTEXT|GLOBAL_STORY_CONTEXT"	"REVIEW_REQUIRED"	"Presentation subsystem; inventory/progression side effects still need review"	"2F338CEA61F48B505D6EA267C3FF5A00295EA4B5E4C1EDC6CDF5873D452BB0F2"
"HGame/Classes/HUD/VendorManager.uc"	"326"	"LOCAL_PLAYER_CONTEXT|GLOBAL_STORY_CONTEXT"	"REVIEW_REQUIRED"	"Presentation subsystem; inventory/progression side effects still need review"	"2F338CEA61F48B505D6EA267C3FF5A00295EA4B5E4C1EDC6CDF5873D452BB0F2"
"HGame/Classes/HUD/VendorManager.uc"	"327"	"LOCAL_PLAYER_CONTEXT|GLOBAL_STORY_CONTEXT"	"REVIEW_REQUIRED"	"Presentation subsystem; inventory/progression side effects still need review"	"2F338CEA61F48B505D6EA267C3FF5A00295EA4B5E4C1EDC6CDF5873D452BB0F2"
"HGame/Classes/HUD/VendorManager.uc"	"345"	"LOCAL_PLAYER_CONTEXT|GLOBAL_STORY_CONTEXT"	"REVIEW_REQUIRED"	"Presentation subsystem; inventory/progression side effects still need review"	"2F338CEA61F48B505D6EA267C3FF5A00295EA4B5E4C1EDC6CDF5873D452BB0F2"
"HGame/Classes/HUD/VendorManager.uc"	"360"	"LOCAL_PLAYER_CONTEXT|GLOBAL_STORY_CONTEXT"	"REVIEW_REQUIRED"	"Presentation subsystem; inventory/progression side effects still need review"	"2F338CEA61F48B505D6EA267C3FF5A00295EA4B5E4C1EDC6CDF5873D452BB0F2"
"HGame/Classes/HUD/VendorManager.uc"	"364"	"LOCAL_PLAYER_CONTEXT|GLOBAL_STORY_CONTEXT"	"REVIEW_REQUIRED"	"Presentation subsystem; inventory/progression side effects still need review"	"2F338CEA61F48B505D6EA267C3FF5A00295EA4B5E4C1EDC6CDF5873D452BB0F2"
"HGame/Classes/HUD/VendorManager.uc"	"366"	"LOCAL_PLAYER_CONTEXT|GLOBAL_STORY_CONTEXT"	"REVIEW_REQUIRED"	"Presentation subsystem; inventory/progression side effects still need review"	"2F338CEA61F48B505D6EA267C3FF5A00295EA4B5E4C1EDC6CDF5873D452BB0F2"
"HGame/Classes/HUD/VendorManager.uc"	"382"	"LOCAL_PLAYER_CONTEXT|GLOBAL_STORY_CONTEXT"	"REVIEW_REQUIRED"	"Presentation subsystem; inventory/progression side effects still need review"	"2F338CEA61F48B505D6EA267C3FF5A00295EA4B5E4C1EDC6CDF5873D452BB0F2"
"HGame/Classes/HUD/VendorManager.uc"	"384"	"LOCAL_PLAYER_CONTEXT|GLOBAL_STORY_CONTEXT"	"REVIEW_REQUIRED"	"Presentation subsystem; inventory/progression side effects still need review"	"2F338CEA61F48B505D6EA267C3FF5A00295EA4B5E4C1EDC6CDF5873D452BB0F2"
"HGame/Classes/HUD/VendorManager.uc"	"441"	"LOCAL_PLAYER_CONTEXT|GLOBAL_STORY_CONTEXT"	"REVIEW_REQUIRED"	"Presentation subsystem; inventory/progression side effects still need review"	"2F338CEA61F48B505D6EA267C3FF5A00295EA4B5E4C1EDC6CDF5873D452BB0F2"
"HGame/Classes/HUD/VendorManager.uc"	"474"	"LOCAL_PLAYER_CONTEXT|GLOBAL_STORY_CONTEXT"	"REVIEW_REQUIRED"	"Presentation subsystem; inventory/progression side effects still need review"	"2F338CEA61F48B505D6EA267C3FF5A00295EA4B5E4C1EDC6CDF5873D452BB0F2"
"HGame/Classes/HUD/VendorManager.uc"	"500"	"LOCAL_PLAYER_CONTEXT|GLOBAL_STORY_CONTEXT"	"REVIEW_REQUIRED"	"Presentation subsystem; inventory/progression side effects still need review"	"2F338CEA61F48B505D6EA267C3FF5A00295EA4B5E4C1EDC6CDF5873D452BB0F2"
"HGame/Classes/HUD/VendorManager.uc"	"501"	"LOCAL_PLAYER_CONTEXT|GLOBAL_STORY_CONTEXT"	"REVIEW_REQUIRED"	"Presentation subsystem; inventory/progression side effects still need review"	"2F338CEA61F48B505D6EA267C3FF5A00295EA4B5E4C1EDC6CDF5873D452BB0F2"
"HGame/Classes/HUD/VendorManager.uc"	"514"	"LOCAL_PLAYER_CONTEXT|GLOBAL_STORY_CONTEXT"	"REVIEW_REQUIRED"	"Presentation subsystem; inventory/progression side effects still need review"	"2F338CEA61F48B505D6EA267C3FF5A00295EA4B5E4C1EDC6CDF5873D452BB0F2"
"HGame/Classes/HUD/VendorManager.uc"	"543"	"LOCAL_PLAYER_CONTEXT|GLOBAL_STORY_CONTEXT"	"REVIEW_REQUIRED"	"Presentation subsystem; inventory/progression side effects still need review"	"2F338CEA61F48B505D6EA267C3FF5A00295EA4B5E4C1EDC6CDF5873D452BB0F2"
"HGame/Classes/HUD/VendorManager.uc"	"544"	"LOCAL_PLAYER_CONTEXT|GLOBAL_STORY_CONTEXT"	"REVIEW_REQUIRED"	"Presentation subsystem; inventory/progression side effects still need review"	"2F338CEA61F48B505D6EA267C3FF5A00295EA4B5E4C1EDC6CDF5873D452BB0F2"
"HGame/Classes/HUD/VendorManager.uc"	"545"	"LOCAL_PLAYER_CONTEXT|GLOBAL_STORY_CONTEXT"	"REVIEW_REQUIRED"	"Presentation subsystem; inventory/progression side effects still need review"	"2F338CEA61F48B505D6EA267C3FF5A00295EA4B5E4C1EDC6CDF5873D452BB0F2"
"HGame/Classes/HUD/VendorManager.uc"	"546"	"LOCAL_PLAYER_CONTEXT|GLOBAL_STORY_CONTEXT"	"REVIEW_REQUIRED"	"Presentation subsystem; inventory/progression side effects still need review"	"2F338CEA61F48B505D6EA267C3FF5A00295EA4B5E4C1EDC6CDF5873D452BB0F2"
"HGame/Classes/HUD/VendorManager.uc"	"549"	"LOCAL_PLAYER_CONTEXT|GLOBAL_STORY_CONTEXT"	"REVIEW_REQUIRED"	"Presentation subsystem; inventory/progression side effects still need review"	"2F338CEA61F48B505D6EA267C3FF5A00295EA4B5E4C1EDC6CDF5873D452BB0F2"
"HGame/Classes/HUD/VendorManager.uc"	"550"	"LOCAL_PLAYER_CONTEXT|GLOBAL_STORY_CONTEXT"	"REVIEW_REQUIRED"	"Presentation subsystem; inventory/progression side effects still need review"	"2F338CEA61F48B505D6EA267C3FF5A00295EA4B5E4C1EDC6CDF5873D452BB0F2"
"HGame/Classes/HUD/VendorManager.uc"	"571"	"LOCAL_PLAYER_CONTEXT|GLOBAL_STORY_CONTEXT"	"REVIEW_REQUIRED"	"Presentation subsystem; inventory/progression side effects still need review"	"2F338CEA61F48B505D6EA267C3FF5A00295EA4B5E4C1EDC6CDF5873D452BB0F2"
"HGame/Classes/HUD/VendorManager.uc"	"645"	"LOCAL_PLAYER_CONTEXT|GLOBAL_STORY_CONTEXT"	"REVIEW_REQUIRED"	"Presentation subsystem; inventory/progression side effects still need review"	"2F338CEA61F48B505D6EA267C3FF5A00295EA4B5E4C1EDC6CDF5873D452BB0F2"
"HGame/Classes/HUD/VendorManager.uc"	"716"	"LOCAL_PLAYER_CONTEXT|GLOBAL_STORY_CONTEXT"	"REVIEW_REQUIRED"	"Presentation subsystem; inventory/progression side effects still need review"	"2F338CEA61F48B505D6EA267C3FF5A00295EA4B5E4C1EDC6CDF5873D452BB0F2"
"HGame/Classes/HUD/VendorManager.uc"	"739"	"LOCAL_PLAYER_CONTEXT|GLOBAL_STORY_CONTEXT"	"REVIEW_REQUIRED"	"Presentation subsystem; inventory/progression side effects still need review"	"2F338CEA61F48B505D6EA267C3FF5A00295EA4B5E4C1EDC6CDF5873D452BB0F2"
"HGame/Classes/HPVersusSpongify.uc"	"54"	"LOCAL_PLAYER_CONTEXT|GLOBAL_STORY_CONTEXT|AI_TARGET_CONTEXT"	"REVIEW_REQUIRED"	"Mixed legacy alias; inspect operation and callers before edits"	"33A37231F41CF8C4584F9039DC4D60FD87536EBFB75B30691CAD6A76938F7E98"
"HGame/Classes/HUD/QuidditchBar.uc"	"73"	"LOCAL_PLAYER_CONTEXT|GLOBAL_STORY_CONTEXT"	"REVIEW_REQUIRED"	"Presentation subsystem; inventory/progression side effects still need review"	"26C6A2710EEC76985D910243E2913DD9F8E6CC357C9686B2C9449D662E555858"
"HGame/Classes/HUD/QuidditchBar.uc"	"112"	"LOCAL_PLAYER_CONTEXT|GLOBAL_STORY_CONTEXT"	"REVIEW_REQUIRED"	"Presentation subsystem; inventory/progression side effects still need review"	"26C6A2710EEC76985D910243E2913DD9F8E6CC357C9686B2C9449D662E555858"
"HGame/Classes/HUD/QuidditchBar.uc"	"114"	"LOCAL_PLAYER_CONTEXT|GLOBAL_STORY_CONTEXT"	"DECLARATION_OR_COMMENT"	"Lexical occurrence; not an executable operation"	"26C6A2710EEC76985D910243E2913DD9F8E6CC357C9686B2C9449D662E555858"
"HGame/Classes/HUD/QuidditchBar.uc"	"207"	"LOCAL_PLAYER_CONTEXT|GLOBAL_STORY_CONTEXT"	"REVIEW_REQUIRED"	"Presentation subsystem; inventory/progression side effects still need review"	"26C6A2710EEC76985D910243E2913DD9F8E6CC357C9686B2C9449D662E555858"
"HGame/Classes/Enemies/SpiderSmall.uc"	"25"	"AI_TARGET_CONTEXT|GLOBAL_STORY_CONTEXT"	"REVIEW_REQUIRED"	"Combat candidate; verify carry owner, item recipient, boss/story effects"	"30B5FC963907E0CE5C4D55C15F1F3C4BE91A14E8B87D1FF497188F64CAB268AD"
"HGame/Classes/Enemies/SpiderSmall.uc"	"42"	"AI_TARGET_CONTEXT|GLOBAL_STORY_CONTEXT"	"REVIEW_REQUIRED"	"Combat candidate; verify carry owner, item recipient, boss/story effects"	"30B5FC963907E0CE5C4D55C15F1F3C4BE91A14E8B87D1FF497188F64CAB268AD"
"HGame/Classes/Enemies/SpiderSmall.uc"	"64"	"AI_TARGET_CONTEXT|GLOBAL_STORY_CONTEXT"	"REVIEW_REQUIRED"	"Combat candidate; verify carry owner, item recipient, boss/story effects"	"30B5FC963907E0CE5C4D55C15F1F3C4BE91A14E8B87D1FF497188F64CAB268AD"
"HGame/Classes/Enemies/SpiderSmall.uc"	"69"	"AI_TARGET_CONTEXT|GLOBAL_STORY_CONTEXT"	"REVIEW_REQUIRED"	"Combat candidate; verify carry owner, item recipient, boss/story effects"	"30B5FC963907E0CE5C4D55C15F1F3C4BE91A14E8B87D1FF497188F64CAB268AD"
"HGame/Classes/Enemies/SpiderSmall.uc"	"86"	"AI_TARGET_CONTEXT|GLOBAL_STORY_CONTEXT"	"REVIEW_REQUIRED"	"Combat candidate; verify carry owner, item recipient, boss/story effects"	"30B5FC963907E0CE5C4D55C15F1F3C4BE91A14E8B87D1FF497188F64CAB268AD"
"HGame/Classes/Enemies/SpiderSmall.uc"	"88"	"AI_TARGET_CONTEXT|GLOBAL_STORY_CONTEXT"	"REVIEW_REQUIRED"	"Combat candidate; verify carry owner, item recipient, boss/story effects"	"30B5FC963907E0CE5C4D55C15F1F3C4BE91A14E8B87D1FF497188F64CAB268AD"
"HGame/Classes/Enemies/SpiderSmall.uc"	"89"	"AI_TARGET_CONTEXT|GLOBAL_STORY_CONTEXT"	"DECLARATION_OR_COMMENT"	"Lexical occurrence; not an executable operation"	"30B5FC963907E0CE5C4D55C15F1F3C4BE91A14E8B87D1FF497188F64CAB268AD"
"HGame/Classes/Enemies/SpiderSmall.uc"	"90"	"AI_TARGET_CONTEXT|GLOBAL_STORY_CONTEXT"	"REVIEW_REQUIRED"	"Combat candidate; verify carry owner, item recipient, boss/story effects"	"30B5FC963907E0CE5C4D55C15F1F3C4BE91A14E8B87D1FF497188F64CAB268AD"
"HGame/Classes/Enemies/SpiderSmall.uc"	"93"	"AI_TARGET_CONTEXT|GLOBAL_STORY_CONTEXT"	"REVIEW_REQUIRED"	"Combat candidate; verify carry owner, item recipient, boss/story effects"	"30B5FC963907E0CE5C4D55C15F1F3C4BE91A14E8B87D1FF497188F64CAB268AD"
"HGame/Classes/Enemies/SpiderSmall.uc"	"95"	"AI_TARGET_CONTEXT|GLOBAL_STORY_CONTEXT"	"REVIEW_REQUIRED"	"Combat candidate; verify carry owner, item recipient, boss/story effects"	"30B5FC963907E0CE5C4D55C15F1F3C4BE91A14E8B87D1FF497188F64CAB268AD"
"HGame/Classes/Enemies/SpiderSmall.uc"	"114"	"AI_TARGET_CONTEXT|GLOBAL_STORY_CONTEXT"	"REVIEW_REQUIRED"	"Combat candidate; verify carry owner, item recipient, boss/story effects"	"30B5FC963907E0CE5C4D55C15F1F3C4BE91A14E8B87D1FF497188F64CAB268AD"
"HGame/Classes/Enemies/SpiderSmall.uc"	"119"	"AI_TARGET_CONTEXT|GLOBAL_STORY_CONTEXT"	"REVIEW_REQUIRED"	"Combat candidate; verify carry owner, item recipient, boss/story effects"	"30B5FC963907E0CE5C4D55C15F1F3C4BE91A14E8B87D1FF497188F64CAB268AD"
"HGame/Classes/Enemies/SpiderSmall.uc"	"145"	"AI_TARGET_CONTEXT|GLOBAL_STORY_CONTEXT"	"REVIEW_REQUIRED"	"Combat candidate; verify carry owner, item recipient, boss/story effects"	"30B5FC963907E0CE5C4D55C15F1F3C4BE91A14E8B87D1FF497188F64CAB268AD"
"HGame/Classes/Enemies/SpiderSmall.uc"	"184"	"AI_TARGET_CONTEXT|GLOBAL_STORY_CONTEXT"	"REVIEW_REQUIRED"	"Combat candidate; verify carry owner, item recipient, boss/story effects"	"30B5FC963907E0CE5C4D55C15F1F3C4BE91A14E8B87D1FF497188F64CAB268AD"
"HGame/Classes/Enemies/SpiderSmall.uc"	"188"	"AI_TARGET_CONTEXT|GLOBAL_STORY_CONTEXT"	"REVIEW_REQUIRED"	"Combat candidate; verify carry owner, item recipient, boss/story effects"	"30B5FC963907E0CE5C4D55C15F1F3C4BE91A14E8B87D1FF497188F64CAB268AD"
"HGame/Classes/HUD/EnemyHealthManager.uc"	"89"	"LOCAL_PLAYER_CONTEXT|GLOBAL_STORY_CONTEXT"	"REVIEW_REQUIRED"	"Presentation subsystem; inventory/progression side effects still need review"	"D93016E4D1D66626AF82C1786EEEEBBA5CE4ECF7D7AC6FDF71A88C613B0314D8"
"HGame/Classes/HUD/EnemyHealthManager.uc"	"104"	"LOCAL_PLAYER_CONTEXT|GLOBAL_STORY_CONTEXT"	"REVIEW_REQUIRED"	"Presentation subsystem; inventory/progression side effects still need review"	"D93016E4D1D66626AF82C1786EEEEBBA5CE4ECF7D7AC6FDF71A88C613B0314D8"
"HGame/Classes/HUD/EnemyHealthManager.uc"	"106"	"LOCAL_PLAYER_CONTEXT|GLOBAL_STORY_CONTEXT"	"REVIEW_REQUIRED"	"Presentation subsystem; inventory/progression side effects still need review"	"D93016E4D1D66626AF82C1786EEEEBBA5CE4ECF7D7AC6FDF71A88C613B0314D8"
"HGame/Classes/HPVersusHarry.uc"	"414"	"LOCAL_PLAYER_CONTEXT|GLOBAL_STORY_CONTEXT|AI_TARGET_CONTEXT"	"REVIEW_REQUIRED"	"Mixed legacy alias; inspect operation and callers before edits"	"C8AFC1A0183F1C49F5C6620C764A6621AE50CC26DEB551A6DAF85E35B1AB7E74"
"HGame/Classes/HPVersusHarry.uc"	"437"	"LOCAL_PLAYER_CONTEXT|GLOBAL_STORY_CONTEXT|AI_TARGET_CONTEXT"	"REVIEW_REQUIRED"	"Mixed legacy alias; inspect operation and callers before edits"	"C8AFC1A0183F1C49F5C6620C764A6621AE50CC26DEB551A6DAF85E35B1AB7E74"
"HGame/Classes/HPVersusHarry.uc"	"439"	"LOCAL_PLAYER_CONTEXT|GLOBAL_STORY_CONTEXT|AI_TARGET_CONTEXT"	"REVIEW_REQUIRED"	"Mixed legacy alias; inspect operation and callers before edits"	"C8AFC1A0183F1C49F5C6620C764A6621AE50CC26DEB551A6DAF85E35B1AB7E74"
"HGame/Classes/HPVersusHarry.uc"	"873"	"LOCAL_PLAYER_CONTEXT|GLOBAL_STORY_CONTEXT|AI_TARGET_CONTEXT"	"DECLARATION_OR_COMMENT"	"Lexical occurrence; not an executable operation"	"C8AFC1A0183F1C49F5C6620C764A6621AE50CC26DEB551A6DAF85E35B1AB7E74"
"HGame/Classes/HPVersusHarry.uc"	"877"	"LOCAL_PLAYER_CONTEXT|GLOBAL_STORY_CONTEXT|AI_TARGET_CONTEXT"	"REVIEW_REQUIRED"	"Mixed legacy alias; inspect operation and callers before edits"	"C8AFC1A0183F1C49F5C6620C764A6621AE50CC26DEB551A6DAF85E35B1AB7E74"
"HGame/Classes/HPVersusHarry.uc"	"923"	"LOCAL_PLAYER_CONTEXT|GLOBAL_STORY_CONTEXT|AI_TARGET_CONTEXT"	"REVIEW_REQUIRED"	"Mixed legacy alias; inspect operation and callers before edits"	"C8AFC1A0183F1C49F5C6620C764A6621AE50CC26DEB551A6DAF85E35B1AB7E74"
"HGame/Classes/HPVersusHarry.uc"	"927"	"LOCAL_PLAYER_CONTEXT|GLOBAL_STORY_CONTEXT|AI_TARGET_CONTEXT"	"REVIEW_REQUIRED"	"Mixed legacy alias; inspect operation and callers before edits"	"C8AFC1A0183F1C49F5C6620C764A6621AE50CC26DEB551A6DAF85E35B1AB7E74"
"HGame/Classes/HPVersusHarry.uc"	"974"	"LOCAL_PLAYER_CONTEXT|GLOBAL_STORY_CONTEXT|AI_TARGET_CONTEXT"	"REVIEW_REQUIRED"	"Mixed legacy alias; inspect operation and callers before edits"	"C8AFC1A0183F1C49F5C6620C764A6621AE50CC26DEB551A6DAF85E35B1AB7E74"
"HGame/Classes/HPVersusHarry.uc"	"991"	"LOCAL_PLAYER_CONTEXT|GLOBAL_STORY_CONTEXT|AI_TARGET_CONTEXT"	"REVIEW_REQUIRED"	"Mixed legacy alias; inspect operation and callers before edits"	"C8AFC1A0183F1C49F5C6620C764A6621AE50CC26DEB551A6DAF85E35B1AB7E74"
"HGame/Classes/HPVersusHarry.uc"	"1065"	"LOCAL_PLAYER_CONTEXT|GLOBAL_STORY_CONTEXT|AI_TARGET_CONTEXT"	"REVIEW_REQUIRED"	"Mixed legacy alias; inspect operation and callers before edits"	"C8AFC1A0183F1C49F5C6620C764A6621AE50CC26DEB551A6DAF85E35B1AB7E74"
"HGame/Classes/HPVersusHarry.uc"	"1087"	"LOCAL_PLAYER_CONTEXT|GLOBAL_STORY_CONTEXT|AI_TARGET_CONTEXT"	"REVIEW_REQUIRED"	"Mixed legacy alias; inspect operation and callers before edits"	"C8AFC1A0183F1C49F5C6620C764A6621AE50CC26DEB551A6DAF85E35B1AB7E74"
"HGame/Classes/HPVersusHarry.uc"	"1122"	"LOCAL_PLAYER_CONTEXT|GLOBAL_STORY_CONTEXT|AI_TARGET_CONTEXT"	"REVIEW_REQUIRED"	"Mixed legacy alias; inspect operation and callers before edits"	"C8AFC1A0183F1C49F5C6620C764A6621AE50CC26DEB551A6DAF85E35B1AB7E74"
"HGame/Classes/HPVersusHarry.uc"	"1137"	"LOCAL_PLAYER_CONTEXT|GLOBAL_STORY_CONTEXT|AI_TARGET_CONTEXT"	"REVIEW_REQUIRED"	"Mixed legacy alias; inspect operation and callers before edits"	"C8AFC1A0183F1C49F5C6620C764A6621AE50CC26DEB551A6DAF85E35B1AB7E74"
"HGame/Classes/HPVersusHarry.uc"	"1139"	"LOCAL_PLAYER_CONTEXT|GLOBAL_STORY_CONTEXT|AI_TARGET_CONTEXT"	"REVIEW_REQUIRED"	"Mixed legacy alias; inspect operation and callers before edits"	"C8AFC1A0183F1C49F5C6620C764A6621AE50CC26DEB551A6DAF85E35B1AB7E74"
"HGame/Classes/HPVersusHarry.uc"	"1154"	"LOCAL_PLAYER_CONTEXT|GLOBAL_STORY_CONTEXT|AI_TARGET_CONTEXT"	"REVIEW_REQUIRED"	"Mixed legacy alias; inspect operation and callers before edits"	"C8AFC1A0183F1C49F5C6620C764A6621AE50CC26DEB551A6DAF85E35B1AB7E74"
"HGame/Classes/HPVersusHarry.uc"	"1156"	"LOCAL_PLAYER_CONTEXT|GLOBAL_STORY_CONTEXT|AI_TARGET_CONTEXT"	"REVIEW_REQUIRED"	"Mixed legacy alias; inspect operation and callers before edits"	"C8AFC1A0183F1C49F5C6620C764A6621AE50CC26DEB551A6DAF85E35B1AB7E74"
"HGame/Classes/HPVersusHarry.uc"	"1164"	"LOCAL_PLAYER_CONTEXT|GLOBAL_STORY_CONTEXT|AI_TARGET_CONTEXT"	"REVIEW_REQUIRED"	"Mixed legacy alias; inspect operation and callers before edits"	"C8AFC1A0183F1C49F5C6620C764A6621AE50CC26DEB551A6DAF85E35B1AB7E74"
"HGame/Classes/HPVersusHarry.uc"	"1854"	"LOCAL_PLAYER_CONTEXT|GLOBAL_STORY_CONTEXT|AI_TARGET_CONTEXT"	"REVIEW_REQUIRED"	"Mixed legacy alias; inspect operation and callers before edits"	"C8AFC1A0183F1C49F5C6620C764A6621AE50CC26DEB551A6DAF85E35B1AB7E74"
"HGame/Classes/HUD/StatusManager.uc"	"11"	"LOCAL_PLAYER_CONTEXT|GLOBAL_STORY_CONTEXT"	"DECLARATION_OR_COMMENT"	"Lexical occurrence; not an executable operation"	"F7EFAE6D99D556DFBB61F1D3665F8617A8D48659B5344AAD426CEB3E718A964B"
"HGame/Classes/HUD/StatusManager.uc"	"237"	"LOCAL_PLAYER_CONTEXT|GLOBAL_STORY_CONTEXT"	"REVIEW_REQUIRED"	"Presentation subsystem; inventory/progression side effects still need review"	"F7EFAE6D99D556DFBB61F1D3665F8617A8D48659B5344AAD426CEB3E718A964B"
"HGame/Classes/HUD/StatusManager.uc"	"239"	"LOCAL_PLAYER_CONTEXT|GLOBAL_STORY_CONTEXT"	"REVIEW_REQUIRED"	"Presentation subsystem; inventory/progression side effects still need review"	"F7EFAE6D99D556DFBB61F1D3665F8617A8D48659B5344AAD426CEB3E718A964B"
"HGame/Classes/HUD/StatusManager.uc"	"241"	"LOCAL_PLAYER_CONTEXT|GLOBAL_STORY_CONTEXT"	"REVIEW_REQUIRED"	"Presentation subsystem; inventory/progression side effects still need review"	"F7EFAE6D99D556DFBB61F1D3665F8617A8D48659B5344AAD426CEB3E718A964B"
"HGame/Classes/HUD/StatusManager.uc"	"243"	"LOCAL_PLAYER_CONTEXT|GLOBAL_STORY_CONTEXT"	"REVIEW_REQUIRED"	"Presentation subsystem; inventory/progression side effects still need review"	"F7EFAE6D99D556DFBB61F1D3665F8617A8D48659B5344AAD426CEB3E718A964B"
"HGame/Classes/HUD/StatusManager.uc"	"435"	"LOCAL_PLAYER_CONTEXT|GLOBAL_STORY_CONTEXT"	"REVIEW_REQUIRED"	"Presentation subsystem; inventory/progression side effects still need review"	"F7EFAE6D99D556DFBB61F1D3665F8617A8D48659B5344AAD426CEB3E718A964B"
"HGame/Classes/HPVersusSpell.uc"	"46"	"LOCAL_PLAYER_CONTEXT|GLOBAL_STORY_CONTEXT|AI_TARGET_CONTEXT"	"REVIEW_REQUIRED"	"Mixed legacy alias; inspect operation and callers before edits"	"EEDA138BC43BAE85768559474A37BC7D4BB19594D5D449043A8C9B00A9B07530"
"HGame/Classes/HUD/HudItemManager.uc"	"25"	"LOCAL_PLAYER_CONTEXT|GLOBAL_STORY_CONTEXT"	"DECLARATION_OR_COMMENT"	"Lexical occurrence; not an executable operation"	"DCACB6B9131535AA2FD23084BFFC4E5E630D0BA11748D3FB83EC5F4138B7E0CE"
"HGame/Classes/HUD/HudItemManager.uc"	"26"	"LOCAL_PLAYER_CONTEXT|GLOBAL_STORY_CONTEXT"	"DECLARATION_OR_COMMENT"	"Lexical occurrence; not an executable operation"	"DCACB6B9131535AA2FD23084BFFC4E5E630D0BA11748D3FB83EC5F4138B7E0CE"
"HGame/Classes/HUD/HudItemManager.uc"	"40"	"LOCAL_PLAYER_CONTEXT|GLOBAL_STORY_CONTEXT"	"REVIEW_REQUIRED"	"Presentation subsystem; inventory/progression side effects still need review"	"DCACB6B9131535AA2FD23084BFFC4E5E630D0BA11748D3FB83EC5F4138B7E0CE"
"HGame/Classes/HUD/HudItemManager.uc"	"42"	"LOCAL_PLAYER_CONTEXT|GLOBAL_STORY_CONTEXT"	"REVIEW_REQUIRED"	"Presentation subsystem; inventory/progression side effects still need review"	"DCACB6B9131535AA2FD23084BFFC4E5E630D0BA11748D3FB83EC5F4138B7E0CE"
"HGame/Classes/HUD/HudItemManager.uc"	"43"	"LOCAL_PLAYER_CONTEXT|GLOBAL_STORY_CONTEXT"	"REVIEW_REQUIRED"	"Presentation subsystem; inventory/progression side effects still need review"	"DCACB6B9131535AA2FD23084BFFC4E5E630D0BA11748D3FB83EC5F4138B7E0CE"
"HGame/Classes/HUD/HudItemManager.uc"	"180"	"LOCAL_PLAYER_CONTEXT|GLOBAL_STORY_CONTEXT"	"REVIEW_REQUIRED"	"Presentation subsystem; inventory/progression side effects still need review"	"DCACB6B9131535AA2FD23084BFFC4E5E630D0BA11748D3FB83EC5F4138B7E0CE"
"HGame/Classes/HUD/HudItemManager.uc"	"193"	"LOCAL_PLAYER_CONTEXT|GLOBAL_STORY_CONTEXT"	"REVIEW_REQUIRED"	"Presentation subsystem; inventory/progression side effects still need review"	"DCACB6B9131535AA2FD23084BFFC4E5E630D0BA11748D3FB83EC5F4138B7E0CE"
"HGame/Classes/HUD/CountdownTimerManager.uc"	"102"	"LOCAL_PLAYER_CONTEXT|GLOBAL_STORY_CONTEXT"	"REVIEW_REQUIRED"	"Presentation subsystem; inventory/progression side effects still need review"	"9FDBAEED0031626B93D96FB93BF72F33A2B8A9E11AB3711A3EDC75C57C1B4C23"
"HGame/Classes/HUD/CountdownTimerManager.uc"	"156"	"LOCAL_PLAYER_CONTEXT|GLOBAL_STORY_CONTEXT"	"REVIEW_REQUIRED"	"Presentation subsystem; inventory/progression side effects still need review"	"9FDBAEED0031626B93D96FB93BF72F33A2B8A9E11AB3711A3EDC75C57C1B4C23"
"HGame/Classes/HUD/CountdownTimerManager.uc"	"162"	"LOCAL_PLAYER_CONTEXT|GLOBAL_STORY_CONTEXT"	"REVIEW_REQUIRED"	"Presentation subsystem; inventory/progression side effects still need review"	"9FDBAEED0031626B93D96FB93BF72F33A2B8A9E11AB3711A3EDC75C57C1B4C23"
"HGame/Classes/HUD/CountdownTimerManager.uc"	"184"	"LOCAL_PLAYER_CONTEXT|GLOBAL_STORY_CONTEXT"	"REVIEW_REQUIRED"	"Presentation subsystem; inventory/progression side effects still need review"	"9FDBAEED0031626B93D96FB93BF72F33A2B8A9E11AB3711A3EDC75C57C1B4C23"
"HGame/Classes/HUD/CountdownTimerManager.uc"	"217"	"LOCAL_PLAYER_CONTEXT|GLOBAL_STORY_CONTEXT"	"REVIEW_REQUIRED"	"Presentation subsystem; inventory/progression side effects still need review"	"9FDBAEED0031626B93D96FB93BF72F33A2B8A9E11AB3711A3EDC75C57C1B4C23"
"HGame/Classes/HUD/CountdownTimerManager.uc"	"226"	"LOCAL_PLAYER_CONTEXT|GLOBAL_STORY_CONTEXT"	"REVIEW_REQUIRED"	"Presentation subsystem; inventory/progression side effects still need review"	"9FDBAEED0031626B93D96FB93BF72F33A2B8A9E11AB3711A3EDC75C57C1B4C23"
"HGame/Classes/HUD/CountdownTimerManager.uc"	"239"	"LOCAL_PLAYER_CONTEXT|GLOBAL_STORY_CONTEXT"	"REVIEW_REQUIRED"	"Presentation subsystem; inventory/progression side effects still need review"	"9FDBAEED0031626B93D96FB93BF72F33A2B8A9E11AB3711A3EDC75C57C1B4C23"
"HGame/Classes/Enemies/SpiderLarge.uc"	"53"	"AI_TARGET_CONTEXT|GLOBAL_STORY_CONTEXT"	"REVIEW_REQUIRED"	"Combat candidate; verify carry owner, item recipient, boss/story effects"	"9F21B1BC39A24295BEB4F2BC2C1822C647D0DF97130F1A4CFFCCC446CC3A605D"
"HGame/Classes/Enemies/SpiderLarge.uc"	"102"	"AI_TARGET_CONTEXT|GLOBAL_STORY_CONTEXT"	"REVIEW_REQUIRED"	"Combat candidate; verify carry owner, item recipient, boss/story effects"	"9F21B1BC39A24295BEB4F2BC2C1822C647D0DF97130F1A4CFFCCC446CC3A605D"
"HGame/Classes/Enemies/SpiderLarge.uc"	"115"	"AI_TARGET_CONTEXT|GLOBAL_STORY_CONTEXT"	"REVIEW_REQUIRED"	"Combat candidate; verify carry owner, item recipient, boss/story effects"	"9F21B1BC39A24295BEB4F2BC2C1822C647D0DF97130F1A4CFFCCC446CC3A605D"
"HGame/Classes/Enemies/SpiderLarge.uc"	"128"	"AI_TARGET_CONTEXT|GLOBAL_STORY_CONTEXT"	"REVIEW_REQUIRED"	"Combat candidate; verify carry owner, item recipient, boss/story effects"	"9F21B1BC39A24295BEB4F2BC2C1822C647D0DF97130F1A4CFFCCC446CC3A605D"
"HGame/Classes/Enemies/SpiderLarge.uc"	"184"	"AI_TARGET_CONTEXT|GLOBAL_STORY_CONTEXT"	"REVIEW_REQUIRED"	"Combat candidate; verify carry owner, item recipient, boss/story effects"	"9F21B1BC39A24295BEB4F2BC2C1822C647D0DF97130F1A4CFFCCC446CC3A605D"
"HGame/Classes/Enemies/SpiderLarge.uc"	"202"	"AI_TARGET_CONTEXT|GLOBAL_STORY_CONTEXT"	"REVIEW_REQUIRED"	"Combat candidate; verify carry owner, item recipient, boss/story effects"	"9F21B1BC39A24295BEB4F2BC2C1822C647D0DF97130F1A4CFFCCC446CC3A605D"
"HGame/Classes/Enemies/SpiderLarge.uc"	"233"	"AI_TARGET_CONTEXT|GLOBAL_STORY_CONTEXT"	"REVIEW_REQUIRED"	"Combat candidate; verify carry owner, item recipient, boss/story effects"	"9F21B1BC39A24295BEB4F2BC2C1822C647D0DF97130F1A4CFFCCC446CC3A605D"
"HGame/Classes/Enemies/SpiderLarge.uc"	"235"	"AI_TARGET_CONTEXT|GLOBAL_STORY_CONTEXT"	"REVIEW_REQUIRED"	"Combat candidate; verify carry owner, item recipient, boss/story effects"	"9F21B1BC39A24295BEB4F2BC2C1822C647D0DF97130F1A4CFFCCC446CC3A605D"
"HGame/Classes/Enemies/SpiderLarge.uc"	"237"	"AI_TARGET_CONTEXT|GLOBAL_STORY_CONTEXT"	"REVIEW_REQUIRED"	"Combat candidate; verify carry owner, item recipient, boss/story effects"	"9F21B1BC39A24295BEB4F2BC2C1822C647D0DF97130F1A4CFFCCC446CC3A605D"
"HGame/Classes/Enemies/SpiderLarge.uc"	"238"	"AI_TARGET_CONTEXT|GLOBAL_STORY_CONTEXT"	"REVIEW_REQUIRED"	"Combat candidate; verify carry owner, item recipient, boss/story effects"	"9F21B1BC39A24295BEB4F2BC2C1822C647D0DF97130F1A4CFFCCC446CC3A605D"
"HGame/Classes/Enemies/SpiderLarge.uc"	"307"	"AI_TARGET_CONTEXT|GLOBAL_STORY_CONTEXT"	"REVIEW_REQUIRED"	"Combat candidate; verify carry owner, item recipient, boss/story effects"	"9F21B1BC39A24295BEB4F2BC2C1822C647D0DF97130F1A4CFFCCC446CC3A605D"
"HGame/Classes/Enemies/SpiderLarge.uc"	"311"	"AI_TARGET_CONTEXT|GLOBAL_STORY_CONTEXT"	"REVIEW_REQUIRED"	"Combat candidate; verify carry owner, item recipient, boss/story effects"	"9F21B1BC39A24295BEB4F2BC2C1822C647D0DF97130F1A4CFFCCC446CC3A605D"
"HGame/Classes/HUD/SpellSelector.uc"	"54"	"LOCAL_PLAYER_CONTEXT|GLOBAL_STORY_CONTEXT"	"REVIEW_REQUIRED"	"Presentation subsystem; inventory/progression side effects still need review"	"CBC9A41549DFFEE4E52F70A21D2E31E94EDAC322D810E62C36A8E7D4C46B22F6"
"HGame/Classes/HUD/SpellSelector.uc"	"55"	"LOCAL_PLAYER_CONTEXT|GLOBAL_STORY_CONTEXT"	"REVIEW_REQUIRED"	"Presentation subsystem; inventory/progression side effects still need review"	"CBC9A41549DFFEE4E52F70A21D2E31E94EDAC322D810E62C36A8E7D4C46B22F6"
"HGame/Classes/HUD/SpellSelector.uc"	"61"	"LOCAL_PLAYER_CONTEXT|GLOBAL_STORY_CONTEXT"	"REVIEW_REQUIRED"	"Presentation subsystem; inventory/progression side effects still need review"	"CBC9A41549DFFEE4E52F70A21D2E31E94EDAC322D810E62C36A8E7D4C46B22F6"
"HGame/Classes/HUD/SpellSelector.uc"	"63"	"LOCAL_PLAYER_CONTEXT|GLOBAL_STORY_CONTEXT"	"REVIEW_REQUIRED"	"Presentation subsystem; inventory/progression side effects still need review"	"CBC9A41549DFFEE4E52F70A21D2E31E94EDAC322D810E62C36A8E7D4C46B22F6"
"HGame/Classes/HUD/SpellSelector.uc"	"161"	"LOCAL_PLAYER_CONTEXT|GLOBAL_STORY_CONTEXT"	"REVIEW_REQUIRED"	"Presentation subsystem; inventory/progression side effects still need review"	"CBC9A41549DFFEE4E52F70A21D2E31E94EDAC322D810E62C36A8E7D4C46B22F6"
"HGame/Classes/HUD/SpellSelector.uc"	"165"	"LOCAL_PLAYER_CONTEXT|GLOBAL_STORY_CONTEXT"	"REVIEW_REQUIRED"	"Presentation subsystem; inventory/progression side effects still need review"	"CBC9A41549DFFEE4E52F70A21D2E31E94EDAC322D810E62C36A8E7D4C46B22F6"
"HGame/Classes/HUD/SpellSelector.uc"	"169"	"LOCAL_PLAYER_CONTEXT|GLOBAL_STORY_CONTEXT"	"REVIEW_REQUIRED"	"Presentation subsystem; inventory/progression side effects still need review"	"CBC9A41549DFFEE4E52F70A21D2E31E94EDAC322D810E62C36A8E7D4C46B22F6"
"HGame/Classes/HUD/ChallengeScoreManager.uc"	"27"	"LOCAL_PLAYER_CONTEXT|GLOBAL_STORY_CONTEXT"	"DECLARATION_OR_COMMENT"	"Lexical occurrence; not an executable operation"	"640E5D98DCDD0A01C8BEF42721774E29A70443AF29826035ABF11D5E4DD2299B"
"HGame/Classes/HUD/ChallengeScoreManager.uc"	"68"	"LOCAL_PLAYER_CONTEXT|GLOBAL_STORY_CONTEXT"	"REVIEW_REQUIRED"	"Presentation subsystem; inventory/progression side effects still need review"	"640E5D98DCDD0A01C8BEF42721774E29A70443AF29826035ABF11D5E4DD2299B"
"HGame/Classes/HUD/ChallengeScoreManager.uc"	"70"	"LOCAL_PLAYER_CONTEXT|GLOBAL_STORY_CONTEXT"	"REVIEW_REQUIRED"	"Presentation subsystem; inventory/progression side effects still need review"	"640E5D98DCDD0A01C8BEF42721774E29A70443AF29826035ABF11D5E4DD2299B"
"HGame/Classes/HUD/ChallengeScoreManager.uc"	"74"	"LOCAL_PLAYER_CONTEXT|GLOBAL_STORY_CONTEXT"	"REVIEW_REQUIRED"	"Presentation subsystem; inventory/progression side effects still need review"	"640E5D98DCDD0A01C8BEF42721774E29A70443AF29826035ABF11D5E4DD2299B"
"HGame/Classes/HUD/ChallengeScoreManager.uc"	"75"	"LOCAL_PLAYER_CONTEXT|GLOBAL_STORY_CONTEXT"	"REVIEW_REQUIRED"	"Presentation subsystem; inventory/progression side effects still need review"	"640E5D98DCDD0A01C8BEF42721774E29A70443AF29826035ABF11D5E4DD2299B"
"HGame/Classes/HUD/ChallengeScoreManager.uc"	"76"	"LOCAL_PLAYER_CONTEXT|GLOBAL_STORY_CONTEXT"	"REVIEW_REQUIRED"	"Presentation subsystem; inventory/progression side effects still need review"	"640E5D98DCDD0A01C8BEF42721774E29A70443AF29826035ABF11D5E4DD2299B"
"HGame/Classes/HUD/ChallengeScoreManager.uc"	"77"	"LOCAL_PLAYER_CONTEXT|GLOBAL_STORY_CONTEXT"	"REVIEW_REQUIRED"	"Presentation subsystem; inventory/progression side effects still need review"	"640E5D98DCDD0A01C8BEF42721774E29A70443AF29826035ABF11D5E4DD2299B"
"HGame/Classes/HUD/ChallengeScoreManager.uc"	"200"	"LOCAL_PLAYER_CONTEXT|GLOBAL_STORY_CONTEXT"	"REVIEW_REQUIRED"	"Presentation subsystem; inventory/progression side effects still need review"	"640E5D98DCDD0A01C8BEF42721774E29A70443AF29826035ABF11D5E4DD2299B"
"HGame/Classes/HUD/ChallengeScoreManager.uc"	"357"	"LOCAL_PLAYER_CONTEXT|GLOBAL_STORY_CONTEXT"	"REVIEW_REQUIRED"	"Presentation subsystem; inventory/progression side effects still need review"	"640E5D98DCDD0A01C8BEF42721774E29A70443AF29826035ABF11D5E4DD2299B"
"HGame/Classes/HUD/ChallengeScoreManager.uc"	"362"	"LOCAL_PLAYER_CONTEXT|GLOBAL_STORY_CONTEXT"	"REVIEW_REQUIRED"	"Presentation subsystem; inventory/progression side effects still need review"	"640E5D98DCDD0A01C8BEF42721774E29A70443AF29826035ABF11D5E4DD2299B"
"HGame/Classes/HUD/ChallengeScoreManager.uc"	"366"	"LOCAL_PLAYER_CONTEXT|GLOBAL_STORY_CONTEXT"	"REVIEW_REQUIRED"	"Presentation subsystem; inventory/progression side effects still need review"	"640E5D98DCDD0A01C8BEF42721774E29A70443AF29826035ABF11D5E4DD2299B"
"HGame/Classes/HUD/ChallengeScoreManager.uc"	"412"	"LOCAL_PLAYER_CONTEXT|GLOBAL_STORY_CONTEXT"	"REVIEW_REQUIRED"	"Presentation subsystem; inventory/progression side effects still need review"	"640E5D98DCDD0A01C8BEF42721774E29A70443AF29826035ABF11D5E4DD2299B"
"HGame/Classes/HUD/ChallengeScoreManager.uc"	"606"	"LOCAL_PLAYER_CONTEXT|GLOBAL_STORY_CONTEXT"	"REVIEW_REQUIRED"	"Presentation subsystem; inventory/progression side effects still need review"	"640E5D98DCDD0A01C8BEF42721774E29A70443AF29826035ABF11D5E4DD2299B"
"HGame/Classes/HUD/ChallengeScoreManager.uc"	"770"	"LOCAL_PLAYER_CONTEXT|GLOBAL_STORY_CONTEXT"	"REVIEW_REQUIRED"	"Presentation subsystem; inventory/progression side effects still need review"	"640E5D98DCDD0A01C8BEF42721774E29A70443AF29826035ABF11D5E4DD2299B"
"HGame/Classes/HUD/ChallengeScoreManager.uc"	"772"	"LOCAL_PLAYER_CONTEXT|GLOBAL_STORY_CONTEXT"	"REVIEW_REQUIRED"	"Presentation subsystem; inventory/progression side effects still need review"	"640E5D98DCDD0A01C8BEF42721774E29A70443AF29826035ABF11D5E4DD2299B"
"HGame/Classes/HPVersusFlipendo.uc"	"27"	"LOCAL_PLAYER_CONTEXT|GLOBAL_STORY_CONTEXT|AI_TARGET_CONTEXT"	"REVIEW_REQUIRED"	"Mixed legacy alias; inspect operation and callers before edits"	"01B6C862A39C2B53D2AFB56DE3CC9E2FD7F20D94A232F56369FB19D75C31B4A2"
"HGame/Classes/HPVersusRictusempra.uc"	"46"	"LOCAL_PLAYER_CONTEXT|GLOBAL_STORY_CONTEXT|AI_TARGET_CONTEXT"	"REVIEW_REQUIRED"	"Mixed legacy alias; inspect operation and callers before edits"	"EE6BC971938D3DB529BC1BA77B5DB12FFE677A54F5E5217A3EDC1C2B9D62C9DB"
"HGame/Classes/Enemies/Spider.uc"	"157"	"AI_TARGET_CONTEXT|GLOBAL_STORY_CONTEXT"	"REVIEW_REQUIRED"	"Combat candidate; verify carry owner, item recipient, boss/story effects"	"AADBC94A5D7A38C709E9035955D7DFC6C557ACA910E64B3FB0AACE17EFF858C6"
"HGame/Classes/Enemies/Spider.uc"	"160"	"AI_TARGET_CONTEXT|GLOBAL_STORY_CONTEXT"	"REVIEW_REQUIRED"	"Combat candidate; verify carry owner, item recipient, boss/story effects"	"AADBC94A5D7A38C709E9035955D7DFC6C557ACA910E64B3FB0AACE17EFF858C6"
"HGame/Classes/Enemies/Spider.uc"	"180"	"AI_TARGET_CONTEXT|GLOBAL_STORY_CONTEXT"	"REVIEW_REQUIRED"	"Combat candidate; verify carry owner, item recipient, boss/story effects"	"AADBC94A5D7A38C709E9035955D7DFC6C557ACA910E64B3FB0AACE17EFF858C6"
"HGame/Classes/Enemies/Spider.uc"	"182"	"AI_TARGET_CONTEXT|GLOBAL_STORY_CONTEXT"	"REVIEW_REQUIRED"	"Combat candidate; verify carry owner, item recipient, boss/story effects"	"AADBC94A5D7A38C709E9035955D7DFC6C557ACA910E64B3FB0AACE17EFF858C6"
"HGame/Classes/Enemies/Spider.uc"	"315"	"AI_TARGET_CONTEXT|GLOBAL_STORY_CONTEXT"	"REVIEW_REQUIRED"	"Combat candidate; verify carry owner, item recipient, boss/story effects"	"AADBC94A5D7A38C709E9035955D7DFC6C557ACA910E64B3FB0AACE17EFF858C6"
"HGame/Classes/Enemies/Spider.uc"	"412"	"AI_TARGET_CONTEXT|GLOBAL_STORY_CONTEXT"	"REVIEW_REQUIRED"	"Combat candidate; verify carry owner, item recipient, boss/story effects"	"AADBC94A5D7A38C709E9035955D7DFC6C557ACA910E64B3FB0AACE17EFF858C6"
"HGame/Classes/Enemies/Spider.uc"	"563"	"AI_TARGET_CONTEXT|GLOBAL_STORY_CONTEXT"	"REVIEW_REQUIRED"	"Combat candidate; verify carry owner, item recipient, boss/story effects"	"AADBC94A5D7A38C709E9035955D7DFC6C557ACA910E64B3FB0AACE17EFF858C6"
"HGame/Classes/Enemies/Spider.uc"	"603"	"AI_TARGET_CONTEXT|GLOBAL_STORY_CONTEXT"	"REVIEW_REQUIRED"	"Combat candidate; verify carry owner, item recipient, boss/story effects"	"AADBC94A5D7A38C709E9035955D7DFC6C557ACA910E64B3FB0AACE17EFF858C6"
"HGame/Classes/Menu/FEFolioPage.uc"	"50"	"LOCAL_PLAYER_CONTEXT|GLOBAL_STORY_CONTEXT"	"DECLARATION_OR_COMMENT"	"Lexical occurrence; not an executable operation"	"4316149E19D2923BE2DA07F1167EBCD31061B989AF512D1DACBE9755CBD05A00"
"HGame/Classes/Menu/FEFolioPage.uc"	"360"	"LOCAL_PLAYER_CONTEXT|GLOBAL_STORY_CONTEXT"	"REVIEW_REQUIRED"	"Presentation subsystem; inventory/progression side effects still need review"	"4316149E19D2923BE2DA07F1167EBCD31061B989AF512D1DACBE9755CBD05A00"
"HGame/Classes/Menu/FEFolioPage.uc"	"791"	"LOCAL_PLAYER_CONTEXT|GLOBAL_STORY_CONTEXT"	"REVIEW_REQUIRED"	"Presentation subsystem; inventory/progression side effects still need review"	"4316149E19D2923BE2DA07F1167EBCD31061B989AF512D1DACBE9755CBD05A00"
"HGame/Classes/Menu/FEFolioPage.uc"	"795"	"LOCAL_PLAYER_CONTEXT|GLOBAL_STORY_CONTEXT"	"REVIEW_REQUIRED"	"Presentation subsystem; inventory/progression side effects still need review"	"4316149E19D2923BE2DA07F1167EBCD31061B989AF512D1DACBE9755CBD05A00"
"HGame/Classes/Menu/FEFolioPage.uc"	"797"	"LOCAL_PLAYER_CONTEXT|GLOBAL_STORY_CONTEXT"	"REVIEW_REQUIRED"	"Presentation subsystem; inventory/progression side effects still need review"	"4316149E19D2923BE2DA07F1167EBCD31061B989AF512D1DACBE9755CBD05A00"
"HGame/Classes/Menu/FEFolioPage.uc"	"841"	"LOCAL_PLAYER_CONTEXT|GLOBAL_STORY_CONTEXT"	"REVIEW_REQUIRED"	"Presentation subsystem; inventory/progression side effects still need review"	"4316149E19D2923BE2DA07F1167EBCD31061B989AF512D1DACBE9755CBD05A00"
"HGame/Classes/Menu/FEFolioPage.uc"	"845"	"LOCAL_PLAYER_CONTEXT|GLOBAL_STORY_CONTEXT"	"REVIEW_REQUIRED"	"Presentation subsystem; inventory/progression side effects still need review"	"4316149E19D2923BE2DA07F1167EBCD31061B989AF512D1DACBE9755CBD05A00"
"HGame/Classes/Menu/FEFolioPage.uc"	"849"	"LOCAL_PLAYER_CONTEXT|GLOBAL_STORY_CONTEXT"	"REVIEW_REQUIRED"	"Presentation subsystem; inventory/progression side effects still need review"	"4316149E19D2923BE2DA07F1167EBCD31061B989AF512D1DACBE9755CBD05A00"
"HGame/Classes/Menu/FEFolioPage.uc"	"916"	"LOCAL_PLAYER_CONTEXT|GLOBAL_STORY_CONTEXT"	"REVIEW_REQUIRED"	"Presentation subsystem; inventory/progression side effects still need review"	"4316149E19D2923BE2DA07F1167EBCD31061B989AF512D1DACBE9755CBD05A00"
"HGame/Classes/Menu/FEFolioPage.uc"	"931"	"LOCAL_PLAYER_CONTEXT|GLOBAL_STORY_CONTEXT"	"REVIEW_REQUIRED"	"Presentation subsystem; inventory/progression side effects still need review"	"4316149E19D2923BE2DA07F1167EBCD31061B989AF512D1DACBE9755CBD05A00"
"HGame/Classes/Menu/FEFolioPage.uc"	"1003"	"LOCAL_PLAYER_CONTEXT|GLOBAL_STORY_CONTEXT"	"REVIEW_REQUIRED"	"Presentation subsystem; inventory/progression side effects still need review"	"4316149E19D2923BE2DA07F1167EBCD31061B989AF512D1DACBE9755CBD05A00"
"HGame/Classes/HPVersusExpelliarmus.uc"	"21"	"LOCAL_PLAYER_CONTEXT|GLOBAL_STORY_CONTEXT|AI_TARGET_CONTEXT"	"REVIEW_REQUIRED"	"Mixed legacy alias; inspect operation and callers before edits"	"CC91CDBBFC03CF4C2DA8630745548D9D605B34AB5B134DB0A5DB67E34CBEE537"
"HGame/Classes/HUD/QuidScoreManager.uc"	"28"	"LOCAL_PLAYER_CONTEXT|GLOBAL_STORY_CONTEXT"	"DECLARATION_OR_COMMENT"	"Lexical occurrence; not an executable operation"	"E4A9122D3EC41A17D709B8A9F57D839A1E8D6549F3072C0DE328C17B99F46700"
"HGame/Classes/HUD/QuidScoreManager.uc"	"60"	"LOCAL_PLAYER_CONTEXT|GLOBAL_STORY_CONTEXT"	"REVIEW_REQUIRED"	"Presentation subsystem; inventory/progression side effects still need review"	"E4A9122D3EC41A17D709B8A9F57D839A1E8D6549F3072C0DE328C17B99F46700"
"HGame/Classes/HUD/QuidScoreManager.uc"	"65"	"LOCAL_PLAYER_CONTEXT|GLOBAL_STORY_CONTEXT"	"REVIEW_REQUIRED"	"Presentation subsystem; inventory/progression side effects still need review"	"E4A9122D3EC41A17D709B8A9F57D839A1E8D6549F3072C0DE328C17B99F46700"
"HGame/Classes/HUD/QuidScoreManager.uc"	"68"	"LOCAL_PLAYER_CONTEXT|GLOBAL_STORY_CONTEXT"	"REVIEW_REQUIRED"	"Presentation subsystem; inventory/progression side effects still need review"	"E4A9122D3EC41A17D709B8A9F57D839A1E8D6549F3072C0DE328C17B99F46700"
"HGame/Classes/HUD/QuidScoreManager.uc"	"249"	"LOCAL_PLAYER_CONTEXT|GLOBAL_STORY_CONTEXT"	"REVIEW_REQUIRED"	"Presentation subsystem; inventory/progression side effects still need review"	"E4A9122D3EC41A17D709B8A9F57D839A1E8D6549F3072C0DE328C17B99F46700"
"HGame/Classes/HUD/QuidScoreManager.uc"	"255"	"LOCAL_PLAYER_CONTEXT|GLOBAL_STORY_CONTEXT"	"REVIEW_REQUIRED"	"Presentation subsystem; inventory/progression side effects still need review"	"E4A9122D3EC41A17D709B8A9F57D839A1E8D6549F3072C0DE328C17B99F46700"
"HGame/Classes/HUD/QuidScoreManager.uc"	"259"	"LOCAL_PLAYER_CONTEXT|GLOBAL_STORY_CONTEXT"	"REVIEW_REQUIRED"	"Presentation subsystem; inventory/progression side effects still need review"	"E4A9122D3EC41A17D709B8A9F57D839A1E8D6549F3072C0DE328C17B99F46700"
"HGame/Classes/HUD/QuidScoreManager.uc"	"387"	"LOCAL_PLAYER_CONTEXT|GLOBAL_STORY_CONTEXT"	"REVIEW_REQUIRED"	"Presentation subsystem; inventory/progression side effects still need review"	"E4A9122D3EC41A17D709B8A9F57D839A1E8D6549F3072C0DE328C17B99F46700"
"HGame/Classes/HUD/QuidScoreManager.uc"	"411"	"LOCAL_PLAYER_CONTEXT|GLOBAL_STORY_CONTEXT"	"REVIEW_REQUIRED"	"Presentation subsystem; inventory/progression side effects still need review"	"E4A9122D3EC41A17D709B8A9F57D839A1E8D6549F3072C0DE328C17B99F46700"
"HGame/Classes/HUD/QuidScoreManager.uc"	"414"	"LOCAL_PLAYER_CONTEXT|GLOBAL_STORY_CONTEXT"	"REVIEW_REQUIRED"	"Presentation subsystem; inventory/progression side effects still need review"	"E4A9122D3EC41A17D709B8A9F57D839A1E8D6549F3072C0DE328C17B99F46700"
"HGame/Classes/HUD/QuidScoreManager.uc"	"443"	"LOCAL_PLAYER_CONTEXT|GLOBAL_STORY_CONTEXT"	"REVIEW_REQUIRED"	"Presentation subsystem; inventory/progression side effects still need review"	"E4A9122D3EC41A17D709B8A9F57D839A1E8D6549F3072C0DE328C17B99F46700"
"HGame/Classes/HUD/BeanRoomTimerManager.uc"	"9"	"LOCAL_PLAYER_CONTEXT|GLOBAL_STORY_CONTEXT"	"DECLARATION_OR_COMMENT"	"Lexical occurrence; not an executable operation"	"225D4697254AB731DBC984802B352A096D87DA683AB1E89828E12BF68660CFCC"
"HGame/Classes/HUD/BeanRoomTimerManager.uc"	"22"	"LOCAL_PLAYER_CONTEXT|GLOBAL_STORY_CONTEXT"	"REVIEW_REQUIRED"	"Presentation subsystem; inventory/progression side effects still need review"	"225D4697254AB731DBC984802B352A096D87DA683AB1E89828E12BF68660CFCC"
"HGame/Classes/HUD/BeanRoomTimerManager.uc"	"23"	"LOCAL_PLAYER_CONTEXT|GLOBAL_STORY_CONTEXT"	"REVIEW_REQUIRED"	"Presentation subsystem; inventory/progression side effects still need review"	"225D4697254AB731DBC984802B352A096D87DA683AB1E89828E12BF68660CFCC"
"HGame/Classes/Menu/FEDuelPage.uc"	"11"	"LOCAL_PLAYER_CONTEXT|GLOBAL_STORY_CONTEXT"	"DECLARATION_OR_COMMENT"	"Lexical occurrence; not an executable operation"	"7B695A0B54018CCCA03D51467358D60E5CB8E9C130E566DBAB254BA25C011931"
"HGame/Classes/Menu/FEDuelPage.uc"	"44"	"LOCAL_PLAYER_CONTEXT|GLOBAL_STORY_CONTEXT"	"REVIEW_REQUIRED"	"Presentation subsystem; inventory/progression side effects still need review"	"7B695A0B54018CCCA03D51467358D60E5CB8E9C130E566DBAB254BA25C011931"
"HGame/Classes/Menu/FEDuelPage.uc"	"90"	"LOCAL_PLAYER_CONTEXT|GLOBAL_STORY_CONTEXT"	"REVIEW_REQUIRED"	"Presentation subsystem; inventory/progression side effects still need review"	"7B695A0B54018CCCA03D51467358D60E5CB8E9C130E566DBAB254BA25C011931"
"HGame/Classes/Menu/FEDuelPage.uc"	"91"	"LOCAL_PLAYER_CONTEXT|GLOBAL_STORY_CONTEXT"	"REVIEW_REQUIRED"	"Presentation subsystem; inventory/progression side effects still need review"	"7B695A0B54018CCCA03D51467358D60E5CB8E9C130E566DBAB254BA25C011931"
"HGame/Classes/Menu/FEDuelPage.uc"	"95"	"LOCAL_PLAYER_CONTEXT|GLOBAL_STORY_CONTEXT"	"REVIEW_REQUIRED"	"Presentation subsystem; inventory/progression side effects still need review"	"7B695A0B54018CCCA03D51467358D60E5CB8E9C130E566DBAB254BA25C011931"
"HGame/Classes/Menu/FEDuelPage.uc"	"100"	"LOCAL_PLAYER_CONTEXT|GLOBAL_STORY_CONTEXT"	"REVIEW_REQUIRED"	"Presentation subsystem; inventory/progression side effects still need review"	"7B695A0B54018CCCA03D51467358D60E5CB8E9C130E566DBAB254BA25C011931"
"HGame/Classes/Menu/FEDuelPage.uc"	"105"	"LOCAL_PLAYER_CONTEXT|GLOBAL_STORY_CONTEXT"	"REVIEW_REQUIRED"	"Presentation subsystem; inventory/progression side effects still need review"	"7B695A0B54018CCCA03D51467358D60E5CB8E9C130E566DBAB254BA25C011931"
"HGame/Classes/Menu/FEDuelPage.uc"	"110"	"LOCAL_PLAYER_CONTEXT|GLOBAL_STORY_CONTEXT"	"REVIEW_REQUIRED"	"Presentation subsystem; inventory/progression side effects still need review"	"7B695A0B54018CCCA03D51467358D60E5CB8E9C130E566DBAB254BA25C011931"
"HGame/Classes/Menu/FEDuelPage.uc"	"115"	"LOCAL_PLAYER_CONTEXT|GLOBAL_STORY_CONTEXT"	"REVIEW_REQUIRED"	"Presentation subsystem; inventory/progression side effects still need review"	"7B695A0B54018CCCA03D51467358D60E5CB8E9C130E566DBAB254BA25C011931"
"HGame/Classes/Menu/FEDuelPage.uc"	"120"	"LOCAL_PLAYER_CONTEXT|GLOBAL_STORY_CONTEXT"	"REVIEW_REQUIRED"	"Presentation subsystem; inventory/progression side effects still need review"	"7B695A0B54018CCCA03D51467358D60E5CB8E9C130E566DBAB254BA25C011931"
"HGame/Classes/Menu/FEDuelPage.uc"	"125"	"LOCAL_PLAYER_CONTEXT|GLOBAL_STORY_CONTEXT"	"REVIEW_REQUIRED"	"Presentation subsystem; inventory/progression side effects still need review"	"7B695A0B54018CCCA03D51467358D60E5CB8E9C130E566DBAB254BA25C011931"
"HGame/Classes/Menu/FEDuelPage.uc"	"130"	"LOCAL_PLAYER_CONTEXT|GLOBAL_STORY_CONTEXT"	"REVIEW_REQUIRED"	"Presentation subsystem; inventory/progression side effects still need review"	"7B695A0B54018CCCA03D51467358D60E5CB8E9C130E566DBAB254BA25C011931"
"HGame/Classes/Menu/FEDuelPage.uc"	"137"	"LOCAL_PLAYER_CONTEXT|GLOBAL_STORY_CONTEXT"	"REVIEW_REQUIRED"	"Presentation subsystem; inventory/progression side effects still need review"	"7B695A0B54018CCCA03D51467358D60E5CB8E9C130E566DBAB254BA25C011931"
"HGame/Classes/Menu/FEDuelPage.uc"	"153"	"LOCAL_PLAYER_CONTEXT|GLOBAL_STORY_CONTEXT"	"REVIEW_REQUIRED"	"Presentation subsystem; inventory/progression side effects still need review"	"7B695A0B54018CCCA03D51467358D60E5CB8E9C130E566DBAB254BA25C011931"
"HGame/Classes/Menu/FEDuelPage.uc"	"186"	"LOCAL_PLAYER_CONTEXT|GLOBAL_STORY_CONTEXT"	"REVIEW_REQUIRED"	"Presentation subsystem; inventory/progression side effects still need review"	"7B695A0B54018CCCA03D51467358D60E5CB8E9C130E566DBAB254BA25C011931"
"HGame/Classes/Menu/FEDuelPage.uc"	"197"	"LOCAL_PLAYER_CONTEXT|GLOBAL_STORY_CONTEXT"	"REVIEW_REQUIRED"	"Presentation subsystem; inventory/progression side effects still need review"	"7B695A0B54018CCCA03D51467358D60E5CB8E9C130E566DBAB254BA25C011931"
"HGame/Classes/Menu/FEDuelPage.uc"	"218"	"LOCAL_PLAYER_CONTEXT|GLOBAL_STORY_CONTEXT"	"REVIEW_REQUIRED"	"Presentation subsystem; inventory/progression side effects still need review"	"7B695A0B54018CCCA03D51467358D60E5CB8E9C130E566DBAB254BA25C011931"
"HGame/Classes/Quidditch/Seeker.uc"	"11"	"LOCAL_PLAYER_CONTEXT|GLOBAL_STORY_CONTEXT|AI_TARGET_CONTEXT"	"REVIEW_REQUIRED"	"Mixed legacy alias; inspect operation and callers before edits"	"52224923809AB937B4B2764C6F0933474A0179394EE6DF4A35184D2441B398A6"
"HGame/Classes/Quidditch/Seeker.uc"	"22"	"LOCAL_PLAYER_CONTEXT|GLOBAL_STORY_CONTEXT|AI_TARGET_CONTEXT"	"REVIEW_REQUIRED"	"Mixed legacy alias; inspect operation and callers before edits"	"52224923809AB937B4B2764C6F0933474A0179394EE6DF4A35184D2441B398A6"
"HGame/Classes/HiddenHPawn/ThrownPoisonCloud.uc"	"28"	"LOCAL_PLAYER_CONTEXT|GLOBAL_STORY_CONTEXT|AI_TARGET_CONTEXT"	"REVIEW_REQUIRED"	"Mixed legacy alias; inspect operation and callers before edits"	"9800630C57CDC88925AB3E6FE2107E7D0A253BCE976AA502A65ADAD200853803"
"HGame/Classes/HiddenHPawn/ThrownPoisonCloud.uc"	"31"	"LOCAL_PLAYER_CONTEXT|GLOBAL_STORY_CONTEXT|AI_TARGET_CONTEXT"	"REVIEW_REQUIRED"	"Mixed legacy alias; inspect operation and callers before edits"	"9800630C57CDC88925AB3E6FE2107E7D0A253BCE976AA502A65ADAD200853803"
"HGame/Classes/HiddenHPawn/ThrownPoisonCloud.uc"	"35"	"LOCAL_PLAYER_CONTEXT|GLOBAL_STORY_CONTEXT|AI_TARGET_CONTEXT"	"REVIEW_REQUIRED"	"Mixed legacy alias; inspect operation and callers before edits"	"9800630C57CDC88925AB3E6FE2107E7D0A253BCE976AA502A65ADAD200853803"
"HGame/Classes/HiddenHPawn/ThrownPoisonCloud.uc"	"42"	"LOCAL_PLAYER_CONTEXT|GLOBAL_STORY_CONTEXT|AI_TARGET_CONTEXT"	"REVIEW_REQUIRED"	"Mixed legacy alias; inspect operation and callers before edits"	"9800630C57CDC88925AB3E6FE2107E7D0A253BCE976AA502A65ADAD200853803"
"HGame/Classes/HiddenHPawn/ThrownPoisonCloud.uc"	"49"	"LOCAL_PLAYER_CONTEXT|GLOBAL_STORY_CONTEXT|AI_TARGET_CONTEXT"	"REVIEW_REQUIRED"	"Mixed legacy alias; inspect operation and callers before edits"	"9800630C57CDC88925AB3E6FE2107E7D0A253BCE976AA502A65ADAD200853803"
"HGame/Classes/Menu/FESkinSelectPage.uc"	"14"	"LOCAL_PLAYER_CONTEXT|GLOBAL_STORY_CONTEXT"	"DECLARATION_OR_COMMENT"	"Lexical occurrence; not an executable operation"	"F39C2393A466310182CB03707516F01D9C5D88396B9A1D951F97DAC58BC48CBD"
"HGame/Classes/Menu/FESkinSelectPage.uc"	"20"	"LOCAL_PLAYER_CONTEXT|GLOBAL_STORY_CONTEXT"	"REVIEW_REQUIRED"	"Presentation subsystem; inventory/progression side effects still need review"	"F39C2393A466310182CB03707516F01D9C5D88396B9A1D951F97DAC58BC48CBD"
"HGame/Classes/Menu/FESkinSelectPage.uc"	"55"	"LOCAL_PLAYER_CONTEXT|GLOBAL_STORY_CONTEXT"	"REVIEW_REQUIRED"	"Presentation subsystem; inventory/progression side effects still need review"	"F39C2393A466310182CB03707516F01D9C5D88396B9A1D951F97DAC58BC48CBD"
"HGame/Classes/Menu/FESkinSelectPage.uc"	"93"	"LOCAL_PLAYER_CONTEXT|GLOBAL_STORY_CONTEXT"	"REVIEW_REQUIRED"	"Presentation subsystem; inventory/progression side effects still need review"	"F39C2393A466310182CB03707516F01D9C5D88396B9A1D951F97DAC58BC48CBD"
"HGame/Classes/Menu/FESkinSelectPage.uc"	"96"	"LOCAL_PLAYER_CONTEXT|GLOBAL_STORY_CONTEXT"	"REVIEW_REQUIRED"	"Presentation subsystem; inventory/progression side effects still need review"	"F39C2393A466310182CB03707516F01D9C5D88396B9A1D951F97DAC58BC48CBD"
"HGame/Classes/Menu/FESkinSelectPage.uc"	"97"	"LOCAL_PLAYER_CONTEXT|GLOBAL_STORY_CONTEXT"	"REVIEW_REQUIRED"	"Presentation subsystem; inventory/progression side effects still need review"	"F39C2393A466310182CB03707516F01D9C5D88396B9A1D951F97DAC58BC48CBD"
"HGame/Classes/HPVersusWand.uc"	"6"	"LOCAL_PLAYER_CONTEXT|GLOBAL_STORY_CONTEXT|AI_TARGET_CONTEXT"	"DECLARATION_OR_COMMENT"	"Lexical occurrence; not an executable operation"	"25A46714776109EC52B35C63E2930123C0521BDE4C778986A3258B4ED6EE34F2"
"HGame/Classes/HPVersusWand.uc"	"23"	"LOCAL_PLAYER_CONTEXT|GLOBAL_STORY_CONTEXT|AI_TARGET_CONTEXT"	"DECLARATION_OR_COMMENT"	"Lexical occurrence; not an executable operation"	"25A46714776109EC52B35C63E2930123C0521BDE4C778986A3258B4ED6EE34F2"
"HGame/Classes/HPVersusWand.uc"	"34"	"LOCAL_PLAYER_CONTEXT|GLOBAL_STORY_CONTEXT|AI_TARGET_CONTEXT"	"REVIEW_REQUIRED"	"Mixed legacy alias; inspect operation and callers before edits"	"25A46714776109EC52B35C63E2930123C0521BDE4C778986A3258B4ED6EE34F2"
"HGame/Classes/Enemies/orangesnail.uc"	"44"	"AI_TARGET_CONTEXT|GLOBAL_STORY_CONTEXT"	"REVIEW_REQUIRED"	"Combat candidate; verify carry owner, item recipient, boss/story effects"	"F45A3AB1381EC27047DF7F12876C41D657A2A122B50A01E3FA11DCF569A90C08"
"HGame/Classes/Enemies/orangesnail.uc"	"125"	"AI_TARGET_CONTEXT|GLOBAL_STORY_CONTEXT"	"REVIEW_REQUIRED"	"Combat candidate; verify carry owner, item recipient, boss/story effects"	"F45A3AB1381EC27047DF7F12876C41D657A2A122B50A01E3FA11DCF569A90C08"
"HGame/Classes/Enemies/orangesnail.uc"	"261"	"AI_TARGET_CONTEXT|GLOBAL_STORY_CONTEXT"	"REVIEW_REQUIRED"	"Combat candidate; verify carry owner, item recipient, boss/story effects"	"F45A3AB1381EC27047DF7F12876C41D657A2A122B50A01E3FA11DCF569A90C08"
"HGame/Classes/Enemies/orangesnail.uc"	"301"	"AI_TARGET_CONTEXT|GLOBAL_STORY_CONTEXT"	"REVIEW_REQUIRED"	"Combat candidate; verify carry owner, item recipient, boss/story effects"	"F45A3AB1381EC27047DF7F12876C41D657A2A122B50A01E3FA11DCF569A90C08"
"HGame/Classes/Enemies/orangesnail.uc"	"414"	"AI_TARGET_CONTEXT|GLOBAL_STORY_CONTEXT"	"REVIEW_REQUIRED"	"Combat candidate; verify carry owner, item recipient, boss/story effects"	"F45A3AB1381EC27047DF7F12876C41D657A2A122B50A01E3FA11DCF569A90C08"
"HGame/Classes/Enemies/orangesnail.uc"	"422"	"AI_TARGET_CONTEXT|GLOBAL_STORY_CONTEXT"	"REVIEW_REQUIRED"	"Combat candidate; verify carry owner, item recipient, boss/story effects"	"F45A3AB1381EC27047DF7F12876C41D657A2A122B50A01E3FA11DCF569A90C08"
"HGame/Classes/Enemies/orangesnail.uc"	"460"	"AI_TARGET_CONTEXT|GLOBAL_STORY_CONTEXT"	"REVIEW_REQUIRED"	"Combat candidate; verify carry owner, item recipient, boss/story effects"	"F45A3AB1381EC27047DF7F12876C41D657A2A122B50A01E3FA11DCF569A90C08"
"HGame/Classes/Menu/FEChallengesPage.uc"	"105"	"LOCAL_PLAYER_CONTEXT|GLOBAL_STORY_CONTEXT"	"DECLARATION_OR_COMMENT"	"Lexical occurrence; not an executable operation"	"BB0F132C0F5A312129A000C7BB9EE77F4ED8059CEB1B14F4850A2A1775D88F6D"
"HGame/Classes/Menu/FEChallengesPage.uc"	"110"	"LOCAL_PLAYER_CONTEXT|GLOBAL_STORY_CONTEXT"	"REVIEW_REQUIRED"	"Presentation subsystem; inventory/progression side effects still need review"	"BB0F132C0F5A312129A000C7BB9EE77F4ED8059CEB1B14F4850A2A1775D88F6D"
"HGame/Classes/Menu/FEChallengesPage.uc"	"112"	"LOCAL_PLAYER_CONTEXT|GLOBAL_STORY_CONTEXT"	"REVIEW_REQUIRED"	"Presentation subsystem; inventory/progression side effects still need review"	"BB0F132C0F5A312129A000C7BB9EE77F4ED8059CEB1B14F4850A2A1775D88F6D"
"HGame/Classes/Menu/FEChallengesPage.uc"	"119"	"LOCAL_PLAYER_CONTEXT|GLOBAL_STORY_CONTEXT"	"REVIEW_REQUIRED"	"Presentation subsystem; inventory/progression side effects still need review"	"BB0F132C0F5A312129A000C7BB9EE77F4ED8059CEB1B14F4850A2A1775D88F6D"
"HGame/Classes/Menu/FEChallengesPage.uc"	"126"	"LOCAL_PLAYER_CONTEXT|GLOBAL_STORY_CONTEXT"	"REVIEW_REQUIRED"	"Presentation subsystem; inventory/progression side effects still need review"	"BB0F132C0F5A312129A000C7BB9EE77F4ED8059CEB1B14F4850A2A1775D88F6D"
"HGame/Classes/Menu/FEChallengesPage.uc"	"133"	"LOCAL_PLAYER_CONTEXT|GLOBAL_STORY_CONTEXT"	"REVIEW_REQUIRED"	"Presentation subsystem; inventory/progression side effects still need review"	"BB0F132C0F5A312129A000C7BB9EE77F4ED8059CEB1B14F4850A2A1775D88F6D"
"HGame/Classes/Menu/FEQuidPage.uc"	"11"	"LOCAL_PLAYER_CONTEXT|GLOBAL_STORY_CONTEXT"	"DECLARATION_OR_COMMENT"	"Lexical occurrence; not an executable operation"	"6528A639A26628003F39033D0AC24846513C7F4E41490946E5C3456337ED668C"
"HGame/Classes/Menu/FEQuidPage.uc"	"35"	"LOCAL_PLAYER_CONTEXT|GLOBAL_STORY_CONTEXT"	"REVIEW_REQUIRED"	"Presentation subsystem; inventory/progression side effects still need review"	"6528A639A26628003F39033D0AC24846513C7F4E41490946E5C3456337ED668C"
"HGame/Classes/Menu/FEQuidPage.uc"	"36"	"LOCAL_PLAYER_CONTEXT|GLOBAL_STORY_CONTEXT"	"REVIEW_REQUIRED"	"Presentation subsystem; inventory/progression side effects still need review"	"6528A639A26628003F39033D0AC24846513C7F4E41490946E5C3456337ED668C"
"HGame/Classes/Menu/FEQuidPage.uc"	"40"	"LOCAL_PLAYER_CONTEXT|GLOBAL_STORY_CONTEXT"	"REVIEW_REQUIRED"	"Presentation subsystem; inventory/progression side effects still need review"	"6528A639A26628003F39033D0AC24846513C7F4E41490946E5C3456337ED668C"
"HGame/Classes/Menu/FEQuidPage.uc"	"49"	"LOCAL_PLAYER_CONTEXT|GLOBAL_STORY_CONTEXT"	"REVIEW_REQUIRED"	"Presentation subsystem; inventory/progression side effects still need review"	"6528A639A26628003F39033D0AC24846513C7F4E41490946E5C3456337ED668C"
"HGame/Classes/Menu/FEQuidPage.uc"	"51"	"LOCAL_PLAYER_CONTEXT|GLOBAL_STORY_CONTEXT"	"REVIEW_REQUIRED"	"Presentation subsystem; inventory/progression side effects still need review"	"6528A639A26628003F39033D0AC24846513C7F4E41490946E5C3456337ED668C"
"HGame/Classes/Menu/FEQuidPage.uc"	"53"	"LOCAL_PLAYER_CONTEXT|GLOBAL_STORY_CONTEXT"	"REVIEW_REQUIRED"	"Presentation subsystem; inventory/progression side effects still need review"	"6528A639A26628003F39033D0AC24846513C7F4E41490946E5C3456337ED668C"
"HGame/Classes/Menu/FEQuidPage.uc"	"60"	"LOCAL_PLAYER_CONTEXT|GLOBAL_STORY_CONTEXT"	"REVIEW_REQUIRED"	"Presentation subsystem; inventory/progression side effects still need review"	"6528A639A26628003F39033D0AC24846513C7F4E41490946E5C3456337ED668C"
"HGame/Classes/Menu/FEQuidPage.uc"	"64"	"LOCAL_PLAYER_CONTEXT|GLOBAL_STORY_CONTEXT"	"REVIEW_REQUIRED"	"Presentation subsystem; inventory/progression side effects still need review"	"6528A639A26628003F39033D0AC24846513C7F4E41490946E5C3456337ED668C"
"HGame/Classes/Menu/FEQuidPage.uc"	"68"	"LOCAL_PLAYER_CONTEXT|GLOBAL_STORY_CONTEXT"	"REVIEW_REQUIRED"	"Presentation subsystem; inventory/progression side effects still need review"	"6528A639A26628003F39033D0AC24846513C7F4E41490946E5C3456337ED668C"
"HGame/Classes/Menu/FEQuidPage.uc"	"72"	"LOCAL_PLAYER_CONTEXT|GLOBAL_STORY_CONTEXT"	"REVIEW_REQUIRED"	"Presentation subsystem; inventory/progression side effects still need review"	"6528A639A26628003F39033D0AC24846513C7F4E41490946E5C3456337ED668C"
"HGame/Classes/Menu/FEQuidPage.uc"	"76"	"LOCAL_PLAYER_CONTEXT|GLOBAL_STORY_CONTEXT"	"REVIEW_REQUIRED"	"Presentation subsystem; inventory/progression side effects still need review"	"6528A639A26628003F39033D0AC24846513C7F4E41490946E5C3456337ED668C"
"HGame/Classes/Menu/FEQuidPage.uc"	"81"	"LOCAL_PLAYER_CONTEXT|GLOBAL_STORY_CONTEXT"	"REVIEW_REQUIRED"	"Presentation subsystem; inventory/progression side effects still need review"	"6528A639A26628003F39033D0AC24846513C7F4E41490946E5C3456337ED668C"
"HGame/Classes/Menu/FEQuidPage.uc"	"84"	"LOCAL_PLAYER_CONTEXT|GLOBAL_STORY_CONTEXT"	"REVIEW_REQUIRED"	"Presentation subsystem; inventory/progression side effects still need review"	"6528A639A26628003F39033D0AC24846513C7F4E41490946E5C3456337ED668C"
"HGame/Classes/Menu/FEQuidPage.uc"	"91"	"LOCAL_PLAYER_CONTEXT|GLOBAL_STORY_CONTEXT"	"REVIEW_REQUIRED"	"Presentation subsystem; inventory/progression side effects still need review"	"6528A639A26628003F39033D0AC24846513C7F4E41490946E5C3456337ED668C"
"HGame/Classes/Menu/FEQuidPage.uc"	"93"	"LOCAL_PLAYER_CONTEXT|GLOBAL_STORY_CONTEXT"	"REVIEW_REQUIRED"	"Presentation subsystem; inventory/progression side effects still need review"	"6528A639A26628003F39033D0AC24846513C7F4E41490946E5C3456337ED668C"
"HGame/Classes/Menu/FEQuidPage.uc"	"95"	"LOCAL_PLAYER_CONTEXT|GLOBAL_STORY_CONTEXT"	"REVIEW_REQUIRED"	"Presentation subsystem; inventory/progression side effects still need review"	"6528A639A26628003F39033D0AC24846513C7F4E41490946E5C3456337ED668C"
"HGame/Classes/Menu/FEQuidPage.uc"	"110"	"LOCAL_PLAYER_CONTEXT|GLOBAL_STORY_CONTEXT"	"REVIEW_REQUIRED"	"Presentation subsystem; inventory/progression side effects still need review"	"6528A639A26628003F39033D0AC24846513C7F4E41490946E5C3456337ED668C"
"HGame/Classes/Menu/FEQuidPage.uc"	"112"	"LOCAL_PLAYER_CONTEXT|GLOBAL_STORY_CONTEXT"	"REVIEW_REQUIRED"	"Presentation subsystem; inventory/progression side effects still need review"	"6528A639A26628003F39033D0AC24846513C7F4E41490946E5C3456337ED668C"
"HGame/Classes/Menu/FEQuidPage.uc"	"156"	"LOCAL_PLAYER_CONTEXT|GLOBAL_STORY_CONTEXT"	"REVIEW_REQUIRED"	"Presentation subsystem; inventory/progression side effects still need review"	"6528A639A26628003F39033D0AC24846513C7F4E41490946E5C3456337ED668C"
"HGame/Classes/Menu/FEQuidPage.uc"	"157"	"LOCAL_PLAYER_CONTEXT|GLOBAL_STORY_CONTEXT"	"REVIEW_REQUIRED"	"Presentation subsystem; inventory/progression side effects still need review"	"6528A639A26628003F39033D0AC24846513C7F4E41490946E5C3456337ED668C"
"HGame/Classes/Menu/FEQuidPage.uc"	"158"	"LOCAL_PLAYER_CONTEXT|GLOBAL_STORY_CONTEXT"	"REVIEW_REQUIRED"	"Presentation subsystem; inventory/progression side effects still need review"	"6528A639A26628003F39033D0AC24846513C7F4E41490946E5C3456337ED668C"
"HGame/Classes/Menu/FEQuidPage.uc"	"220"	"LOCAL_PLAYER_CONTEXT|GLOBAL_STORY_CONTEXT"	"REVIEW_REQUIRED"	"Presentation subsystem; inventory/progression side effects still need review"	"6528A639A26628003F39033D0AC24846513C7F4E41490946E5C3456337ED668C"
"HGame/Classes/Menu/FEQuidPage.uc"	"260"	"LOCAL_PLAYER_CONTEXT|GLOBAL_STORY_CONTEXT"	"REVIEW_REQUIRED"	"Presentation subsystem; inventory/progression side effects still need review"	"6528A639A26628003F39033D0AC24846513C7F4E41490946E5C3456337ED668C"
"HGame/Classes/Menu/FEQuidPage.uc"	"265"	"LOCAL_PLAYER_CONTEXT|GLOBAL_STORY_CONTEXT"	"REVIEW_REQUIRED"	"Presentation subsystem; inventory/progression side effects still need review"	"6528A639A26628003F39033D0AC24846513C7F4E41490946E5C3456337ED668C"
"HGame/Classes/Menu/FEQuidPage.uc"	"373"	"LOCAL_PLAYER_CONTEXT|GLOBAL_STORY_CONTEXT"	"REVIEW_REQUIRED"	"Presentation subsystem; inventory/progression side effects still need review"	"6528A639A26628003F39033D0AC24846513C7F4E41490946E5C3456337ED668C"
"HGame/Classes/Menu/FEQuidPage.uc"	"395"	"LOCAL_PLAYER_CONTEXT|GLOBAL_STORY_CONTEXT"	"REVIEW_REQUIRED"	"Presentation subsystem; inventory/progression side effects still need review"	"6528A639A26628003F39033D0AC24846513C7F4E41490946E5C3456337ED668C"
"HGame/Classes/Menu/FEQuidPage.uc"	"396"	"LOCAL_PLAYER_CONTEXT|GLOBAL_STORY_CONTEXT"	"REVIEW_REQUIRED"	"Presentation subsystem; inventory/progression side effects still need review"	"6528A639A26628003F39033D0AC24846513C7F4E41490946E5C3456337ED668C"
"HGame/Classes/Menu/FEQuidPage.uc"	"400"	"LOCAL_PLAYER_CONTEXT|GLOBAL_STORY_CONTEXT"	"REVIEW_REQUIRED"	"Presentation subsystem; inventory/progression side effects still need review"	"6528A639A26628003F39033D0AC24846513C7F4E41490946E5C3456337ED668C"
"HGame/Classes/Menu/FEQuidPage.uc"	"404"	"LOCAL_PLAYER_CONTEXT|GLOBAL_STORY_CONTEXT"	"REVIEW_REQUIRED"	"Presentation subsystem; inventory/progression side effects still need review"	"6528A639A26628003F39033D0AC24846513C7F4E41490946E5C3456337ED668C"
"HGame/Classes/Menu/FEQuidPage.uc"	"410"	"LOCAL_PLAYER_CONTEXT|GLOBAL_STORY_CONTEXT"	"REVIEW_REQUIRED"	"Presentation subsystem; inventory/progression side effects still need review"	"6528A639A26628003F39033D0AC24846513C7F4E41490946E5C3456337ED668C"
"HGame/Classes/Quidditch/QuidditchPlayer.uc"	"638"	"LOCAL_PLAYER_CONTEXT|GLOBAL_STORY_CONTEXT|AI_TARGET_CONTEXT"	"REVIEW_REQUIRED"	"Mixed legacy alias; inspect operation and callers before edits"	"58C32E39720C093D0442864A107C01617BEAD858309F257425917565AEC5E005"
"HGame/Classes/Quidditch/QuidditchPlayer.uc"	"651"	"LOCAL_PLAYER_CONTEXT|GLOBAL_STORY_CONTEXT|AI_TARGET_CONTEXT"	"REVIEW_REQUIRED"	"Mixed legacy alias; inspect operation and callers before edits"	"58C32E39720C093D0442864A107C01617BEAD858309F257425917565AEC5E005"
"HGame/Classes/Quidditch/QuidditchPlayer.uc"	"657"	"LOCAL_PLAYER_CONTEXT|GLOBAL_STORY_CONTEXT|AI_TARGET_CONTEXT"	"REVIEW_REQUIRED"	"Mixed legacy alias; inspect operation and callers before edits"	"58C32E39720C093D0442864A107C01617BEAD858309F257425917565AEC5E005"
"HGame/Classes/Quidditch/QuidditchPlayer.uc"	"663"	"LOCAL_PLAYER_CONTEXT|GLOBAL_STORY_CONTEXT|AI_TARGET_CONTEXT"	"REVIEW_REQUIRED"	"Mixed legacy alias; inspect operation and callers before edits"	"58C32E39720C093D0442864A107C01617BEAD858309F257425917565AEC5E005"
"HGame/Classes/Quidditch/QuidditchPlayer.uc"	"694"	"LOCAL_PLAYER_CONTEXT|GLOBAL_STORY_CONTEXT|AI_TARGET_CONTEXT"	"REVIEW_REQUIRED"	"Mixed legacy alias; inspect operation and callers before edits"	"58C32E39720C093D0442864A107C01617BEAD858309F257425917565AEC5E005"
"HGame/Classes/Quidditch/QuidditchPlayer.uc"	"702"	"LOCAL_PLAYER_CONTEXT|GLOBAL_STORY_CONTEXT|AI_TARGET_CONTEXT"	"REVIEW_REQUIRED"	"Mixed legacy alias; inspect operation and callers before edits"	"58C32E39720C093D0442864A107C01617BEAD858309F257425917565AEC5E005"
"HGame/Classes/Quidditch/QuidditchPlayer.uc"	"755"	"LOCAL_PLAYER_CONTEXT|GLOBAL_STORY_CONTEXT|AI_TARGET_CONTEXT"	"REVIEW_REQUIRED"	"Mixed legacy alias; inspect operation and callers before edits"	"58C32E39720C093D0442864A107C01617BEAD858309F257425917565AEC5E005"
"HGame/Classes/Quidditch/QuidditchPlayer.uc"	"971"	"LOCAL_PLAYER_CONTEXT|GLOBAL_STORY_CONTEXT|AI_TARGET_CONTEXT"	"REVIEW_REQUIRED"	"Mixed legacy alias; inspect operation and callers before edits"	"58C32E39720C093D0442864A107C01617BEAD858309F257425917565AEC5E005"
"HGame/Classes/Quidditch/QuidditchPlayer.uc"	"1072"	"LOCAL_PLAYER_CONTEXT|GLOBAL_STORY_CONTEXT|AI_TARGET_CONTEXT"	"REVIEW_REQUIRED"	"Mixed legacy alias; inspect operation and callers before edits"	"58C32E39720C093D0442864A107C01617BEAD858309F257425917565AEC5E005"
"HGame/Classes/Characters/SleepingGoyle.uc"	"35"	"LOCAL_PLAYER_CONTEXT|GLOBAL_STORY_CONTEXT|AI_TARGET_CONTEXT"	"REVIEW_REQUIRED"	"Mixed legacy alias; inspect operation and callers before edits"	"4AF4C210AE52ED67F5A25A5A18637D878D9D0DEDAD4E5FC9A8A5E31455960D11"
"HGame/Classes/Characters/SleepingGoyle.uc"	"37"	"LOCAL_PLAYER_CONTEXT|GLOBAL_STORY_CONTEXT|AI_TARGET_CONTEXT"	"REVIEW_REQUIRED"	"Mixed legacy alias; inspect operation and callers before edits"	"4AF4C210AE52ED67F5A25A5A18637D878D9D0DEDAD4E5FC9A8A5E31455960D11"
"HGame/Classes/Characters/SleepingGoyle.uc"	"51"	"LOCAL_PLAYER_CONTEXT|GLOBAL_STORY_CONTEXT|AI_TARGET_CONTEXT"	"REVIEW_REQUIRED"	"Mixed legacy alias; inspect operation and callers before edits"	"4AF4C210AE52ED67F5A25A5A18637D878D9D0DEDAD4E5FC9A8A5E31455960D11"
"HGame/Classes/Characters/SleepingGoyle.uc"	"63"	"LOCAL_PLAYER_CONTEXT|GLOBAL_STORY_CONTEXT|AI_TARGET_CONTEXT"	"REVIEW_REQUIRED"	"Mixed legacy alias; inspect operation and callers before edits"	"4AF4C210AE52ED67F5A25A5A18637D878D9D0DEDAD4E5FC9A8A5E31455960D11"
"HGame/Classes/Characters/SleepingGoyle.uc"	"75"	"LOCAL_PLAYER_CONTEXT|GLOBAL_STORY_CONTEXT|AI_TARGET_CONTEXT"	"REVIEW_REQUIRED"	"Mixed legacy alias; inspect operation and callers before edits"	"4AF4C210AE52ED67F5A25A5A18637D878D9D0DEDAD4E5FC9A8A5E31455960D11"
"HGame/Classes/Characters/SleepingGoyle.uc"	"93"	"LOCAL_PLAYER_CONTEXT|GLOBAL_STORY_CONTEXT|AI_TARGET_CONTEXT"	"REVIEW_REQUIRED"	"Mixed legacy alias; inspect operation and callers before edits"	"4AF4C210AE52ED67F5A25A5A18637D878D9D0DEDAD4E5FC9A8A5E31455960D11"
"HGame/Classes/Enemies/Imp.uc"	"56"	"AI_TARGET_CONTEXT|GLOBAL_STORY_CONTEXT"	"REVIEW_REQUIRED"	"Combat candidate; verify carry owner, item recipient, boss/story effects"	"DB5B88CAD96A461D0C09FFE8640CBBCAD3200C63670D74F535B672592A7E60ED"
"HGame/Classes/Enemies/Imp.uc"	"255"	"AI_TARGET_CONTEXT|GLOBAL_STORY_CONTEXT"	"REVIEW_REQUIRED"	"Combat candidate; verify carry owner, item recipient, boss/story effects"	"DB5B88CAD96A461D0C09FFE8640CBBCAD3200C63670D74F535B672592A7E60ED"
"HGame/Classes/Enemies/Imp.uc"	"296"	"AI_TARGET_CONTEXT|GLOBAL_STORY_CONTEXT"	"REVIEW_REQUIRED"	"Combat candidate; verify carry owner, item recipient, boss/story effects"	"DB5B88CAD96A461D0C09FFE8640CBBCAD3200C63670D74F535B672592A7E60ED"
"HGame/Classes/Enemies/Imp.uc"	"306"	"AI_TARGET_CONTEXT|GLOBAL_STORY_CONTEXT"	"REVIEW_REQUIRED"	"Combat candidate; verify carry owner, item recipient, boss/story effects"	"DB5B88CAD96A461D0C09FFE8640CBBCAD3200C63670D74F535B672592A7E60ED"
"HGame/Classes/Enemies/Imp.uc"	"355"	"AI_TARGET_CONTEXT"	"REVIEWED"	"Carry-owner equality must not track nearest target"	"DB5B88CAD96A461D0C09FFE8640CBBCAD3200C63670D74F535B672592A7E60ED"
"HGame/Classes/Enemies/Imp.uc"	"383"	"AI_TARGET_CONTEXT|GLOBAL_STORY_CONTEXT"	"REVIEW_REQUIRED"	"Combat candidate; verify carry owner, item recipient, boss/story effects"	"DB5B88CAD96A461D0C09FFE8640CBBCAD3200C63670D74F535B672592A7E60ED"
"HGame/Classes/Enemies/Imp.uc"	"417"	"AI_TARGET_CONTEXT|GLOBAL_STORY_CONTEXT"	"REVIEW_REQUIRED"	"Combat candidate; verify carry owner, item recipient, boss/story effects"	"DB5B88CAD96A461D0C09FFE8640CBBCAD3200C63670D74F535B672592A7E60ED"
"HGame/Classes/Enemies/Imp.uc"	"427"	"AI_TARGET_CONTEXT|GLOBAL_STORY_CONTEXT"	"REVIEW_REQUIRED"	"Combat candidate; verify carry owner, item recipient, boss/story effects"	"DB5B88CAD96A461D0C09FFE8640CBBCAD3200C63670D74F535B672592A7E60ED"
"HGame/Classes/Enemies/Imp.uc"	"461"	"AI_TARGET_CONTEXT|GLOBAL_STORY_CONTEXT"	"REVIEW_REQUIRED"	"Combat candidate; verify carry owner, item recipient, boss/story effects"	"DB5B88CAD96A461D0C09FFE8640CBBCAD3200C63670D74F535B672592A7E60ED"
"HGame/Classes/Enemies/Imp.uc"	"464"	"AI_TARGET_CONTEXT|GLOBAL_STORY_CONTEXT"	"REVIEW_REQUIRED"	"Combat candidate; verify carry owner, item recipient, boss/story effects"	"DB5B88CAD96A461D0C09FFE8640CBBCAD3200C63670D74F535B672592A7E60ED"
"HGame/Classes/Enemies/Imp.uc"	"469"	"AI_TARGET_CONTEXT|GLOBAL_STORY_CONTEXT"	"REVIEW_REQUIRED"	"Combat candidate; verify carry owner, item recipient, boss/story effects"	"DB5B88CAD96A461D0C09FFE8640CBBCAD3200C63670D74F535B672592A7E60ED"
"HGame/Classes/Enemies/Imp.uc"	"471"	"AI_TARGET_CONTEXT|GLOBAL_STORY_CONTEXT"	"REVIEW_REQUIRED"	"Combat candidate; verify carry owner, item recipient, boss/story effects"	"DB5B88CAD96A461D0C09FFE8640CBBCAD3200C63670D74F535B672592A7E60ED"
"HGame/Classes/Enemies/Imp.uc"	"486"	"AI_TARGET_CONTEXT|GLOBAL_STORY_CONTEXT"	"REVIEW_REQUIRED"	"Combat candidate; verify carry owner, item recipient, boss/story effects"	"DB5B88CAD96A461D0C09FFE8640CBBCAD3200C63670D74F535B672592A7E60ED"
"HGame/Classes/Enemies/Imp.uc"	"512"	"AI_TARGET_CONTEXT|GLOBAL_STORY_CONTEXT"	"REVIEW_REQUIRED"	"Combat candidate; verify carry owner, item recipient, boss/story effects"	"DB5B88CAD96A461D0C09FFE8640CBBCAD3200C63670D74F535B672592A7E60ED"
"HGame/Classes/Enemies/Imp.uc"	"542"	"AI_TARGET_CONTEXT|GLOBAL_STORY_CONTEXT"	"REVIEW_REQUIRED"	"Combat candidate; verify carry owner, item recipient, boss/story effects"	"DB5B88CAD96A461D0C09FFE8640CBBCAD3200C63670D74F535B672592A7E60ED"
"HGame/Classes/Enemies/Imp.uc"	"620"	"AI_TARGET_CONTEXT|GLOBAL_STORY_CONTEXT"	"REVIEW_REQUIRED"	"Combat candidate; verify carry owner, item recipient, boss/story effects"	"DB5B88CAD96A461D0C09FFE8640CBBCAD3200C63670D74F535B672592A7E60ED"
"HGame/Classes/Enemies/Imp.uc"	"627"	"AI_TARGET_CONTEXT|GLOBAL_STORY_CONTEXT"	"REVIEW_REQUIRED"	"Combat candidate; verify carry owner, item recipient, boss/story effects"	"DB5B88CAD96A461D0C09FFE8640CBBCAD3200C63670D74F535B672592A7E60ED"
"HGame/Classes/HiddenHPawn/PoisonCloud.uc"	"39"	"LOCAL_PLAYER_CONTEXT|GLOBAL_STORY_CONTEXT|AI_TARGET_CONTEXT"	"REVIEW_REQUIRED"	"Mixed legacy alias; inspect operation and callers before edits"	"CEBC1C6BBAE4372EC34407DD1909AE1ED992819E9ABD20B8F27661AE18A919F5"
"HGame/Classes/HiddenHPawn/PoisonCloud.uc"	"44"	"LOCAL_PLAYER_CONTEXT|GLOBAL_STORY_CONTEXT|AI_TARGET_CONTEXT"	"REVIEW_REQUIRED"	"Mixed legacy alias; inspect operation and callers before edits"	"CEBC1C6BBAE4372EC34407DD1909AE1ED992819E9ABD20B8F27661AE18A919F5"
"HGame/Classes/HiddenHPawn/PoisonCloud.uc"	"46"	"LOCAL_PLAYER_CONTEXT|GLOBAL_STORY_CONTEXT|AI_TARGET_CONTEXT"	"REVIEW_REQUIRED"	"Mixed legacy alias; inspect operation and callers before edits"	"CEBC1C6BBAE4372EC34407DD1909AE1ED992819E9ABD20B8F27661AE18A919F5"
"HGame/Classes/HiddenHPawn/PoisonCloud.uc"	"56"	"LOCAL_PLAYER_CONTEXT|GLOBAL_STORY_CONTEXT|AI_TARGET_CONTEXT"	"REVIEW_REQUIRED"	"Mixed legacy alias; inspect operation and callers before edits"	"CEBC1C6BBAE4372EC34407DD1909AE1ED992819E9ABD20B8F27661AE18A919F5"
"HGame/Classes/HiddenHPawn/PoisonCloud.uc"	"64"	"LOCAL_PLAYER_CONTEXT|GLOBAL_STORY_CONTEXT|AI_TARGET_CONTEXT"	"REVIEW_REQUIRED"	"Mixed legacy alias; inspect operation and callers before edits"	"CEBC1C6BBAE4372EC34407DD1909AE1ED992819E9ABD20B8F27661AE18A919F5"
"HGame/Classes/HiddenHPawn/PoisonCloud.uc"	"69"	"LOCAL_PLAYER_CONTEXT|GLOBAL_STORY_CONTEXT|AI_TARGET_CONTEXT"	"REVIEW_REQUIRED"	"Mixed legacy alias; inspect operation and callers before edits"	"CEBC1C6BBAE4372EC34407DD1909AE1ED992819E9ABD20B8F27661AE18A919F5"
"HGame/Classes/HiddenHPawn/PoisonCloud.uc"	"82"	"LOCAL_PLAYER_CONTEXT|GLOBAL_STORY_CONTEXT|AI_TARGET_CONTEXT"	"REVIEW_REQUIRED"	"Mixed legacy alias; inspect operation and callers before edits"	"CEBC1C6BBAE4372EC34407DD1909AE1ED992819E9ABD20B8F27661AE18A919F5"
"HGame/Classes/Characters/Snape.uc"	"26"	"LOCAL_PLAYER_CONTEXT|GLOBAL_STORY_CONTEXT|AI_TARGET_CONTEXT"	"REVIEW_REQUIRED"	"Mixed legacy alias; inspect operation and callers before edits"	"2CECB8A79EA7E4DF22B2488DD5A0425F0ADDE880865B018F368A289D13FFBEA2"
"HGame/Classes/Characters/Snape.uc"	"35"	"LOCAL_PLAYER_CONTEXT|GLOBAL_STORY_CONTEXT|AI_TARGET_CONTEXT"	"REVIEW_REQUIRED"	"Mixed legacy alias; inspect operation and callers before edits"	"2CECB8A79EA7E4DF22B2488DD5A0425F0ADDE880865B018F368A289D13FFBEA2"
"HGame/Classes/Characters/Snape.uc"	"90"	"LOCAL_PLAYER_CONTEXT|GLOBAL_STORY_CONTEXT|AI_TARGET_CONTEXT"	"REVIEW_REQUIRED"	"Mixed legacy alias; inspect operation and callers before edits"	"2CECB8A79EA7E4DF22B2488DD5A0425F0ADDE880865B018F368A289D13FFBEA2"
"HGame/Classes/Characters/Snape.uc"	"105"	"LOCAL_PLAYER_CONTEXT|GLOBAL_STORY_CONTEXT|AI_TARGET_CONTEXT"	"REVIEW_REQUIRED"	"Mixed legacy alias; inspect operation and callers before edits"	"2CECB8A79EA7E4DF22B2488DD5A0425F0ADDE880865B018F368A289D13FFBEA2"
"HGame/Classes/Characters/Snape.uc"	"107"	"LOCAL_PLAYER_CONTEXT|GLOBAL_STORY_CONTEXT|AI_TARGET_CONTEXT"	"REVIEW_REQUIRED"	"Mixed legacy alias; inspect operation and callers before edits"	"2CECB8A79EA7E4DF22B2488DD5A0425F0ADDE880865B018F368A289D13FFBEA2"
"HGame/Classes/Characters/Snape.uc"	"121"	"LOCAL_PLAYER_CONTEXT|GLOBAL_STORY_CONTEXT|AI_TARGET_CONTEXT"	"REVIEW_REQUIRED"	"Mixed legacy alias; inspect operation and callers before edits"	"2CECB8A79EA7E4DF22B2488DD5A0425F0ADDE880865B018F368A289D13FFBEA2"
"HGame/Classes/Characters/Snape.uc"	"136"	"LOCAL_PLAYER_CONTEXT|GLOBAL_STORY_CONTEXT|AI_TARGET_CONTEXT"	"REVIEW_REQUIRED"	"Mixed legacy alias; inspect operation and callers before edits"	"2CECB8A79EA7E4DF22B2488DD5A0425F0ADDE880865B018F368A289D13FFBEA2"
"HGame/Classes/Characters/Snape.uc"	"140"	"LOCAL_PLAYER_CONTEXT|GLOBAL_STORY_CONTEXT|AI_TARGET_CONTEXT"	"REVIEW_REQUIRED"	"Mixed legacy alias; inspect operation and callers before edits"	"2CECB8A79EA7E4DF22B2488DD5A0425F0ADDE880865B018F368A289D13FFBEA2"
"HGame/Classes/Characters/Snape.uc"	"141"	"LOCAL_PLAYER_CONTEXT|GLOBAL_STORY_CONTEXT|AI_TARGET_CONTEXT"	"REVIEW_REQUIRED"	"Mixed legacy alias; inspect operation and callers before edits"	"2CECB8A79EA7E4DF22B2488DD5A0425F0ADDE880865B018F368A289D13FFBEA2"
"HGame/Classes/Characters/Snape.uc"	"142"	"LOCAL_PLAYER_CONTEXT|GLOBAL_STORY_CONTEXT|AI_TARGET_CONTEXT"	"REVIEW_REQUIRED"	"Mixed legacy alias; inspect operation and callers before edits"	"2CECB8A79EA7E4DF22B2488DD5A0425F0ADDE880865B018F368A289D13FFBEA2"
"HGame/Classes/Characters/Snape.uc"	"162"	"LOCAL_PLAYER_CONTEXT|GLOBAL_STORY_CONTEXT|AI_TARGET_CONTEXT"	"REVIEW_REQUIRED"	"Mixed legacy alias; inspect operation and callers before edits"	"2CECB8A79EA7E4DF22B2488DD5A0425F0ADDE880865B018F368A289D13FFBEA2"
"HGame/Classes/Characters/Snape.uc"	"163"	"LOCAL_PLAYER_CONTEXT|GLOBAL_STORY_CONTEXT|AI_TARGET_CONTEXT"	"REVIEW_REQUIRED"	"Mixed legacy alias; inspect operation and callers before edits"	"2CECB8A79EA7E4DF22B2488DD5A0425F0ADDE880865B018F368A289D13FFBEA2"
"HGame/Classes/Characters/Snape.uc"	"173"	"LOCAL_PLAYER_CONTEXT|GLOBAL_STORY_CONTEXT|AI_TARGET_CONTEXT"	"REVIEW_REQUIRED"	"Mixed legacy alias; inspect operation and callers before edits"	"2CECB8A79EA7E4DF22B2488DD5A0425F0ADDE880865B018F368A289D13FFBEA2"
"HGame/Classes/Enemies/Horklumps.uc"	"99"	"AI_TARGET_CONTEXT|GLOBAL_STORY_CONTEXT"	"REVIEW_REQUIRED"	"Combat candidate; verify carry owner, item recipient, boss/story effects"	"6076D9E4C36CEA5FC3DE6EB47A729BD47DCE2E142FFBF68F25E2731D8D15D4F8"
"HGame/Classes/Enemies/Horklumps.uc"	"101"	"AI_TARGET_CONTEXT|GLOBAL_STORY_CONTEXT"	"REVIEW_REQUIRED"	"Combat candidate; verify carry owner, item recipient, boss/story effects"	"6076D9E4C36CEA5FC3DE6EB47A729BD47DCE2E142FFBF68F25E2731D8D15D4F8"
"HGame/Classes/Enemies/Horklumps.uc"	"127"	"AI_TARGET_CONTEXT|GLOBAL_STORY_CONTEXT"	"REVIEW_REQUIRED"	"Combat candidate; verify carry owner, item recipient, boss/story effects"	"6076D9E4C36CEA5FC3DE6EB47A729BD47DCE2E142FFBF68F25E2731D8D15D4F8"
"HGame/Classes/Enemies/Horklumps.uc"	"129"	"AI_TARGET_CONTEXT|GLOBAL_STORY_CONTEXT"	"REVIEW_REQUIRED"	"Combat candidate; verify carry owner, item recipient, boss/story effects"	"6076D9E4C36CEA5FC3DE6EB47A729BD47DCE2E142FFBF68F25E2731D8D15D4F8"
"HGame/Classes/Menu/FEMapPage.uc"	"72"	"LOCAL_PLAYER_CONTEXT|GLOBAL_STORY_CONTEXT"	"DECLARATION_OR_COMMENT"	"Lexical occurrence; not an executable operation"	"0D660260F414EFF09B7E80EDB2D92264EEE2ECC9D1BA280802ACCA7F6C23FF4C"
"HGame/Classes/Menu/FEMapPage.uc"	"314"	"LOCAL_PLAYER_CONTEXT|GLOBAL_STORY_CONTEXT"	"REVIEW_REQUIRED"	"Presentation subsystem; inventory/progression side effects still need review"	"0D660260F414EFF09B7E80EDB2D92264EEE2ECC9D1BA280802ACCA7F6C23FF4C"
"HGame/Classes/Menu/FEMapPage.uc"	"341"	"LOCAL_PLAYER_CONTEXT|GLOBAL_STORY_CONTEXT"	"REVIEW_REQUIRED"	"Presentation subsystem; inventory/progression side effects still need review"	"0D660260F414EFF09B7E80EDB2D92264EEE2ECC9D1BA280802ACCA7F6C23FF4C"
"HGame/Classes/Menu/FEMapPage.uc"	"590"	"LOCAL_PLAYER_CONTEXT|GLOBAL_STORY_CONTEXT"	"REVIEW_REQUIRED"	"Presentation subsystem; inventory/progression side effects still need review"	"0D660260F414EFF09B7E80EDB2D92264EEE2ECC9D1BA280802ACCA7F6C23FF4C"
"HGame/Classes/Menu/FEMapPage.uc"	"603"	"LOCAL_PLAYER_CONTEXT|GLOBAL_STORY_CONTEXT"	"REVIEW_REQUIRED"	"Presentation subsystem; inventory/progression side effects still need review"	"0D660260F414EFF09B7E80EDB2D92264EEE2ECC9D1BA280802ACCA7F6C23FF4C"
"HGame/Classes/Quidditch/QuidditchPawn.uc"	"11"	"LOCAL_PLAYER_CONTEXT|GLOBAL_STORY_CONTEXT|AI_TARGET_CONTEXT"	"DECLARATION_OR_COMMENT"	"Lexical occurrence; not an executable operation"	"15256951F15DD1166CB6B37256BDC910AFED7C1DE5F0802D5790587F81C05A50"
"HGame/Classes/Quidditch/QuidditchPawn.uc"	"61"	"LOCAL_PLAYER_CONTEXT|GLOBAL_STORY_CONTEXT|AI_TARGET_CONTEXT"	"REVIEW_REQUIRED"	"Mixed legacy alias; inspect operation and callers before edits"	"15256951F15DD1166CB6B37256BDC910AFED7C1DE5F0802D5790587F81C05A50"
"HGame/Classes/Quidditch/QuidditchPawn.uc"	"90"	"LOCAL_PLAYER_CONTEXT|GLOBAL_STORY_CONTEXT|AI_TARGET_CONTEXT"	"REVIEW_REQUIRED"	"Mixed legacy alias; inspect operation and callers before edits"	"15256951F15DD1166CB6B37256BDC910AFED7C1DE5F0802D5790587F81C05A50"
"HGame/Classes/Quidditch/QuidditchPawn.uc"	"341"	"LOCAL_PLAYER_CONTEXT|GLOBAL_STORY_CONTEXT|AI_TARGET_CONTEXT"	"REVIEW_REQUIRED"	"Mixed legacy alias; inspect operation and callers before edits"	"15256951F15DD1166CB6B37256BDC910AFED7C1DE5F0802D5790587F81C05A50"
"HGame/Classes/Quidditch/QuidditchPawn.uc"	"351"	"LOCAL_PLAYER_CONTEXT|GLOBAL_STORY_CONTEXT|AI_TARGET_CONTEXT"	"REVIEW_REQUIRED"	"Mixed legacy alias; inspect operation and callers before edits"	"15256951F15DD1166CB6B37256BDC910AFED7C1DE5F0802D5790587F81C05A50"
"HGame/Classes/Quidditch/QuidditchPawn.uc"	"463"	"LOCAL_PLAYER_CONTEXT|GLOBAL_STORY_CONTEXT|AI_TARGET_CONTEXT"	"REVIEW_REQUIRED"	"Mixed legacy alias; inspect operation and callers before edits"	"15256951F15DD1166CB6B37256BDC910AFED7C1DE5F0802D5790587F81C05A50"
"HGame/Classes/Quidditch/QuidditchPawn.uc"	"542"	"LOCAL_PLAYER_CONTEXT|GLOBAL_STORY_CONTEXT|AI_TARGET_CONTEXT"	"REVIEW_REQUIRED"	"Mixed legacy alias; inspect operation and callers before edits"	"15256951F15DD1166CB6B37256BDC910AFED7C1DE5F0802D5790587F81C05A50"
"HGame/Classes/Quidditch/QuidditchPawn.uc"	"560"	"LOCAL_PLAYER_CONTEXT|GLOBAL_STORY_CONTEXT|AI_TARGET_CONTEXT"	"REVIEW_REQUIRED"	"Mixed legacy alias; inspect operation and callers before edits"	"15256951F15DD1166CB6B37256BDC910AFED7C1DE5F0802D5790587F81C05A50"
"HGame/Classes/Quidditch/QuidditchPawn.uc"	"570"	"LOCAL_PLAYER_CONTEXT|GLOBAL_STORY_CONTEXT|AI_TARGET_CONTEXT"	"REVIEW_REQUIRED"	"Mixed legacy alias; inspect operation and callers before edits"	"15256951F15DD1166CB6B37256BDC910AFED7C1DE5F0802D5790587F81C05A50"
"HGame/Classes/Quidditch/QuidditchPawn.uc"	"606"	"LOCAL_PLAYER_CONTEXT|GLOBAL_STORY_CONTEXT|AI_TARGET_CONTEXT"	"REVIEW_REQUIRED"	"Mixed legacy alias; inspect operation and callers before edits"	"15256951F15DD1166CB6B37256BDC910AFED7C1DE5F0802D5790587F81C05A50"
"HGame/Classes/Quidditch/QuidditchPawn.uc"	"647"	"LOCAL_PLAYER_CONTEXT|GLOBAL_STORY_CONTEXT|AI_TARGET_CONTEXT"	"REVIEW_REQUIRED"	"Mixed legacy alias; inspect operation and callers before edits"	"15256951F15DD1166CB6B37256BDC910AFED7C1DE5F0802D5790587F81C05A50"
"HGame/Classes/Quidditch/QuidditchPawn.uc"	"665"	"LOCAL_PLAYER_CONTEXT|GLOBAL_STORY_CONTEXT|AI_TARGET_CONTEXT"	"REVIEW_REQUIRED"	"Mixed legacy alias; inspect operation and callers before edits"	"15256951F15DD1166CB6B37256BDC910AFED7C1DE5F0802D5790587F81C05A50"
"HGame/Classes/Quidditch/QuidditchPawn.uc"	"690"	"LOCAL_PLAYER_CONTEXT|GLOBAL_STORY_CONTEXT|AI_TARGET_CONTEXT"	"REVIEW_REQUIRED"	"Mixed legacy alias; inspect operation and callers before edits"	"15256951F15DD1166CB6B37256BDC910AFED7C1DE5F0802D5790587F81C05A50"
"HGame/Classes/Quidditch/QuidditchPawn.uc"	"722"	"LOCAL_PLAYER_CONTEXT|GLOBAL_STORY_CONTEXT|AI_TARGET_CONTEXT"	"REVIEW_REQUIRED"	"Mixed legacy alias; inspect operation and callers before edits"	"15256951F15DD1166CB6B37256BDC910AFED7C1DE5F0802D5790587F81C05A50"
"HGame/Classes/Quidditch/QuidditchPawn.uc"	"787"	"LOCAL_PLAYER_CONTEXT|GLOBAL_STORY_CONTEXT|AI_TARGET_CONTEXT"	"REVIEW_REQUIRED"	"Mixed legacy alias; inspect operation and callers before edits"	"15256951F15DD1166CB6B37256BDC910AFED7C1DE5F0802D5790587F81C05A50"
"HGame/Classes/Quidditch/QuidditchPawn.uc"	"886"	"LOCAL_PLAYER_CONTEXT|GLOBAL_STORY_CONTEXT|AI_TARGET_CONTEXT"	"REVIEW_REQUIRED"	"Mixed legacy alias; inspect operation and callers before edits"	"15256951F15DD1166CB6B37256BDC910AFED7C1DE5F0802D5790587F81C05A50"
"HGame/Classes/HiddenHPawn/PixieDustFloating.uc"	"26"	"LOCAL_PLAYER_CONTEXT|GLOBAL_STORY_CONTEXT|AI_TARGET_CONTEXT"	"REVIEW_REQUIRED"	"Mixed legacy alias; inspect operation and callers before edits"	"D5CD9ADE43347D355F40A0B50FC94373098D9FB1337CF8A772FB70EF052940E5"
"HGame/Classes/HiddenHPawn/PixieDustFloating.uc"	"29"	"LOCAL_PLAYER_CONTEXT|GLOBAL_STORY_CONTEXT|AI_TARGET_CONTEXT"	"REVIEW_REQUIRED"	"Mixed legacy alias; inspect operation and callers before edits"	"D5CD9ADE43347D355F40A0B50FC94373098D9FB1337CF8A772FB70EF052940E5"
"HGame/Classes/HiddenHPawn/PixieDustFloating.uc"	"31"	"LOCAL_PLAYER_CONTEXT|GLOBAL_STORY_CONTEXT|AI_TARGET_CONTEXT"	"REVIEW_REQUIRED"	"Mixed legacy alias; inspect operation and callers before edits"	"D5CD9ADE43347D355F40A0B50FC94373098D9FB1337CF8A772FB70EF052940E5"
"HGame/Classes/HiddenHPawn/PixieDustFloating.uc"	"40"	"LOCAL_PLAYER_CONTEXT|GLOBAL_STORY_CONTEXT|AI_TARGET_CONTEXT"	"REVIEW_REQUIRED"	"Mixed legacy alias; inspect operation and callers before edits"	"D5CD9ADE43347D355F40A0B50FC94373098D9FB1337CF8A772FB70EF052940E5"
"HGame/Classes/Menu/FEInGamePage.uc"	"193"	"LOCAL_PLAYER_CONTEXT|GLOBAL_STORY_CONTEXT"	"DECLARATION_OR_COMMENT"	"Lexical occurrence; not an executable operation"	"07E326C1B7D99A6BC9AE5A042EA8FBF4A7712490BF509204637FC2DA090D00BB"
"HGame/Classes/Menu/FEInGamePage.uc"	"200"	"LOCAL_PLAYER_CONTEXT|GLOBAL_STORY_CONTEXT"	"REVIEW_REQUIRED"	"Presentation subsystem; inventory/progression side effects still need review"	"07E326C1B7D99A6BC9AE5A042EA8FBF4A7712490BF509204637FC2DA090D00BB"
"HGame/Classes/Menu/FEInGamePage.uc"	"203"	"LOCAL_PLAYER_CONTEXT|GLOBAL_STORY_CONTEXT"	"REVIEW_REQUIRED"	"Presentation subsystem; inventory/progression side effects still need review"	"07E326C1B7D99A6BC9AE5A042EA8FBF4A7712490BF509204637FC2DA090D00BB"
"HGame/Classes/Menu/FEInGamePage.uc"	"209"	"LOCAL_PLAYER_CONTEXT|GLOBAL_STORY_CONTEXT"	"REVIEW_REQUIRED"	"Presentation subsystem; inventory/progression side effects still need review"	"07E326C1B7D99A6BC9AE5A042EA8FBF4A7712490BF509204637FC2DA090D00BB"
"HGame/Classes/Menu/FEInGamePage.uc"	"213"	"LOCAL_PLAYER_CONTEXT|GLOBAL_STORY_CONTEXT"	"REVIEW_REQUIRED"	"Presentation subsystem; inventory/progression side effects still need review"	"07E326C1B7D99A6BC9AE5A042EA8FBF4A7712490BF509204637FC2DA090D00BB"
"HGame/Classes/Menu/FEInGamePage.uc"	"220"	"LOCAL_PLAYER_CONTEXT|GLOBAL_STORY_CONTEXT"	"REVIEW_REQUIRED"	"Presentation subsystem; inventory/progression side effects still need review"	"07E326C1B7D99A6BC9AE5A042EA8FBF4A7712490BF509204637FC2DA090D00BB"
"HGame/Classes/Menu/FEInGamePage.uc"	"229"	"LOCAL_PLAYER_CONTEXT|GLOBAL_STORY_CONTEXT"	"DECLARATION_OR_COMMENT"	"Lexical occurrence; not an executable operation"	"07E326C1B7D99A6BC9AE5A042EA8FBF4A7712490BF509204637FC2DA090D00BB"
"HGame/Classes/Menu/FEInGamePage.uc"	"234"	"LOCAL_PLAYER_CONTEXT|GLOBAL_STORY_CONTEXT"	"REVIEW_REQUIRED"	"Presentation subsystem; inventory/progression side effects still need review"	"07E326C1B7D99A6BC9AE5A042EA8FBF4A7712490BF509204637FC2DA090D00BB"
"HGame/Classes/Menu/FEInGamePage.uc"	"235"	"LOCAL_PLAYER_CONTEXT|GLOBAL_STORY_CONTEXT"	"REVIEW_REQUIRED"	"Presentation subsystem; inventory/progression side effects still need review"	"07E326C1B7D99A6BC9AE5A042EA8FBF4A7712490BF509204637FC2DA090D00BB"
"HGame/Classes/Menu/FEInGamePage.uc"	"238"	"LOCAL_PLAYER_CONTEXT|GLOBAL_STORY_CONTEXT"	"REVIEW_REQUIRED"	"Presentation subsystem; inventory/progression side effects still need review"	"07E326C1B7D99A6BC9AE5A042EA8FBF4A7712490BF509204637FC2DA090D00BB"
"HGame/Classes/Menu/FEInGamePage.uc"	"239"	"LOCAL_PLAYER_CONTEXT|GLOBAL_STORY_CONTEXT"	"REVIEW_REQUIRED"	"Presentation subsystem; inventory/progression side effects still need review"	"07E326C1B7D99A6BC9AE5A042EA8FBF4A7712490BF509204637FC2DA090D00BB"
"HGame/Classes/Menu/FEInGamePage.uc"	"247"	"LOCAL_PLAYER_CONTEXT|GLOBAL_STORY_CONTEXT"	"REVIEW_REQUIRED"	"Presentation subsystem; inventory/progression side effects still need review"	"07E326C1B7D99A6BC9AE5A042EA8FBF4A7712490BF509204637FC2DA090D00BB"
"HGame/Classes/Menu/FEInGamePage.uc"	"250"	"LOCAL_PLAYER_CONTEXT|GLOBAL_STORY_CONTEXT"	"REVIEW_REQUIRED"	"Presentation subsystem; inventory/progression side effects still need review"	"07E326C1B7D99A6BC9AE5A042EA8FBF4A7712490BF509204637FC2DA090D00BB"
"HGame/Classes/Menu/FEInGamePage.uc"	"254"	"LOCAL_PLAYER_CONTEXT|GLOBAL_STORY_CONTEXT"	"REVIEW_REQUIRED"	"Presentation subsystem; inventory/progression side effects still need review"	"07E326C1B7D99A6BC9AE5A042EA8FBF4A7712490BF509204637FC2DA090D00BB"
"HGame/Classes/Menu/FEInGamePage.uc"	"260"	"LOCAL_PLAYER_CONTEXT|GLOBAL_STORY_CONTEXT"	"REVIEW_REQUIRED"	"Presentation subsystem; inventory/progression side effects still need review"	"07E326C1B7D99A6BC9AE5A042EA8FBF4A7712490BF509204637FC2DA090D00BB"
"HGame/Classes/Menu/FEInGamePage.uc"	"261"	"LOCAL_PLAYER_CONTEXT|GLOBAL_STORY_CONTEXT"	"REVIEW_REQUIRED"	"Presentation subsystem; inventory/progression side effects still need review"	"07E326C1B7D99A6BC9AE5A042EA8FBF4A7712490BF509204637FC2DA090D00BB"
"HGame/Classes/Menu/FESoundVideoPage.uc"	"811"	"LOCAL_PLAYER_CONTEXT|GLOBAL_STORY_CONTEXT"	"DECLARATION_OR_COMMENT"	"Lexical occurrence; not an executable operation"	"05327612A869B44F120F3FE7DCC30133D426198053258D2C87A5C558DFFBF1C5"
"HGame/Classes/Menu/FESoundVideoPage.uc"	"812"	"LOCAL_PLAYER_CONTEXT|GLOBAL_STORY_CONTEXT"	"REVIEW_REQUIRED"	"Presentation subsystem; inventory/progression side effects still need review"	"05327612A869B44F120F3FE7DCC30133D426198053258D2C87A5C558DFFBF1C5"
"HGame/Classes/Menu/FESoundVideoPage.uc"	"813"	"LOCAL_PLAYER_CONTEXT|GLOBAL_STORY_CONTEXT"	"REVIEW_REQUIRED"	"Presentation subsystem; inventory/progression side effects still need review"	"05327612A869B44F120F3FE7DCC30133D426198053258D2C87A5C558DFFBF1C5"
"HGame/Classes/Menu/FESoundVideoPage.uc"	"814"	"LOCAL_PLAYER_CONTEXT|GLOBAL_STORY_CONTEXT"	"REVIEW_REQUIRED"	"Presentation subsystem; inventory/progression side effects still need review"	"05327612A869B44F120F3FE7DCC30133D426198053258D2C87A5C558DFFBF1C5"
"HGame/Classes/Menu/FESoundVideoPage.uc"	"815"	"LOCAL_PLAYER_CONTEXT|GLOBAL_STORY_CONTEXT"	"REVIEW_REQUIRED"	"Presentation subsystem; inventory/progression side effects still need review"	"05327612A869B44F120F3FE7DCC30133D426198053258D2C87A5C558DFFBF1C5"
"HGame/Classes/Menu/FESoundVideoPage.uc"	"822"	"LOCAL_PLAYER_CONTEXT|GLOBAL_STORY_CONTEXT"	"DECLARATION_OR_COMMENT"	"Lexical occurrence; not an executable operation"	"05327612A869B44F120F3FE7DCC30133D426198053258D2C87A5C558DFFBF1C5"
"HGame/Classes/Menu/FESoundVideoPage.uc"	"823"	"LOCAL_PLAYER_CONTEXT|GLOBAL_STORY_CONTEXT"	"REVIEW_REQUIRED"	"Presentation subsystem; inventory/progression side effects still need review"	"05327612A869B44F120F3FE7DCC30133D426198053258D2C87A5C558DFFBF1C5"
"HGame/Classes/Menu/FESoundVideoPage.uc"	"824"	"LOCAL_PLAYER_CONTEXT|GLOBAL_STORY_CONTEXT"	"REVIEW_REQUIRED"	"Presentation subsystem; inventory/progression side effects still need review"	"05327612A869B44F120F3FE7DCC30133D426198053258D2C87A5C558DFFBF1C5"
"HGame/Classes/Menu/FESoundVideoPage.uc"	"825"	"LOCAL_PLAYER_CONTEXT|GLOBAL_STORY_CONTEXT"	"REVIEW_REQUIRED"	"Presentation subsystem; inventory/progression side effects still need review"	"05327612A869B44F120F3FE7DCC30133D426198053258D2C87A5C558DFFBF1C5"
"HGame/Classes/Menu/FESoundVideoPage.uc"	"827"	"LOCAL_PLAYER_CONTEXT|GLOBAL_STORY_CONTEXT"	"REVIEW_REQUIRED"	"Presentation subsystem; inventory/progression side effects still need review"	"05327612A869B44F120F3FE7DCC30133D426198053258D2C87A5C558DFFBF1C5"
"HGame/Classes/Quidditch/QuidditchLessonDirector.uc"	"61"	"LOCAL_PLAYER_CONTEXT|GLOBAL_STORY_CONTEXT|AI_TARGET_CONTEXT"	"REVIEW_REQUIRED"	"Mixed legacy alias; inspect operation and callers before edits"	"D904C23A263638AEBD68AF2CB3382A8C3C4DCC01644EB49268DB5E18FF14152A"
"HGame/Classes/Quidditch/QuidditchLessonDirector.uc"	"67"	"LOCAL_PLAYER_CONTEXT|GLOBAL_STORY_CONTEXT|AI_TARGET_CONTEXT"	"REVIEW_REQUIRED"	"Mixed legacy alias; inspect operation and callers before edits"	"D904C23A263638AEBD68AF2CB3382A8C3C4DCC01644EB49268DB5E18FF14152A"
"HGame/Classes/Enemies/GNOME.uc"	"238"	"AI_TARGET_CONTEXT|GLOBAL_STORY_CONTEXT"	"REVIEWED_MIXED"	"AI cutscene gate incorrectly reads HUD on dedicated authority"	"E1DE0136DA786F6DC0798C2C3728B1C9FA227273F7471654E46779F88888B8C6"
"HGame/Classes/Enemies/GNOME.uc"	"242"	"AI_TARGET_CONTEXT|GLOBAL_STORY_CONTEXT"	"REVIEW_REQUIRED"	"Combat candidate; verify carry owner, item recipient, boss/story effects"	"E1DE0136DA786F6DC0798C2C3728B1C9FA227273F7471654E46779F88888B8C6"
"HGame/Classes/Enemies/GNOME.uc"	"476"	"AI_TARGET_CONTEXT|GLOBAL_STORY_CONTEXT"	"REVIEW_REQUIRED"	"Combat candidate; verify carry owner, item recipient, boss/story effects"	"E1DE0136DA786F6DC0798C2C3728B1C9FA227273F7471654E46779F88888B8C6"
"HGame/Classes/Enemies/GNOME.uc"	"540"	"AI_TARGET_CONTEXT"	"REVIEWED"	"Victim/carry-owner contract; pin transaction recipient, do not retarget mid-steal/carry"	"E1DE0136DA786F6DC0798C2C3728B1C9FA227273F7471654E46779F88888B8C6"
"HGame/Classes/Enemies/GNOME.uc"	"572"	"AI_TARGET_CONTEXT"	"REVIEWED"	"Victim/carry-owner contract; pin transaction recipient, do not retarget mid-steal/carry"	"E1DE0136DA786F6DC0798C2C3728B1C9FA227273F7471654E46779F88888B8C6"
"HGame/Classes/Enemies/GNOME.uc"	"599"	"AI_TARGET_CONTEXT|GLOBAL_STORY_CONTEXT"	"REVIEW_REQUIRED"	"Combat candidate; verify carry owner, item recipient, boss/story effects"	"E1DE0136DA786F6DC0798C2C3728B1C9FA227273F7471654E46779F88888B8C6"
"HGame/Classes/Enemies/GNOME.uc"	"600"	"AI_TARGET_CONTEXT|GLOBAL_STORY_CONTEXT"	"REVIEW_REQUIRED"	"Combat candidate; verify carry owner, item recipient, boss/story effects"	"E1DE0136DA786F6DC0798C2C3728B1C9FA227273F7471654E46779F88888B8C6"
"HGame/Classes/Enemies/GNOME.uc"	"618"	"AI_TARGET_CONTEXT"	"REVIEWED"	"Victim/carry-owner contract; pin transaction recipient, do not retarget mid-steal/carry"	"E1DE0136DA786F6DC0798C2C3728B1C9FA227273F7471654E46779F88888B8C6"
"HGame/Classes/Enemies/GNOME.uc"	"626"	"AI_TARGET_CONTEXT"	"REVIEWED"	"Victim/carry-owner contract; pin transaction recipient, do not retarget mid-steal/carry"	"E1DE0136DA786F6DC0798C2C3728B1C9FA227273F7471654E46779F88888B8C6"
"HGame/Classes/Enemies/GNOME.uc"	"684"	"AI_TARGET_CONTEXT"	"REVIEWED"	"Victim/carry-owner contract; pin transaction recipient, do not retarget mid-steal/carry"	"E1DE0136DA786F6DC0798C2C3728B1C9FA227273F7471654E46779F88888B8C6"
"HGame/Classes/Enemies/GNOME.uc"	"758"	"AI_TARGET_CONTEXT"	"REVIEWED"	"Victim/carry-owner contract; pin transaction recipient, do not retarget mid-steal/carry"	"E1DE0136DA786F6DC0798C2C3728B1C9FA227273F7471654E46779F88888B8C6"
"HGame/Classes/Enemies/GNOME.uc"	"790"	"AI_TARGET_CONTEXT"	"REVIEWED"	"Victim/carry-owner contract; pin transaction recipient, do not retarget mid-steal/carry"	"E1DE0136DA786F6DC0798C2C3728B1C9FA227273F7471654E46779F88888B8C6"
"HGame/Classes/Enemies/GNOME.uc"	"923"	"AI_TARGET_CONTEXT|GLOBAL_STORY_CONTEXT"	"REVIEW_REQUIRED"	"Combat candidate; verify carry owner, item recipient, boss/story effects"	"E1DE0136DA786F6DC0798C2C3728B1C9FA227273F7471654E46779F88888B8C6"
"HGame/Classes/Enemies/GNOME.uc"	"949"	"AI_TARGET_CONTEXT|GLOBAL_STORY_CONTEXT"	"REVIEW_REQUIRED"	"Combat candidate; verify carry owner, item recipient, boss/story effects"	"E1DE0136DA786F6DC0798C2C3728B1C9FA227273F7471654E46779F88888B8C6"
"HGame/Classes/Enemies/GNOME.uc"	"962"	"AI_TARGET_CONTEXT|GLOBAL_STORY_CONTEXT"	"REVIEW_REQUIRED"	"Combat candidate; verify carry owner, item recipient, boss/story effects"	"E1DE0136DA786F6DC0798C2C3728B1C9FA227273F7471654E46779F88888B8C6"
"HGame/Classes/Enemies/GNOME.uc"	"983"	"AI_TARGET_CONTEXT|GLOBAL_STORY_CONTEXT"	"REVIEW_REQUIRED"	"Combat candidate; verify carry owner, item recipient, boss/story effects"	"E1DE0136DA786F6DC0798C2C3728B1C9FA227273F7471654E46779F88888B8C6"
"HGame/Classes/Enemies/GNOME.uc"	"1004"	"AI_TARGET_CONTEXT|GLOBAL_STORY_CONTEXT"	"REVIEW_REQUIRED"	"Combat candidate; verify carry owner, item recipient, boss/story effects"	"E1DE0136DA786F6DC0798C2C3728B1C9FA227273F7471654E46779F88888B8C6"
"HGame/Classes/Enemies/GNOME.uc"	"1060"	"AI_TARGET_CONTEXT|GLOBAL_STORY_CONTEXT"	"REVIEW_REQUIRED"	"Combat candidate; verify carry owner, item recipient, boss/story effects"	"E1DE0136DA786F6DC0798C2C3728B1C9FA227273F7471654E46779F88888B8C6"
"HGame/Classes/Enemies/GNOME.uc"	"1068"	"AI_TARGET_CONTEXT|GLOBAL_STORY_CONTEXT"	"REVIEW_REQUIRED"	"Combat candidate; verify carry owner, item recipient, boss/story effects"	"E1DE0136DA786F6DC0798C2C3728B1C9FA227273F7471654E46779F88888B8C6"
"HGame/Classes/Enemies/GNOME.uc"	"1077"	"AI_TARGET_CONTEXT|GLOBAL_STORY_CONTEXT"	"REVIEW_REQUIRED"	"Combat candidate; verify carry owner, item recipient, boss/story effects"	"E1DE0136DA786F6DC0798C2C3728B1C9FA227273F7471654E46779F88888B8C6"
"HGame/Classes/Enemies/GNOME.uc"	"1111"	"AI_TARGET_CONTEXT|GLOBAL_STORY_CONTEXT"	"REVIEW_REQUIRED"	"Combat candidate; verify carry owner, item recipient, boss/story effects"	"E1DE0136DA786F6DC0798C2C3728B1C9FA227273F7471654E46779F88888B8C6"
"HGame/Classes/Enemies/GNOME.uc"	"1130"	"AI_TARGET_CONTEXT|GLOBAL_STORY_CONTEXT"	"REVIEW_REQUIRED"	"Combat candidate; verify carry owner, item recipient, boss/story effects"	"E1DE0136DA786F6DC0798C2C3728B1C9FA227273F7471654E46779F88888B8C6"
"HGame/Classes/Enemies/GNOME.uc"	"1132"	"AI_TARGET_CONTEXT|GLOBAL_STORY_CONTEXT"	"REVIEW_REQUIRED"	"Combat candidate; verify carry owner, item recipient, boss/story effects"	"E1DE0136DA786F6DC0798C2C3728B1C9FA227273F7471654E46779F88888B8C6"
"HGame/Classes/Enemies/GNOME.uc"	"1146"	"AI_TARGET_CONTEXT|GLOBAL_STORY_CONTEXT"	"REVIEW_REQUIRED"	"Combat candidate; verify carry owner, item recipient, boss/story effects"	"E1DE0136DA786F6DC0798C2C3728B1C9FA227273F7471654E46779F88888B8C6"
"HGame/Classes/Enemies/GNOME.uc"	"1148"	"AI_TARGET_CONTEXT|GLOBAL_STORY_CONTEXT"	"REVIEW_REQUIRED"	"Combat candidate; verify carry owner, item recipient, boss/story effects"	"E1DE0136DA786F6DC0798C2C3728B1C9FA227273F7471654E46779F88888B8C6"
"HGame/Classes/Enemies/GNOME.uc"	"1151"	"AI_TARGET_CONTEXT|GLOBAL_STORY_CONTEXT"	"REVIEW_REQUIRED"	"Combat candidate; verify carry owner, item recipient, boss/story effects"	"E1DE0136DA786F6DC0798C2C3728B1C9FA227273F7471654E46779F88888B8C6"
"HGame/Classes/Enemies/GNOME.uc"	"1204"	"AI_TARGET_CONTEXT|GLOBAL_STORY_CONTEXT"	"REVIEW_REQUIRED"	"Combat candidate; verify carry owner, item recipient, boss/story effects"	"E1DE0136DA786F6DC0798C2C3728B1C9FA227273F7471654E46779F88888B8C6"
"HGame/Classes/Enemies/GNOME.uc"	"1206"	"AI_TARGET_CONTEXT|GLOBAL_STORY_CONTEXT"	"REVIEW_REQUIRED"	"Combat candidate; verify carry owner, item recipient, boss/story effects"	"E1DE0136DA786F6DC0798C2C3728B1C9FA227273F7471654E46779F88888B8C6"
"HGame/Classes/Enemies/GNOME.uc"	"1233"	"AI_TARGET_CONTEXT|GLOBAL_STORY_CONTEXT"	"REVIEW_REQUIRED"	"Combat candidate; verify carry owner, item recipient, boss/story effects"	"E1DE0136DA786F6DC0798C2C3728B1C9FA227273F7471654E46779F88888B8C6"
"HGame/Classes/Enemies/GNOME.uc"	"1261"	"AI_TARGET_CONTEXT|GLOBAL_STORY_CONTEXT"	"REVIEW_REQUIRED"	"Combat candidate; verify carry owner, item recipient, boss/story effects"	"E1DE0136DA786F6DC0798C2C3728B1C9FA227273F7471654E46779F88888B8C6"
"HGame/Classes/Enemies/GNOME.uc"	"1288"	"AI_TARGET_CONTEXT|GLOBAL_STORY_CONTEXT"	"REVIEW_REQUIRED"	"Combat candidate; verify carry owner, item recipient, boss/story effects"	"E1DE0136DA786F6DC0798C2C3728B1C9FA227273F7471654E46779F88888B8C6"
"HGame/Classes/Enemies/GNOME.uc"	"1308"	"AI_TARGET_CONTEXT|GLOBAL_STORY_CONTEXT"	"REVIEW_REQUIRED"	"Combat candidate; verify carry owner, item recipient, boss/story effects"	"E1DE0136DA786F6DC0798C2C3728B1C9FA227273F7471654E46779F88888B8C6"
"HGame/Classes/Enemies/GNOME.uc"	"1334"	"AI_TARGET_CONTEXT|GLOBAL_STORY_CONTEXT"	"REVIEW_REQUIRED"	"Combat candidate; verify carry owner, item recipient, boss/story effects"	"E1DE0136DA786F6DC0798C2C3728B1C9FA227273F7471654E46779F88888B8C6"
"HGame/Classes/HiddenHPawn/PixieDust.uc"	"27"	"LOCAL_PLAYER_CONTEXT|GLOBAL_STORY_CONTEXT|AI_TARGET_CONTEXT"	"REVIEW_REQUIRED"	"Mixed legacy alias; inspect operation and callers before edits"	"2B3C41D86AD278AF3B56E77A0149C33CA3722CD23EBA5B80A810955912A0027E"
"HGame/Classes/HiddenHPawn/PixieDust.uc"	"30"	"LOCAL_PLAYER_CONTEXT|GLOBAL_STORY_CONTEXT|AI_TARGET_CONTEXT"	"REVIEW_REQUIRED"	"Mixed legacy alias; inspect operation and callers before edits"	"2B3C41D86AD278AF3B56E77A0149C33CA3722CD23EBA5B80A810955912A0027E"
"HGame/Classes/HiddenHPawn/PixieDust.uc"	"32"	"LOCAL_PLAYER_CONTEXT|GLOBAL_STORY_CONTEXT|AI_TARGET_CONTEXT"	"REVIEW_REQUIRED"	"Mixed legacy alias; inspect operation and callers before edits"	"2B3C41D86AD278AF3B56E77A0149C33CA3722CD23EBA5B80A810955912A0027E"
"HGame/Classes/HiddenHPawn/PixieDust.uc"	"41"	"LOCAL_PLAYER_CONTEXT|GLOBAL_STORY_CONTEXT|AI_TARGET_CONTEXT"	"REVIEW_REQUIRED"	"Mixed legacy alias; inspect operation and callers before edits"	"2B3C41D86AD278AF3B56E77A0149C33CA3722CD23EBA5B80A810955912A0027E"
"HGame/Classes/Triggers/WarnTrigger.uc"	"9"	"GLOBAL_STORY_CONTEXT|LOCAL_PLAYER_CONTEXT"	"DECLARATION_OR_COMMENT"	"Lexical occurrence; not an executable operation"	"3E400D40A9CF3BA38E8A26B517917174C05AFA9BBADAE51EA17B029E0E87FC9C"
"HGame/Classes/Triggers/WarnTrigger.uc"	"21"	"GLOBAL_STORY_CONTEXT|LOCAL_PLAYER_CONTEXT"	"REVIEW_REQUIRED"	"Story and presentation mixed; classify operation not alias spelling"	"3E400D40A9CF3BA38E8A26B517917174C05AFA9BBADAE51EA17B029E0E87FC9C"
"HGame/Classes/Triggers/WarnTrigger.uc"	"38"	"GLOBAL_STORY_CONTEXT|LOCAL_PLAYER_CONTEXT"	"REVIEW_REQUIRED"	"Story and presentation mixed; classify operation not alias spelling"	"3E400D40A9CF3BA38E8A26B517917174C05AFA9BBADAE51EA17B029E0E87FC9C"
"HGame/Classes/Triggers/WarnTrigger.uc"	"39"	"GLOBAL_STORY_CONTEXT|LOCAL_PLAYER_CONTEXT"	"REVIEW_REQUIRED"	"Story and presentation mixed; classify operation not alias spelling"	"3E400D40A9CF3BA38E8A26B517917174C05AFA9BBADAE51EA17B029E0E87FC9C"
"HGame/Classes/Triggers/WarnTrigger.uc"	"40"	"GLOBAL_STORY_CONTEXT|LOCAL_PLAYER_CONTEXT"	"REVIEW_REQUIRED"	"Story and presentation mixed; classify operation not alias spelling"	"3E400D40A9CF3BA38E8A26B517917174C05AFA9BBADAE51EA17B029E0E87FC9C"
"HGame/Classes/Internal/HPConsole.uc"	"460"	"LOCAL_PLAYER_CONTEXT|GLOBAL_STORY_CONTEXT"	"DECLARATION_OR_COMMENT"	"Lexical occurrence; not an executable operation"	"8EF1A46DE38FA37A5DE15368CFB45D8A263371A2672967C97B565000BAFCE356"
"HGame/Classes/Internal/HPConsole.uc"	"465"	"LOCAL_PLAYER_CONTEXT|GLOBAL_STORY_CONTEXT"	"REVIEW_REQUIRED"	"Presentation subsystem; inventory/progression side effects still need review"	"8EF1A46DE38FA37A5DE15368CFB45D8A263371A2672967C97B565000BAFCE356"
"HGame/Classes/Internal/HPConsole.uc"	"466"	"LOCAL_PLAYER_CONTEXT|GLOBAL_STORY_CONTEXT"	"REVIEW_REQUIRED"	"Presentation subsystem; inventory/progression side effects still need review"	"8EF1A46DE38FA37A5DE15368CFB45D8A263371A2672967C97B565000BAFCE356"
"HGame/Classes/Internal/HPConsole.uc"	"508"	"LOCAL_PLAYER_CONTEXT|GLOBAL_STORY_CONTEXT"	"REVIEW_REQUIRED"	"Presentation subsystem; inventory/progression side effects still need review"	"8EF1A46DE38FA37A5DE15368CFB45D8A263371A2672967C97B565000BAFCE356"
"HGame/Classes/Internal/HPConsole.uc"	"630"	"LOCAL_PLAYER_CONTEXT|GLOBAL_STORY_CONTEXT"	"DECLARATION_OR_COMMENT"	"Lexical occurrence; not an executable operation"	"8EF1A46DE38FA37A5DE15368CFB45D8A263371A2672967C97B565000BAFCE356"
"HGame/Classes/Internal/HPConsole.uc"	"632"	"LOCAL_PLAYER_CONTEXT|GLOBAL_STORY_CONTEXT"	"DECLARATION_OR_COMMENT"	"Lexical occurrence; not an executable operation"	"8EF1A46DE38FA37A5DE15368CFB45D8A263371A2672967C97B565000BAFCE356"
"HGame/Classes/Internal/HPConsole.uc"	"639"	"LOCAL_PLAYER_CONTEXT|GLOBAL_STORY_CONTEXT"	"REVIEW_REQUIRED"	"Presentation subsystem; inventory/progression side effects still need review"	"8EF1A46DE38FA37A5DE15368CFB45D8A263371A2672967C97B565000BAFCE356"
"HGame/Classes/Internal/HPConsole.uc"	"690"	"LOCAL_PLAYER_CONTEXT|GLOBAL_STORY_CONTEXT"	"REVIEW_REQUIRED"	"Presentation subsystem; inventory/progression side effects still need review"	"8EF1A46DE38FA37A5DE15368CFB45D8A263371A2672967C97B565000BAFCE356"
"HGame/Classes/Internal/HPConsole.uc"	"702"	"LOCAL_PLAYER_CONTEXT|GLOBAL_STORY_CONTEXT"	"REVIEW_REQUIRED"	"Presentation subsystem; inventory/progression side effects still need review"	"8EF1A46DE38FA37A5DE15368CFB45D8A263371A2672967C97B565000BAFCE356"
"HGame/Classes/Internal/HPConsole.uc"	"704"	"LOCAL_PLAYER_CONTEXT|GLOBAL_STORY_CONTEXT"	"REVIEW_REQUIRED"	"Presentation subsystem; inventory/progression side effects still need review"	"8EF1A46DE38FA37A5DE15368CFB45D8A263371A2672967C97B565000BAFCE356"
"HGame/Classes/Internal/HPConsole.uc"	"743"	"LOCAL_PLAYER_CONTEXT|GLOBAL_STORY_CONTEXT"	"REVIEW_REQUIRED"	"Presentation subsystem; inventory/progression side effects still need review"	"8EF1A46DE38FA37A5DE15368CFB45D8A263371A2672967C97B565000BAFCE356"
"HGame/Classes/Internal/HPConsole.uc"	"750"	"LOCAL_PLAYER_CONTEXT|GLOBAL_STORY_CONTEXT"	"REVIEW_REQUIRED"	"Presentation subsystem; inventory/progression side effects still need review"	"8EF1A46DE38FA37A5DE15368CFB45D8A263371A2672967C97B565000BAFCE356"
"HGame/Classes/Internal/HPConsole.uc"	"760"	"LOCAL_PLAYER_CONTEXT|GLOBAL_STORY_CONTEXT"	"REVIEW_REQUIRED"	"Presentation subsystem; inventory/progression side effects still need review"	"8EF1A46DE38FA37A5DE15368CFB45D8A263371A2672967C97B565000BAFCE356"
"HGame/Classes/Quidditch/QuidditchKiosk.uc"	"19"	"LOCAL_PLAYER_CONTEXT|GLOBAL_STORY_CONTEXT|AI_TARGET_CONTEXT"	"REVIEW_REQUIRED"	"Mixed legacy alias; inspect operation and callers before edits"	"8D8CAF11A765361416F7BAB2BF6B1CD26130F72ADD93FFE11EACED253D4D75C0"
"HGame/Classes/Quidditch/QuidditchKiosk.uc"	"21"	"LOCAL_PLAYER_CONTEXT|GLOBAL_STORY_CONTEXT|AI_TARGET_CONTEXT"	"REVIEW_REQUIRED"	"Mixed legacy alias; inspect operation and callers before edits"	"8D8CAF11A765361416F7BAB2BF6B1CD26130F72ADD93FFE11EACED253D4D75C0"
"HGame/Classes/Quidditch/QuidditchKiosk.uc"	"22"	"LOCAL_PLAYER_CONTEXT|GLOBAL_STORY_CONTEXT|AI_TARGET_CONTEXT"	"REVIEW_REQUIRED"	"Mixed legacy alias; inspect operation and callers before edits"	"8D8CAF11A765361416F7BAB2BF6B1CD26130F72ADD93FFE11EACED253D4D75C0"
"HGame/Classes/Quidditch/QuidditchKiosk.uc"	"23"	"LOCAL_PLAYER_CONTEXT|GLOBAL_STORY_CONTEXT|AI_TARGET_CONTEXT"	"REVIEW_REQUIRED"	"Mixed legacy alias; inspect operation and callers before edits"	"8D8CAF11A765361416F7BAB2BF6B1CD26130F72ADD93FFE11EACED253D4D75C0"
"HGame/Classes/Quidditch/QuidditchKiosk.uc"	"34"	"LOCAL_PLAYER_CONTEXT|GLOBAL_STORY_CONTEXT|AI_TARGET_CONTEXT"	"REVIEW_REQUIRED"	"Mixed legacy alias; inspect operation and callers before edits"	"8D8CAF11A765361416F7BAB2BF6B1CD26130F72ADD93FFE11EACED253D4D75C0"
"HGame/Classes/Quidditch/QuidditchKiosk.uc"	"36"	"LOCAL_PLAYER_CONTEXT|GLOBAL_STORY_CONTEXT|AI_TARGET_CONTEXT"	"REVIEW_REQUIRED"	"Mixed legacy alias; inspect operation and callers before edits"	"8D8CAF11A765361416F7BAB2BF6B1CD26130F72ADD93FFE11EACED253D4D75C0"
"HGame/Classes/Quidditch/QuidditchKiosk.uc"	"37"	"LOCAL_PLAYER_CONTEXT|GLOBAL_STORY_CONTEXT|AI_TARGET_CONTEXT"	"REVIEW_REQUIRED"	"Mixed legacy alias; inspect operation and callers before edits"	"8D8CAF11A765361416F7BAB2BF6B1CD26130F72ADD93FFE11EACED253D4D75C0"
"HGame/Classes/Quidditch/QuidditchKiosk.uc"	"38"	"LOCAL_PLAYER_CONTEXT|GLOBAL_STORY_CONTEXT|AI_TARGET_CONTEXT"	"REVIEW_REQUIRED"	"Mixed legacy alias; inspect operation and callers before edits"	"8D8CAF11A765361416F7BAB2BF6B1CD26130F72ADD93FFE11EACED253D4D75C0"
"HGame/Classes/HiddenHPawn/MovingClouds.uc"	"41"	"LOCAL_PLAYER_CONTEXT|GLOBAL_STORY_CONTEXT|AI_TARGET_CONTEXT"	"REVIEW_REQUIRED"	"Mixed legacy alias; inspect operation and callers before edits"	"9005F2F9E2FEFD42935BBE48F962BDD15878F8FC41FFE4D7E90F9FDE091D390C"
"HGame/Classes/HiddenHPawn/MovingClouds.uc"	"53"	"LOCAL_PLAYER_CONTEXT|GLOBAL_STORY_CONTEXT|AI_TARGET_CONTEXT"	"REVIEW_REQUIRED"	"Mixed legacy alias; inspect operation and callers before edits"	"9005F2F9E2FEFD42935BBE48F962BDD15878F8FC41FFE4D7E90F9FDE091D390C"
"HGame/Classes/HiddenHPawn/MovingClouds.uc"	"68"	"LOCAL_PLAYER_CONTEXT|GLOBAL_STORY_CONTEXT|AI_TARGET_CONTEXT"	"REVIEW_REQUIRED"	"Mixed legacy alias; inspect operation and callers before edits"	"9005F2F9E2FEFD42935BBE48F962BDD15878F8FC41FFE4D7E90F9FDE091D390C"
"HGame/Classes/HiddenHPawn/MovingClouds.uc"	"71"	"LOCAL_PLAYER_CONTEXT|GLOBAL_STORY_CONTEXT|AI_TARGET_CONTEXT"	"REVIEW_REQUIRED"	"Mixed legacy alias; inspect operation and callers before edits"	"9005F2F9E2FEFD42935BBE48F962BDD15878F8FC41FFE4D7E90F9FDE091D390C"
"HGame/Classes/HiddenHPawn/MovingClouds.uc"	"89"	"LOCAL_PLAYER_CONTEXT|GLOBAL_STORY_CONTEXT|AI_TARGET_CONTEXT"	"REVIEW_REQUIRED"	"Mixed legacy alias; inspect operation and callers before edits"	"9005F2F9E2FEFD42935BBE48F962BDD15878F8FC41FFE4D7E90F9FDE091D390C"
"HGame/Classes/HiddenHPawn/MovingClouds.uc"	"92"	"LOCAL_PLAYER_CONTEXT|GLOBAL_STORY_CONTEXT|AI_TARGET_CONTEXT"	"REVIEW_REQUIRED"	"Mixed legacy alias; inspect operation and callers before edits"	"9005F2F9E2FEFD42935BBE48F962BDD15878F8FC41FFE4D7E90F9FDE091D390C"
"HGame/Classes/Triggers/TriggerTurnOnAllSpells.uc"	"17"	"GLOBAL_STORY_CONTEXT"	"REVIEWED"	"Shared spell availability must reach both pawns"	"848306523480ABA25565F75669EB653E4BB2640A43A05D8D705CF7569055A94B"
"HGame/Classes/Triggers/TriggerTurnOnAllSpells.uc"	"27"	"GLOBAL_STORY_CONTEXT"	"REVIEWED"	"Shared spell availability must reach both pawns"	"848306523480ABA25565F75669EB653E4BB2640A43A05D8D705CF7569055A94B"
"HGame/Classes/Triggers/TriggerTurnOnAllSpells.uc"	"28"	"GLOBAL_STORY_CONTEXT"	"REVIEWED"	"Shared spell availability must reach both pawns"	"848306523480ABA25565F75669EB653E4BB2640A43A05D8D705CF7569055A94B"
"HGame/Classes/Quidditch/QuidditchCameraTarget.uc"	"15"	"LOCAL_PLAYER_CONTEXT|GLOBAL_STORY_CONTEXT|AI_TARGET_CONTEXT"	"REVIEW_REQUIRED"	"Mixed legacy alias; inspect operation and callers before edits"	"A956FF4122676F40A53153ED5DC82ADFBD6C7ADF6EBE6FE037C27E6DF63A13CE"
"HGame/Classes/Quidditch/QuidditchCameraTarget.uc"	"21"	"LOCAL_PLAYER_CONTEXT|GLOBAL_STORY_CONTEXT|AI_TARGET_CONTEXT"	"REVIEW_REQUIRED"	"Mixed legacy alias; inspect operation and callers before edits"	"A956FF4122676F40A53153ED5DC82ADFBD6C7ADF6EBE6FE037C27E6DF63A13CE"
"HGame/Classes/Quidditch/BroomHoopTrail.uc"	"8"	"LOCAL_PLAYER_CONTEXT|GLOBAL_STORY_CONTEXT|AI_TARGET_CONTEXT"	"DECLARATION_OR_COMMENT"	"Lexical occurrence; not an executable operation"	"A77DDD9E8FDF1F558A48314F83A963CB63549221DDB538ACF22C5598754D35DC"
"HGame/Classes/Quidditch/BroomHoopTrail.uc"	"35"	"LOCAL_PLAYER_CONTEXT|GLOBAL_STORY_CONTEXT|AI_TARGET_CONTEXT"	"REVIEW_REQUIRED"	"Mixed legacy alias; inspect operation and callers before edits"	"A77DDD9E8FDF1F558A48314F83A963CB63549221DDB538ACF22C5598754D35DC"
"HGame/Classes/Quidditch/BroomHoopTrail.uc"	"313"	"LOCAL_PLAYER_CONTEXT|GLOBAL_STORY_CONTEXT|AI_TARGET_CONTEXT"	"REVIEW_REQUIRED"	"Mixed legacy alias; inspect operation and callers before edits"	"A77DDD9E8FDF1F558A48314F83A963CB63549221DDB538ACF22C5598754D35DC"
"HGame/Classes/Quidditch/QuidditchDirector.uc"	"280"	"LOCAL_PLAYER_CONTEXT|GLOBAL_STORY_CONTEXT|AI_TARGET_CONTEXT"	"REVIEW_REQUIRED"	"Mixed legacy alias; inspect operation and callers before edits"	"027C8AAFABCCA04494B3238D332DA5B7D1CFB28619301E42D02849411622D492"
"HGame/Classes/Quidditch/QuidditchDirector.uc"	"713"	"LOCAL_PLAYER_CONTEXT|GLOBAL_STORY_CONTEXT|AI_TARGET_CONTEXT"	"REVIEW_REQUIRED"	"Mixed legacy alias; inspect operation and callers before edits"	"027C8AAFABCCA04494B3238D332DA5B7D1CFB28619301E42D02849411622D492"
"HGame/Classes/Quidditch/QuidditchDirector.uc"	"763"	"LOCAL_PLAYER_CONTEXT|GLOBAL_STORY_CONTEXT|AI_TARGET_CONTEXT"	"REVIEW_REQUIRED"	"Mixed legacy alias; inspect operation and callers before edits"	"027C8AAFABCCA04494B3238D332DA5B7D1CFB28619301E42D02849411622D492"
"HGame/Classes/Quidditch/QuidditchDirector.uc"	"1238"	"LOCAL_PLAYER_CONTEXT|GLOBAL_STORY_CONTEXT|AI_TARGET_CONTEXT"	"REVIEW_REQUIRED"	"Mixed legacy alias; inspect operation and callers before edits"	"027C8AAFABCCA04494B3238D332DA5B7D1CFB28619301E42D02849411622D492"
"HGame/Classes/Quidditch/QuidditchDirector.uc"	"1252"	"LOCAL_PLAYER_CONTEXT|GLOBAL_STORY_CONTEXT|AI_TARGET_CONTEXT"	"REVIEW_REQUIRED"	"Mixed legacy alias; inspect operation and callers before edits"	"027C8AAFABCCA04494B3238D332DA5B7D1CFB28619301E42D02849411622D492"
"HGame/Classes/Quidditch/QuidditchDirector.uc"	"1493"	"LOCAL_PLAYER_CONTEXT|GLOBAL_STORY_CONTEXT|AI_TARGET_CONTEXT"	"REVIEW_REQUIRED"	"Mixed legacy alias; inspect operation and callers before edits"	"027C8AAFABCCA04494B3238D332DA5B7D1CFB28619301E42D02849411622D492"
"HGame/Classes/Quidditch/QuidditchDirector.uc"	"1499"	"LOCAL_PLAYER_CONTEXT|GLOBAL_STORY_CONTEXT|AI_TARGET_CONTEXT"	"REVIEW_REQUIRED"	"Mixed legacy alias; inspect operation and callers before edits"	"027C8AAFABCCA04494B3238D332DA5B7D1CFB28619301E42D02849411622D492"
"HGame/Classes/Quidditch/QuidditchDirector.uc"	"1505"	"LOCAL_PLAYER_CONTEXT|GLOBAL_STORY_CONTEXT|AI_TARGET_CONTEXT"	"REVIEW_REQUIRED"	"Mixed legacy alias; inspect operation and callers before edits"	"027C8AAFABCCA04494B3238D332DA5B7D1CFB28619301E42D02849411622D492"
"HGame/Classes/Quidditch/QuidditchDirector.uc"	"1532"	"LOCAL_PLAYER_CONTEXT|GLOBAL_STORY_CONTEXT|AI_TARGET_CONTEXT"	"REVIEW_REQUIRED"	"Mixed legacy alias; inspect operation and callers before edits"	"027C8AAFABCCA04494B3238D332DA5B7D1CFB28619301E42D02849411622D492"
"HGame/Classes/Quidditch/QuidditchDirector.uc"	"1605"	"LOCAL_PLAYER_CONTEXT|GLOBAL_STORY_CONTEXT|AI_TARGET_CONTEXT"	"REVIEW_REQUIRED"	"Mixed legacy alias; inspect operation and callers before edits"	"027C8AAFABCCA04494B3238D332DA5B7D1CFB28619301E42D02849411622D492"
"HGame/Classes/Quidditch/QuidditchDirector.uc"	"1622"	"LOCAL_PLAYER_CONTEXT|GLOBAL_STORY_CONTEXT|AI_TARGET_CONTEXT"	"REVIEW_REQUIRED"	"Mixed legacy alias; inspect operation and callers before edits"	"027C8AAFABCCA04494B3238D332DA5B7D1CFB28619301E42D02849411622D492"
"HGame/Classes/Quidditch/QuidditchDirector.uc"	"1626"	"LOCAL_PLAYER_CONTEXT|GLOBAL_STORY_CONTEXT|AI_TARGET_CONTEXT"	"REVIEW_REQUIRED"	"Mixed legacy alias; inspect operation and callers before edits"	"027C8AAFABCCA04494B3238D332DA5B7D1CFB28619301E42D02849411622D492"
"HGame/Classes/Quidditch/QuidditchDirector.uc"	"1717"	"LOCAL_PLAYER_CONTEXT|GLOBAL_STORY_CONTEXT|AI_TARGET_CONTEXT"	"REVIEW_REQUIRED"	"Mixed legacy alias; inspect operation and callers before edits"	"027C8AAFABCCA04494B3238D332DA5B7D1CFB28619301E42D02849411622D492"
"HGame/Classes/Quidditch/QuidditchDirector.uc"	"1721"	"LOCAL_PLAYER_CONTEXT|GLOBAL_STORY_CONTEXT|AI_TARGET_CONTEXT"	"REVIEW_REQUIRED"	"Mixed legacy alias; inspect operation and callers before edits"	"027C8AAFABCCA04494B3238D332DA5B7D1CFB28619301E42D02849411622D492"
"HGame/Classes/Quidditch/QuidditchDirector.uc"	"1734"	"LOCAL_PLAYER_CONTEXT|GLOBAL_STORY_CONTEXT|AI_TARGET_CONTEXT"	"REVIEW_REQUIRED"	"Mixed legacy alias; inspect operation and callers before edits"	"027C8AAFABCCA04494B3238D332DA5B7D1CFB28619301E42D02849411622D492"
"HGame/Classes/Quidditch/QuidditchDirector.uc"	"1747"	"LOCAL_PLAYER_CONTEXT|GLOBAL_STORY_CONTEXT|AI_TARGET_CONTEXT"	"REVIEW_REQUIRED"	"Mixed legacy alias; inspect operation and callers before edits"	"027C8AAFABCCA04494B3238D332DA5B7D1CFB28619301E42D02849411622D492"
"HGame/Classes/Quidditch/QuidditchDirector.uc"	"1789"	"LOCAL_PLAYER_CONTEXT|GLOBAL_STORY_CONTEXT|AI_TARGET_CONTEXT"	"REVIEW_REQUIRED"	"Mixed legacy alias; inspect operation and callers before edits"	"027C8AAFABCCA04494B3238D332DA5B7D1CFB28619301E42D02849411622D492"
"HGame/Classes/Quidditch/QuidditchDirector.uc"	"1793"	"LOCAL_PLAYER_CONTEXT|GLOBAL_STORY_CONTEXT|AI_TARGET_CONTEXT"	"REVIEW_REQUIRED"	"Mixed legacy alias; inspect operation and callers before edits"	"027C8AAFABCCA04494B3238D332DA5B7D1CFB28619301E42D02849411622D492"
"HGame/Classes/Quidditch/QuidditchDirector.uc"	"1800"	"LOCAL_PLAYER_CONTEXT|GLOBAL_STORY_CONTEXT|AI_TARGET_CONTEXT"	"REVIEW_REQUIRED"	"Mixed legacy alias; inspect operation and callers before edits"	"027C8AAFABCCA04494B3238D332DA5B7D1CFB28619301E42D02849411622D492"
"HGame/Classes/Quidditch/QuidditchDirector.uc"	"1806"	"LOCAL_PLAYER_CONTEXT|GLOBAL_STORY_CONTEXT|AI_TARGET_CONTEXT"	"REVIEW_REQUIRED"	"Mixed legacy alias; inspect operation and callers before edits"	"027C8AAFABCCA04494B3238D332DA5B7D1CFB28619301E42D02849411622D492"
"HGame/Classes/Quidditch/QuidditchDirector.uc"	"1898"	"LOCAL_PLAYER_CONTEXT|GLOBAL_STORY_CONTEXT|AI_TARGET_CONTEXT"	"REVIEW_REQUIRED"	"Mixed legacy alias; inspect operation and callers before edits"	"027C8AAFABCCA04494B3238D332DA5B7D1CFB28619301E42D02849411622D492"
"HGame/Classes/Quidditch/QuidditchDirector.uc"	"1902"	"LOCAL_PLAYER_CONTEXT|GLOBAL_STORY_CONTEXT|AI_TARGET_CONTEXT"	"REVIEW_REQUIRED"	"Mixed legacy alias; inspect operation and callers before edits"	"027C8AAFABCCA04494B3238D332DA5B7D1CFB28619301E42D02849411622D492"
"HGame/Classes/Quidditch/QuidditchDirector.uc"	"1927"	"LOCAL_PLAYER_CONTEXT|GLOBAL_STORY_CONTEXT|AI_TARGET_CONTEXT"	"REVIEW_REQUIRED"	"Mixed legacy alias; inspect operation and callers before edits"	"027C8AAFABCCA04494B3238D332DA5B7D1CFB28619301E42D02849411622D492"
"HGame/Classes/Enemies/firecrabSmall.uc"	"82"	"AI_TARGET_CONTEXT|GLOBAL_STORY_CONTEXT"	"REVIEW_REQUIRED"	"Combat candidate; verify carry owner, item recipient, boss/story effects"	"12F674077F23176D87E152C1D1986B1AB87DD80BD84462385DBEAA67A06862EE"
"HGame/Classes/Enemies/firecrabSmall.uc"	"127"	"AI_TARGET_CONTEXT|GLOBAL_STORY_CONTEXT"	"REVIEW_REQUIRED"	"Combat candidate; verify carry owner, item recipient, boss/story effects"	"12F674077F23176D87E152C1D1986B1AB87DD80BD84462385DBEAA67A06862EE"
"HGame/Classes/Enemies/firecrabSmall.uc"	"182"	"AI_TARGET_CONTEXT|GLOBAL_STORY_CONTEXT"	"REVIEW_REQUIRED"	"Combat candidate; verify carry owner, item recipient, boss/story effects"	"12F674077F23176D87E152C1D1986B1AB87DD80BD84462385DBEAA67A06862EE"
"HGame/Classes/Enemies/firecrabSmall.uc"	"227"	"AI_TARGET_CONTEXT|GLOBAL_STORY_CONTEXT"	"REVIEW_REQUIRED"	"Combat candidate; verify carry owner, item recipient, boss/story effects"	"12F674077F23176D87E152C1D1986B1AB87DD80BD84462385DBEAA67A06862EE"
"HGame/Classes/Enemies/firecrabSmall.uc"	"235"	"AI_TARGET_CONTEXT|GLOBAL_STORY_CONTEXT"	"REVIEW_REQUIRED"	"Combat candidate; verify carry owner, item recipient, boss/story effects"	"12F674077F23176D87E152C1D1986B1AB87DD80BD84462385DBEAA67A06862EE"
"HGame/Classes/Enemies/firecrabSmall.uc"	"242"	"AI_TARGET_CONTEXT|GLOBAL_STORY_CONTEXT"	"REVIEW_REQUIRED"	"Combat candidate; verify carry owner, item recipient, boss/story effects"	"12F674077F23176D87E152C1D1986B1AB87DD80BD84462385DBEAA67A06862EE"
"HGame/Classes/Enemies/firecrabSmall.uc"	"245"	"AI_TARGET_CONTEXT|GLOBAL_STORY_CONTEXT"	"REVIEW_REQUIRED"	"Combat candidate; verify carry owner, item recipient, boss/story effects"	"12F674077F23176D87E152C1D1986B1AB87DD80BD84462385DBEAA67A06862EE"
"HGame/Classes/Enemies/firecrabSmall.uc"	"280"	"AI_TARGET_CONTEXT|GLOBAL_STORY_CONTEXT"	"DECLARATION_OR_COMMENT"	"Lexical occurrence; not an executable operation"	"12F674077F23176D87E152C1D1986B1AB87DD80BD84462385DBEAA67A06862EE"
"HGame/Classes/Enemies/firecrabSmall.uc"	"281"	"AI_TARGET_CONTEXT|GLOBAL_STORY_CONTEXT"	"REVIEW_REQUIRED"	"Combat candidate; verify carry owner, item recipient, boss/story effects"	"12F674077F23176D87E152C1D1986B1AB87DD80BD84462385DBEAA67A06862EE"
"HGame/Classes/Enemies/firecrabSmall.uc"	"284"	"AI_TARGET_CONTEXT|GLOBAL_STORY_CONTEXT"	"REVIEW_REQUIRED"	"Combat candidate; verify carry owner, item recipient, boss/story effects"	"12F674077F23176D87E152C1D1986B1AB87DD80BD84462385DBEAA67A06862EE"
"HGame/Classes/Enemies/firecrabSmall.uc"	"285"	"AI_TARGET_CONTEXT|GLOBAL_STORY_CONTEXT"	"REVIEW_REQUIRED"	"Combat candidate; verify carry owner, item recipient, boss/story effects"	"12F674077F23176D87E152C1D1986B1AB87DD80BD84462385DBEAA67A06862EE"
"HGame/Classes/Enemies/firecrabSmall.uc"	"287"	"AI_TARGET_CONTEXT|GLOBAL_STORY_CONTEXT"	"REVIEW_REQUIRED"	"Combat candidate; verify carry owner, item recipient, boss/story effects"	"12F674077F23176D87E152C1D1986B1AB87DD80BD84462385DBEAA67A06862EE"
"HGame/Classes/Enemies/firecrabSmall.uc"	"297"	"AI_TARGET_CONTEXT|GLOBAL_STORY_CONTEXT"	"REVIEW_REQUIRED"	"Combat candidate; verify carry owner, item recipient, boss/story effects"	"12F674077F23176D87E152C1D1986B1AB87DD80BD84462385DBEAA67A06862EE"
"HGame/Classes/Enemies/firecrabSmall.uc"	"299"	"AI_TARGET_CONTEXT|GLOBAL_STORY_CONTEXT"	"REVIEW_REQUIRED"	"Combat candidate; verify carry owner, item recipient, boss/story effects"	"12F674077F23176D87E152C1D1986B1AB87DD80BD84462385DBEAA67A06862EE"
"HGame/Classes/Enemies/firecrabSmall.uc"	"300"	"AI_TARGET_CONTEXT|GLOBAL_STORY_CONTEXT"	"REVIEW_REQUIRED"	"Combat candidate; verify carry owner, item recipient, boss/story effects"	"12F674077F23176D87E152C1D1986B1AB87DD80BD84462385DBEAA67A06862EE"
"HGame/Classes/Enemies/firecrabSmall.uc"	"301"	"AI_TARGET_CONTEXT|GLOBAL_STORY_CONTEXT"	"REVIEW_REQUIRED"	"Combat candidate; verify carry owner, item recipient, boss/story effects"	"12F674077F23176D87E152C1D1986B1AB87DD80BD84462385DBEAA67A06862EE"
"HGame/Classes/Enemies/firecrabSmall.uc"	"304"	"AI_TARGET_CONTEXT|GLOBAL_STORY_CONTEXT"	"REVIEW_REQUIRED"	"Combat candidate; verify carry owner, item recipient, boss/story effects"	"12F674077F23176D87E152C1D1986B1AB87DD80BD84462385DBEAA67A06862EE"
"HGame/Classes/Enemies/firecrabSmall.uc"	"312"	"AI_TARGET_CONTEXT|GLOBAL_STORY_CONTEXT"	"REVIEW_REQUIRED"	"Combat candidate; verify carry owner, item recipient, boss/story effects"	"12F674077F23176D87E152C1D1986B1AB87DD80BD84462385DBEAA67A06862EE"
"HGame/Classes/Enemies/firecrabSmall.uc"	"321"	"AI_TARGET_CONTEXT|GLOBAL_STORY_CONTEXT"	"REVIEW_REQUIRED"	"Combat candidate; verify carry owner, item recipient, boss/story effects"	"12F674077F23176D87E152C1D1986B1AB87DD80BD84462385DBEAA67A06862EE"
"HGame/Classes/Enemies/firecrabSmall.uc"	"325"	"AI_TARGET_CONTEXT|GLOBAL_STORY_CONTEXT"	"REVIEW_REQUIRED"	"Combat candidate; verify carry owner, item recipient, boss/story effects"	"12F674077F23176D87E152C1D1986B1AB87DD80BD84462385DBEAA67A06862EE"
"HGame/Classes/Enemies/firecrabSmall.uc"	"328"	"AI_TARGET_CONTEXT|GLOBAL_STORY_CONTEXT"	"REVIEW_REQUIRED"	"Combat candidate; verify carry owner, item recipient, boss/story effects"	"12F674077F23176D87E152C1D1986B1AB87DD80BD84462385DBEAA67A06862EE"
"HGame/Classes/Enemies/firecrabSmall.uc"	"369"	"AI_TARGET_CONTEXT|GLOBAL_STORY_CONTEXT"	"REVIEW_REQUIRED"	"Combat candidate; verify carry owner, item recipient, boss/story effects"	"12F674077F23176D87E152C1D1986B1AB87DD80BD84462385DBEAA67A06862EE"
"HGame/Classes/Enemies/firecrabSmall.uc"	"370"	"AI_TARGET_CONTEXT|GLOBAL_STORY_CONTEXT"	"REVIEW_REQUIRED"	"Combat candidate; verify carry owner, item recipient, boss/story effects"	"12F674077F23176D87E152C1D1986B1AB87DD80BD84462385DBEAA67A06862EE"
"HGame/Classes/Enemies/firecrabSmall.uc"	"371"	"AI_TARGET_CONTEXT|GLOBAL_STORY_CONTEXT"	"REVIEW_REQUIRED"	"Combat candidate; verify carry owner, item recipient, boss/story effects"	"12F674077F23176D87E152C1D1986B1AB87DD80BD84462385DBEAA67A06862EE"
"HGame/Classes/Enemies/firecrabSmall.uc"	"374"	"AI_TARGET_CONTEXT|GLOBAL_STORY_CONTEXT"	"REVIEW_REQUIRED"	"Combat candidate; verify carry owner, item recipient, boss/story effects"	"12F674077F23176D87E152C1D1986B1AB87DD80BD84462385DBEAA67A06862EE"
"HGame/Classes/Enemies/firecrabSmall.uc"	"380"	"AI_TARGET_CONTEXT|GLOBAL_STORY_CONTEXT"	"REVIEW_REQUIRED"	"Combat candidate; verify carry owner, item recipient, boss/story effects"	"12F674077F23176D87E152C1D1986B1AB87DD80BD84462385DBEAA67A06862EE"
"HGame/Classes/Enemies/firecrabSmall.uc"	"393"	"AI_TARGET_CONTEXT|GLOBAL_STORY_CONTEXT"	"REVIEW_REQUIRED"	"Combat candidate; verify carry owner, item recipient, boss/story effects"	"12F674077F23176D87E152C1D1986B1AB87DD80BD84462385DBEAA67A06862EE"
"HGame/Classes/Enemies/firecrabSmall.uc"	"410"	"AI_TARGET_CONTEXT|GLOBAL_STORY_CONTEXT"	"REVIEW_REQUIRED"	"Combat candidate; verify carry owner, item recipient, boss/story effects"	"12F674077F23176D87E152C1D1986B1AB87DD80BD84462385DBEAA67A06862EE"
"HGame/Classes/Enemies/firecrabSmall.uc"	"412"	"AI_TARGET_CONTEXT|GLOBAL_STORY_CONTEXT"	"REVIEW_REQUIRED"	"Combat candidate; verify carry owner, item recipient, boss/story effects"	"12F674077F23176D87E152C1D1986B1AB87DD80BD84462385DBEAA67A06862EE"
"HGame/Classes/Enemies/firecrabSmall.uc"	"414"	"AI_TARGET_CONTEXT|GLOBAL_STORY_CONTEXT"	"REVIEW_REQUIRED"	"Combat candidate; verify carry owner, item recipient, boss/story effects"	"12F674077F23176D87E152C1D1986B1AB87DD80BD84462385DBEAA67A06862EE"
"HGame/Classes/Triggers/ResolveHPointTies.uc"	"9"	"GLOBAL_STORY_CONTEXT|LOCAL_PLAYER_CONTEXT"	"DECLARATION_OR_COMMENT"	"Lexical occurrence; not an executable operation"	"692885DF1C4549813221E7A5E32A8E0D6815CEBC67FAFB38CA7663FBE831C153"
"HGame/Classes/Triggers/ResolveHPointTies.uc"	"13"	"GLOBAL_STORY_CONTEXT|LOCAL_PLAYER_CONTEXT"	"REVIEW_REQUIRED"	"Story and presentation mixed; classify operation not alias spelling"	"692885DF1C4549813221E7A5E32A8E0D6815CEBC67FAFB38CA7663FBE831C153"
"HGame/Classes/Triggers/ResolveHPointTies.uc"	"14"	"GLOBAL_STORY_CONTEXT|LOCAL_PLAYER_CONTEXT"	"REVIEW_REQUIRED"	"Story and presentation mixed; classify operation not alias spelling"	"692885DF1C4549813221E7A5E32A8E0D6815CEBC67FAFB38CA7663FBE831C153"
"HGame/Classes/Triggers/TriggerShakeCamera.uc"	"25"	"LOCAL_PLAYER_CONTEXT"	"REVIEWED"	"Per-player camera/effect recipient; use activator or explicit broadcast"	"B0B515ADFEE9DE2EAAE04FE0E6388DBE6EEBB0E2EDC58CF3FEFDF2D137522963"
"HGame/Classes/Triggers/HarryToGoyleTrigger.uc"	"7"	"GLOBAL_STORY_CONTEXT|LOCAL_PLAYER_CONTEXT"	"DECLARATION_OR_COMMENT"	"Lexical occurrence; not an executable operation"	"124EBA98A33F71FCD25D5E58A9FD9910E5D19837DD817F212315767C7689F6D5"
"HGame/Classes/Triggers/HarryToGoyleTrigger.uc"	"15"	"GLOBAL_STORY_CONTEXT|LOCAL_PLAYER_CONTEXT"	"REVIEW_REQUIRED"	"Story and presentation mixed; classify operation not alias spelling"	"124EBA98A33F71FCD25D5E58A9FD9910E5D19837DD817F212315767C7689F6D5"
"HGame/Classes/Triggers/HarryToGoyleTrigger.uc"	"30"	"GLOBAL_STORY_CONTEXT|LOCAL_PLAYER_CONTEXT"	"REVIEW_REQUIRED"	"Story and presentation mixed; classify operation not alias spelling"	"124EBA98A33F71FCD25D5E58A9FD9910E5D19837DD817F212315767C7689F6D5"
"HGame/Classes/Triggers/HarryToGoyleTrigger.uc"	"33"	"GLOBAL_STORY_CONTEXT|LOCAL_PLAYER_CONTEXT"	"REVIEW_REQUIRED"	"Story and presentation mixed; classify operation not alias spelling"	"124EBA98A33F71FCD25D5E58A9FD9910E5D19837DD817F212315767C7689F6D5"
"HGame/Classes/Triggers/HarryToGoyleTrigger.uc"	"35"	"GLOBAL_STORY_CONTEXT|LOCAL_PLAYER_CONTEXT"	"REVIEW_REQUIRED"	"Story and presentation mixed; classify operation not alias spelling"	"124EBA98A33F71FCD25D5E58A9FD9910E5D19837DD817F212315767C7689F6D5"
"HGame/Classes/Triggers/HarryToGoyleTrigger.uc"	"38"	"GLOBAL_STORY_CONTEXT|LOCAL_PLAYER_CONTEXT"	"REVIEW_REQUIRED"	"Story and presentation mixed; classify operation not alias spelling"	"124EBA98A33F71FCD25D5E58A9FD9910E5D19837DD817F212315767C7689F6D5"
"HGame/Classes/HiddenHPawn/FlyingFordWindTrigger.uc"	"61"	"LOCAL_PLAYER_CONTEXT|GLOBAL_STORY_CONTEXT|AI_TARGET_CONTEXT"	"REVIEW_REQUIRED"	"Mixed legacy alias; inspect operation and callers before edits"	"D296C5B5E530F3BC9F5B9503784A330AD9FF8434061807092221B30873ED6546"
"HGame/Classes/Enemies/firecrabLarge.uc"	"62"	"AI_TARGET_CONTEXT|GLOBAL_STORY_CONTEXT"	"REVIEW_REQUIRED"	"Combat candidate; verify carry owner, item recipient, boss/story effects"	"1193A40CF8E0A54ACCE095EC8BA1AF36B6E4F90D80D9EA061FFD03E5870C3D1F"
"HGame/Classes/Enemies/firecrabLarge.uc"	"100"	"AI_TARGET_CONTEXT|GLOBAL_STORY_CONTEXT"	"REVIEW_REQUIRED"	"Combat candidate; verify carry owner, item recipient, boss/story effects"	"1193A40CF8E0A54ACCE095EC8BA1AF36B6E4F90D80D9EA061FFD03E5870C3D1F"
"HGame/Classes/Enemies/firecrabLarge.uc"	"102"	"AI_TARGET_CONTEXT|GLOBAL_STORY_CONTEXT"	"REVIEW_REQUIRED"	"Combat candidate; verify carry owner, item recipient, boss/story effects"	"1193A40CF8E0A54ACCE095EC8BA1AF36B6E4F90D80D9EA061FFD03E5870C3D1F"
"HGame/Classes/Enemies/firecrabLarge.uc"	"113"	"AI_TARGET_CONTEXT|GLOBAL_STORY_CONTEXT"	"REVIEW_REQUIRED"	"Combat candidate; verify carry owner, item recipient, boss/story effects"	"1193A40CF8E0A54ACCE095EC8BA1AF36B6E4F90D80D9EA061FFD03E5870C3D1F"
"HGame/Classes/Enemies/firecrabLarge.uc"	"135"	"AI_TARGET_CONTEXT|GLOBAL_STORY_CONTEXT"	"REVIEW_REQUIRED"	"Combat candidate; verify carry owner, item recipient, boss/story effects"	"1193A40CF8E0A54ACCE095EC8BA1AF36B6E4F90D80D9EA061FFD03E5870C3D1F"
"HGame/Classes/Enemies/firecrabLarge.uc"	"143"	"AI_TARGET_CONTEXT|GLOBAL_STORY_CONTEXT"	"REVIEW_REQUIRED"	"Combat candidate; verify carry owner, item recipient, boss/story effects"	"1193A40CF8E0A54ACCE095EC8BA1AF36B6E4F90D80D9EA061FFD03E5870C3D1F"
"HGame/Classes/Enemies/firecrabLarge.uc"	"161"	"AI_TARGET_CONTEXT|GLOBAL_STORY_CONTEXT"	"REVIEW_REQUIRED"	"Combat candidate; verify carry owner, item recipient, boss/story effects"	"1193A40CF8E0A54ACCE095EC8BA1AF36B6E4F90D80D9EA061FFD03E5870C3D1F"
"HGame/Classes/Enemies/firecrabLarge.uc"	"162"	"AI_TARGET_CONTEXT|GLOBAL_STORY_CONTEXT"	"REVIEW_REQUIRED"	"Combat candidate; verify carry owner, item recipient, boss/story effects"	"1193A40CF8E0A54ACCE095EC8BA1AF36B6E4F90D80D9EA061FFD03E5870C3D1F"
"HGame/Classes/Enemies/firecrabLarge.uc"	"172"	"AI_TARGET_CONTEXT|GLOBAL_STORY_CONTEXT"	"REVIEW_REQUIRED"	"Combat candidate; verify carry owner, item recipient, boss/story effects"	"1193A40CF8E0A54ACCE095EC8BA1AF36B6E4F90D80D9EA061FFD03E5870C3D1F"
"HGame/Classes/Enemies/firecrabLarge.uc"	"174"	"AI_TARGET_CONTEXT|GLOBAL_STORY_CONTEXT"	"REVIEW_REQUIRED"	"Combat candidate; verify carry owner, item recipient, boss/story effects"	"1193A40CF8E0A54ACCE095EC8BA1AF36B6E4F90D80D9EA061FFD03E5870C3D1F"
"HGame/Classes/Enemies/firecrabLarge.uc"	"175"	"AI_TARGET_CONTEXT|GLOBAL_STORY_CONTEXT"	"REVIEW_REQUIRED"	"Combat candidate; verify carry owner, item recipient, boss/story effects"	"1193A40CF8E0A54ACCE095EC8BA1AF36B6E4F90D80D9EA061FFD03E5870C3D1F"
"HGame/Classes/Triggers/PopupTrigger.uc"	"24"	"GLOBAL_STORY_CONTEXT|LOCAL_PLAYER_CONTEXT"	"REVIEW_REQUIRED"	"Story and presentation mixed; classify operation not alias spelling"	"B14F3A9F433099FA7476B9AB61DDAD3545B314029FD01CD79A6A7BE4BC7FE36B"
"HGame/Classes/HiddenHPawn/FlyingFordWind.uc"	"64"	"LOCAL_PLAYER_CONTEXT|GLOBAL_STORY_CONTEXT|AI_TARGET_CONTEXT"	"REVIEW_REQUIRED"	"Mixed legacy alias; inspect operation and callers before edits"	"150F03D0A38DE37CF2E94CD8B8CDFFC6E4363A9A681A69E470051E9354DE43C5"
"HGame/Classes/Triggers/TriggerChangeLevel.uc"	"14"	"GLOBAL_STORY_CONTEXT|LOCAL_PLAYER_CONTEXT"	"REVIEW_REQUIRED"	"Story and presentation mixed; classify operation not alias spelling"	"1EEC9F58FA828870B9FC2952FAC68A9C4D30B48ECEED29ED03373A194F09B7DC"
"HGame/Classes/Triggers/TriggerChangeLevel.uc"	"20"	"GLOBAL_STORY_CONTEXT"	"REVIEWED"	"Shared map transition; policy controls who requests it"	"1EEC9F58FA828870B9FC2952FAC68A9C4D30B48ECEED29ED03373A194F09B7DC"
"HGame/Classes/Triggers/TriggerChangeLevel.uc"	"30"	"GLOBAL_STORY_CONTEXT|LOCAL_PLAYER_CONTEXT"	"DECLARATION_OR_COMMENT"	"Lexical occurrence; not an executable operation"	"1EEC9F58FA828870B9FC2952FAC68A9C4D30B48ECEED29ED03373A194F09B7DC"
"HGame/Classes/Triggers/TriggerChangeLevel.uc"	"32"	"GLOBAL_STORY_CONTEXT"	"REVIEWED"	"Shared map transition; policy controls who requests it"	"1EEC9F58FA828870B9FC2952FAC68A9C4D30B48ECEED29ED03373A194F09B7DC"
"HGame/Classes/Triggers/TriggerChangeLevel.uc"	"33"	"GLOBAL_STORY_CONTEXT|LOCAL_PLAYER_CONTEXT"	"REVIEW_REQUIRED"	"Story and presentation mixed; classify operation not alias spelling"	"1EEC9F58FA828870B9FC2952FAC68A9C4D30B48ECEED29ED03373A194F09B7DC"
"HGame/Classes/Triggers/TriggerChangeLevel.uc"	"38"	"GLOBAL_STORY_CONTEXT|LOCAL_PLAYER_CONTEXT"	"REVIEW_REQUIRED"	"Story and presentation mixed; classify operation not alias spelling"	"1EEC9F58FA828870B9FC2952FAC68A9C4D30B48ECEED29ED03373A194F09B7DC"
"HGame/Classes/Triggers/TriggerChangeLevel.uc"	"41"	"GLOBAL_STORY_CONTEXT|LOCAL_PLAYER_CONTEXT"	"REVIEW_REQUIRED"	"Story and presentation mixed; classify operation not alias spelling"	"1EEC9F58FA828870B9FC2952FAC68A9C4D30B48ECEED29ED03373A194F09B7DC"
"HGame/Classes/Triggers/TriggerChangeLevel.uc"	"42"	"GLOBAL_STORY_CONTEXT|LOCAL_PLAYER_CONTEXT"	"REVIEW_REQUIRED"	"Story and presentation mixed; classify operation not alias spelling"	"1EEC9F58FA828870B9FC2952FAC68A9C4D30B48ECEED29ED03373A194F09B7DC"
"HGame/Classes/Triggers/TriggerChangeLevel.uc"	"43"	"GLOBAL_STORY_CONTEXT|LOCAL_PLAYER_CONTEXT"	"REVIEW_REQUIRED"	"Story and presentation mixed; classify operation not alias spelling"	"1EEC9F58FA828870B9FC2952FAC68A9C4D30B48ECEED29ED03373A194F09B7DC"
"HGame/Classes/Enemies/firecrab.uc"	"152"	"AI_TARGET_CONTEXT|GLOBAL_STORY_CONTEXT"	"REVIEW_REQUIRED"	"Combat candidate; verify carry owner, item recipient, boss/story effects"	"B67A8CEC91130DF34D5B85EB97F79DF678E793C58E5C00FA6710D628EC418682"
"HGame/Classes/Enemies/firecrab.uc"	"178"	"AI_TARGET_CONTEXT|GLOBAL_STORY_CONTEXT"	"REVIEW_REQUIRED"	"Combat candidate; verify carry owner, item recipient, boss/story effects"	"B67A8CEC91130DF34D5B85EB97F79DF678E793C58E5C00FA6710D628EC418682"
"HGame/Classes/Enemies/firecrab.uc"	"208"	"AI_TARGET_CONTEXT|GLOBAL_STORY_CONTEXT"	"REVIEW_REQUIRED"	"Combat candidate; verify carry owner, item recipient, boss/story effects"	"B67A8CEC91130DF34D5B85EB97F79DF678E793C58E5C00FA6710D628EC418682"
"HGame/Classes/Enemies/firecrab.uc"	"216"	"AI_TARGET_CONTEXT|GLOBAL_STORY_CONTEXT"	"REVIEW_REQUIRED"	"Combat candidate; verify carry owner, item recipient, boss/story effects"	"B67A8CEC91130DF34D5B85EB97F79DF678E793C58E5C00FA6710D628EC418682"
"HGame/Classes/Enemies/firecrab.uc"	"288"	"AI_TARGET_CONTEXT|GLOBAL_STORY_CONTEXT"	"REVIEW_REQUIRED"	"Combat candidate; verify carry owner, item recipient, boss/story effects"	"B67A8CEC91130DF34D5B85EB97F79DF678E793C58E5C00FA6710D628EC418682"
"HGame/Classes/Triggers/NoFallingDamageTrigger.uc"	"9"	"LOCAL_PLAYER_CONTEXT"	"REVIEWED"	"Per-player camera/effect recipient; use activator or explicit broadcast"	"0CEBCA19D04E524F2A26542870CD8CCCEECC3C67F6E66F3F51ECF3AC35C962FE"
"HGame/Classes/HiddenHPawn/FlyingFordTown.uc"	"38"	"LOCAL_PLAYER_CONTEXT|GLOBAL_STORY_CONTEXT|AI_TARGET_CONTEXT"	"REVIEW_REQUIRED"	"Mixed legacy alias; inspect operation and callers before edits"	"8335177CD1C25BB36312F8EA1BFBE1B965F4C9EF7FEFCFE725A18E67DAEC57E0"
"HGame/Classes/Triggers/FadeViewTrigger.uc"	"16"	"GLOBAL_STORY_CONTEXT|LOCAL_PLAYER_CONTEXT"	"DECLARATION_OR_COMMENT"	"Lexical occurrence; not an executable operation"	"F372D60F67D3BE6E28412A5CBC472B0A1BEC2896C4537A89516EFFBE9DB2E517"
"HGame/Classes/Triggers/FadeViewTrigger.uc"	"21"	"GLOBAL_STORY_CONTEXT|LOCAL_PLAYER_CONTEXT"	"REVIEW_REQUIRED"	"Story and presentation mixed; classify operation not alias spelling"	"F372D60F67D3BE6E28412A5CBC472B0A1BEC2896C4537A89516EFFBE9DB2E517"
"HGame/Classes/Triggers/FadeViewTrigger.uc"	"30"	"GLOBAL_STORY_CONTEXT|LOCAL_PLAYER_CONTEXT"	"REVIEW_REQUIRED"	"Story and presentation mixed; classify operation not alias spelling"	"F372D60F67D3BE6E28412A5CBC472B0A1BEC2896C4537A89516EFFBE9DB2E517"
"HGame/Classes/Triggers/FadeViewTrigger.uc"	"33"	"GLOBAL_STORY_CONTEXT|LOCAL_PLAYER_CONTEXT"	"REVIEW_REQUIRED"	"Story and presentation mixed; classify operation not alias spelling"	"F372D60F67D3BE6E28412A5CBC472B0A1BEC2896C4537A89516EFFBE9DB2E517"
"HGame/Classes/Triggers/FadeViewTrigger.uc"	"42"	"GLOBAL_STORY_CONTEXT|LOCAL_PLAYER_CONTEXT"	"REVIEW_REQUIRED"	"Story and presentation mixed; classify operation not alias spelling"	"F372D60F67D3BE6E28412A5CBC472B0A1BEC2896C4537A89516EFFBE9DB2E517"
"HGame/Classes/Triggers/FadeViewTrigger.uc"	"58"	"GLOBAL_STORY_CONTEXT|LOCAL_PLAYER_CONTEXT"	"REVIEW_REQUIRED"	"Story and presentation mixed; classify operation not alias spelling"	"F372D60F67D3BE6E28412A5CBC472B0A1BEC2896C4537A89516EFFBE9DB2E517"
"HGame/Classes/Triggers/FadeViewTrigger.uc"	"59"	"GLOBAL_STORY_CONTEXT|LOCAL_PLAYER_CONTEXT"	"REVIEW_REQUIRED"	"Story and presentation mixed; classify operation not alias spelling"	"F372D60F67D3BE6E28412A5CBC472B0A1BEC2896C4537A89516EFFBE9DB2E517"
"HGame/Classes/Triggers/LumosTrigger.uc"	"14"	"GLOBAL_STORY_CONTEXT|LOCAL_PLAYER_CONTEXT"	"DECLARATION_OR_COMMENT"	"Lexical occurrence; not an executable operation"	"D8B2D2BD3839077EED2FE1244FD86F53DEF601552522A44DDD059810D1C9ECDA"
"HGame/Classes/Triggers/LumosTrigger.uc"	"23"	"GLOBAL_STORY_CONTEXT|LOCAL_PLAYER_CONTEXT"	"REVIEW_REQUIRED"	"Story and presentation mixed; classify operation not alias spelling"	"D8B2D2BD3839077EED2FE1244FD86F53DEF601552522A44DDD059810D1C9ECDA"
"HGame/Classes/Triggers/LumosTrigger.uc"	"35"	"GLOBAL_STORY_CONTEXT|LOCAL_PLAYER_CONTEXT"	"REVIEW_REQUIRED"	"Story and presentation mixed; classify operation not alias spelling"	"D8B2D2BD3839077EED2FE1244FD86F53DEF601552522A44DDD059810D1C9ECDA"
"HGame/Classes/Triggers/LumosTrigger.uc"	"57"	"GLOBAL_STORY_CONTEXT|LOCAL_PLAYER_CONTEXT"	"REVIEW_REQUIRED"	"Story and presentation mixed; classify operation not alias spelling"	"D8B2D2BD3839077EED2FE1244FD86F53DEF601552522A44DDD059810D1C9ECDA"
"HGame/Classes/Triggers/LumosTrigger.uc"	"68"	"GLOBAL_STORY_CONTEXT|LOCAL_PLAYER_CONTEXT"	"REVIEW_REQUIRED"	"Story and presentation mixed; classify operation not alias spelling"	"D8B2D2BD3839077EED2FE1244FD86F53DEF601552522A44DDD059810D1C9ECDA"
"HGame/Classes/Triggers/LumosTrigger.uc"	"88"	"GLOBAL_STORY_CONTEXT|LOCAL_PLAYER_CONTEXT"	"REVIEW_REQUIRED"	"Story and presentation mixed; classify operation not alias spelling"	"D8B2D2BD3839077EED2FE1244FD86F53DEF601552522A44DDD059810D1C9ECDA"
"HGame/Classes/Triggers/LumosTrigger.uc"	"109"	"GLOBAL_STORY_CONTEXT|LOCAL_PLAYER_CONTEXT"	"REVIEW_REQUIRED"	"Story and presentation mixed; classify operation not alias spelling"	"D8B2D2BD3839077EED2FE1244FD86F53DEF601552522A44DDD059810D1C9ECDA"
"HGame/Classes/Triggers/NewMusicTrigger.uc"	"30"	"GLOBAL_STORY_CONTEXT|LOCAL_PLAYER_CONTEXT"	"DECLARATION_OR_COMMENT"	"Lexical occurrence; not an executable operation"	"92C28D8045334786DF7BD365BC5D1C0430F8A27FA95134BE24329D1F8F306B57"
"HGame/Classes/Triggers/NewMusicTrigger.uc"	"45"	"GLOBAL_STORY_CONTEXT|LOCAL_PLAYER_CONTEXT"	"REVIEW_REQUIRED"	"Story and presentation mixed; classify operation not alias spelling"	"92C28D8045334786DF7BD365BC5D1C0430F8A27FA95134BE24329D1F8F306B57"
"HGame/Classes/Triggers/SpellLessonTrigger.uc"	"57"	"GLOBAL_STORY_CONTEXT|LOCAL_PLAYER_CONTEXT"	"DECLARATION_OR_COMMENT"	"Lexical occurrence; not an executable operation"	"BA402C3CACA6141A861DD943C8F1BD70868A098C70A59F7E6A8B8F80A23B8F17"
"HGame/Classes/Triggers/SpellLessonTrigger.uc"	"101"	"GLOBAL_STORY_CONTEXT|LOCAL_PLAYER_CONTEXT"	"REVIEW_REQUIRED"	"Story and presentation mixed; classify operation not alias spelling"	"BA402C3CACA6141A861DD943C8F1BD70868A098C70A59F7E6A8B8F80A23B8F17"
"HGame/Classes/Triggers/SpellLessonTrigger.uc"	"102"	"GLOBAL_STORY_CONTEXT|LOCAL_PLAYER_CONTEXT"	"DECLARATION_OR_COMMENT"	"Lexical occurrence; not an executable operation"	"BA402C3CACA6141A861DD943C8F1BD70868A098C70A59F7E6A8B8F80A23B8F17"
"HGame/Classes/Triggers/SpellLessonTrigger.uc"	"103"	"GLOBAL_STORY_CONTEXT|LOCAL_PLAYER_CONTEXT"	"REVIEW_REQUIRED"	"Story and presentation mixed; classify operation not alias spelling"	"BA402C3CACA6141A861DD943C8F1BD70868A098C70A59F7E6A8B8F80A23B8F17"
"HGame/Classes/Triggers/SpellLessonTrigger.uc"	"104"	"GLOBAL_STORY_CONTEXT|LOCAL_PLAYER_CONTEXT"	"REVIEW_REQUIRED"	"Story and presentation mixed; classify operation not alias spelling"	"BA402C3CACA6141A861DD943C8F1BD70868A098C70A59F7E6A8B8F80A23B8F17"
"HGame/Classes/Triggers/SpellLessonTrigger.uc"	"264"	"GLOBAL_STORY_CONTEXT|LOCAL_PLAYER_CONTEXT"	"REVIEW_REQUIRED"	"Story and presentation mixed; classify operation not alias spelling"	"BA402C3CACA6141A861DD943C8F1BD70868A098C70A59F7E6A8B8F80A23B8F17"
"HGame/Classes/Triggers/SpellLessonTrigger.uc"	"293"	"GLOBAL_STORY_CONTEXT|LOCAL_PLAYER_CONTEXT"	"REVIEW_REQUIRED"	"Story and presentation mixed; classify operation not alias spelling"	"BA402C3CACA6141A861DD943C8F1BD70868A098C70A59F7E6A8B8F80A23B8F17"
"HGame/Classes/Triggers/SpellLessonTrigger.uc"	"295"	"GLOBAL_STORY_CONTEXT|LOCAL_PLAYER_CONTEXT"	"REVIEW_REQUIRED"	"Story and presentation mixed; classify operation not alias spelling"	"BA402C3CACA6141A861DD943C8F1BD70868A098C70A59F7E6A8B8F80A23B8F17"
"HGame/Classes/Triggers/SpellLessonTrigger.uc"	"301"	"GLOBAL_STORY_CONTEXT|LOCAL_PLAYER_CONTEXT"	"REVIEW_REQUIRED"	"Story and presentation mixed; classify operation not alias spelling"	"BA402C3CACA6141A861DD943C8F1BD70868A098C70A59F7E6A8B8F80A23B8F17"
"HGame/Classes/Triggers/SpellLessonTrigger.uc"	"320"	"GLOBAL_STORY_CONTEXT|LOCAL_PLAYER_CONTEXT"	"REVIEW_REQUIRED"	"Story and presentation mixed; classify operation not alias spelling"	"BA402C3CACA6141A861DD943C8F1BD70868A098C70A59F7E6A8B8F80A23B8F17"
"HGame/Classes/Triggers/SpellLessonTrigger.uc"	"355"	"GLOBAL_STORY_CONTEXT|LOCAL_PLAYER_CONTEXT"	"REVIEW_REQUIRED"	"Story and presentation mixed; classify operation not alias spelling"	"BA402C3CACA6141A861DD943C8F1BD70868A098C70A59F7E6A8B8F80A23B8F17"
"HGame/Classes/Triggers/SpellLessonTrigger.uc"	"394"	"GLOBAL_STORY_CONTEXT|LOCAL_PLAYER_CONTEXT"	"REVIEW_REQUIRED"	"Story and presentation mixed; classify operation not alias spelling"	"BA402C3CACA6141A861DD943C8F1BD70868A098C70A59F7E6A8B8F80A23B8F17"
"HGame/Classes/Triggers/SpellLessonTrigger.uc"	"397"	"GLOBAL_STORY_CONTEXT|LOCAL_PLAYER_CONTEXT"	"REVIEW_REQUIRED"	"Story and presentation mixed; classify operation not alias spelling"	"BA402C3CACA6141A861DD943C8F1BD70868A098C70A59F7E6A8B8F80A23B8F17"
"HGame/Classes/Triggers/SpellLessonTrigger.uc"	"414"	"GLOBAL_STORY_CONTEXT|LOCAL_PLAYER_CONTEXT"	"REVIEW_REQUIRED"	"Story and presentation mixed; classify operation not alias spelling"	"BA402C3CACA6141A861DD943C8F1BD70868A098C70A59F7E6A8B8F80A23B8F17"
"HGame/Classes/Triggers/SpellLessonTrigger.uc"	"646"	"GLOBAL_STORY_CONTEXT|LOCAL_PLAYER_CONTEXT"	"REVIEW_REQUIRED"	"Story and presentation mixed; classify operation not alias spelling"	"BA402C3CACA6141A861DD943C8F1BD70868A098C70A59F7E6A8B8F80A23B8F17"
"HGame/Classes/Triggers/SpellLessonTrigger.uc"	"661"	"GLOBAL_STORY_CONTEXT|LOCAL_PLAYER_CONTEXT"	"REVIEW_REQUIRED"	"Story and presentation mixed; classify operation not alias spelling"	"BA402C3CACA6141A861DD943C8F1BD70868A098C70A59F7E6A8B8F80A23B8F17"
"HGame/Classes/Triggers/SpellLessonTrigger.uc"	"662"	"GLOBAL_STORY_CONTEXT|LOCAL_PLAYER_CONTEXT"	"REVIEW_REQUIRED"	"Story and presentation mixed; classify operation not alias spelling"	"BA402C3CACA6141A861DD943C8F1BD70868A098C70A59F7E6A8B8F80A23B8F17"
"HGame/Classes/Triggers/SpellLessonTrigger.uc"	"667"	"GLOBAL_STORY_CONTEXT|LOCAL_PLAYER_CONTEXT"	"REVIEW_REQUIRED"	"Story and presentation mixed; classify operation not alias spelling"	"BA402C3CACA6141A861DD943C8F1BD70868A098C70A59F7E6A8B8F80A23B8F17"
"HGame/Classes/Triggers/SpellLessonTrigger.uc"	"668"	"GLOBAL_STORY_CONTEXT|LOCAL_PLAYER_CONTEXT"	"REVIEW_REQUIRED"	"Story and presentation mixed; classify operation not alias spelling"	"BA402C3CACA6141A861DD943C8F1BD70868A098C70A59F7E6A8B8F80A23B8F17"
"HGame/Classes/Triggers/SpellLessonTrigger.uc"	"711"	"GLOBAL_STORY_CONTEXT|LOCAL_PLAYER_CONTEXT"	"DECLARATION_OR_COMMENT"	"Lexical occurrence; not an executable operation"	"BA402C3CACA6141A861DD943C8F1BD70868A098C70A59F7E6A8B8F80A23B8F17"
"HGame/Classes/Triggers/SpellLessonTrigger.uc"	"715"	"GLOBAL_STORY_CONTEXT|LOCAL_PLAYER_CONTEXT"	"REVIEW_REQUIRED"	"Story and presentation mixed; classify operation not alias spelling"	"BA402C3CACA6141A861DD943C8F1BD70868A098C70A59F7E6A8B8F80A23B8F17"
"HGame/Classes/Triggers/SpellLessonTrigger.uc"	"852"	"GLOBAL_STORY_CONTEXT|LOCAL_PLAYER_CONTEXT"	"REVIEW_REQUIRED"	"Story and presentation mixed; classify operation not alias spelling"	"BA402C3CACA6141A861DD943C8F1BD70868A098C70A59F7E6A8B8F80A23B8F17"
"HGame/Classes/Triggers/SpellLessonTrigger.uc"	"856"	"GLOBAL_STORY_CONTEXT|LOCAL_PLAYER_CONTEXT"	"REVIEW_REQUIRED"	"Story and presentation mixed; classify operation not alias spelling"	"BA402C3CACA6141A861DD943C8F1BD70868A098C70A59F7E6A8B8F80A23B8F17"
"HGame/Classes/Triggers/SpellLessonTrigger.uc"	"860"	"GLOBAL_STORY_CONTEXT|LOCAL_PLAYER_CONTEXT"	"REVIEW_REQUIRED"	"Story and presentation mixed; classify operation not alias spelling"	"BA402C3CACA6141A861DD943C8F1BD70868A098C70A59F7E6A8B8F80A23B8F17"
"HGame/Classes/Triggers/SpellLessonTrigger.uc"	"864"	"GLOBAL_STORY_CONTEXT|LOCAL_PLAYER_CONTEXT"	"REVIEW_REQUIRED"	"Story and presentation mixed; classify operation not alias spelling"	"BA402C3CACA6141A861DD943C8F1BD70868A098C70A59F7E6A8B8F80A23B8F17"
"HGame/Classes/Triggers/SpellLessonTrigger.uc"	"876"	"GLOBAL_STORY_CONTEXT|LOCAL_PLAYER_CONTEXT"	"REVIEW_REQUIRED"	"Story and presentation mixed; classify operation not alias spelling"	"BA402C3CACA6141A861DD943C8F1BD70868A098C70A59F7E6A8B8F80A23B8F17"
"HGame/Classes/Triggers/SpellLessonTrigger.uc"	"925"	"GLOBAL_STORY_CONTEXT|LOCAL_PLAYER_CONTEXT"	"REVIEW_REQUIRED"	"Story and presentation mixed; classify operation not alias spelling"	"BA402C3CACA6141A861DD943C8F1BD70868A098C70A59F7E6A8B8F80A23B8F17"
"HGame/Classes/Triggers/SpellLessonTrigger.uc"	"986"	"GLOBAL_STORY_CONTEXT|LOCAL_PLAYER_CONTEXT"	"REVIEW_REQUIRED"	"Story and presentation mixed; classify operation not alias spelling"	"BA402C3CACA6141A861DD943C8F1BD70868A098C70A59F7E6A8B8F80A23B8F17"
"HGame/Classes/Triggers/SpellLessonTrigger.uc"	"996"	"GLOBAL_STORY_CONTEXT|LOCAL_PLAYER_CONTEXT"	"REVIEW_REQUIRED"	"Story and presentation mixed; classify operation not alias spelling"	"BA402C3CACA6141A861DD943C8F1BD70868A098C70A59F7E6A8B8F80A23B8F17"
"HGame/Classes/Triggers/SpellLessonTrigger.uc"	"1007"	"GLOBAL_STORY_CONTEXT|LOCAL_PLAYER_CONTEXT"	"REVIEW_REQUIRED"	"Story and presentation mixed; classify operation not alias spelling"	"BA402C3CACA6141A861DD943C8F1BD70868A098C70A59F7E6A8B8F80A23B8F17"
"HGame/Classes/Triggers/SpellLessonTrigger.uc"	"1018"	"GLOBAL_STORY_CONTEXT|LOCAL_PLAYER_CONTEXT"	"REVIEW_REQUIRED"	"Story and presentation mixed; classify operation not alias spelling"	"BA402C3CACA6141A861DD943C8F1BD70868A098C70A59F7E6A8B8F80A23B8F17"
"HGame/Classes/Triggers/SpellLessonTrigger.uc"	"1029"	"GLOBAL_STORY_CONTEXT|LOCAL_PLAYER_CONTEXT"	"REVIEW_REQUIRED"	"Story and presentation mixed; classify operation not alias spelling"	"BA402C3CACA6141A861DD943C8F1BD70868A098C70A59F7E6A8B8F80A23B8F17"
"HGame/Classes/Triggers/SpellLessonTrigger.uc"	"1046"	"GLOBAL_STORY_CONTEXT|LOCAL_PLAYER_CONTEXT"	"REVIEW_REQUIRED"	"Story and presentation mixed; classify operation not alias spelling"	"BA402C3CACA6141A861DD943C8F1BD70868A098C70A59F7E6A8B8F80A23B8F17"
"HGame/Classes/Triggers/SpellLessonTrigger.uc"	"1051"	"GLOBAL_STORY_CONTEXT|LOCAL_PLAYER_CONTEXT"	"REVIEW_REQUIRED"	"Story and presentation mixed; classify operation not alias spelling"	"BA402C3CACA6141A861DD943C8F1BD70868A098C70A59F7E6A8B8F80A23B8F17"
"HGame/Classes/Triggers/SpellLessonTrigger.uc"	"1058"	"GLOBAL_STORY_CONTEXT|LOCAL_PLAYER_CONTEXT"	"REVIEW_REQUIRED"	"Story and presentation mixed; classify operation not alias spelling"	"BA402C3CACA6141A861DD943C8F1BD70868A098C70A59F7E6A8B8F80A23B8F17"
"HGame/Classes/Triggers/SpellLessonTrigger.uc"	"1064"	"GLOBAL_STORY_CONTEXT|LOCAL_PLAYER_CONTEXT"	"REVIEW_REQUIRED"	"Story and presentation mixed; classify operation not alias spelling"	"BA402C3CACA6141A861DD943C8F1BD70868A098C70A59F7E6A8B8F80A23B8F17"
"HGame/Classes/Triggers/SpellLessonTrigger.uc"	"1070"	"GLOBAL_STORY_CONTEXT|LOCAL_PLAYER_CONTEXT"	"REVIEW_REQUIRED"	"Story and presentation mixed; classify operation not alias spelling"	"BA402C3CACA6141A861DD943C8F1BD70868A098C70A59F7E6A8B8F80A23B8F17"
"HGame/Classes/Triggers/SpellLessonTrigger.uc"	"1082"	"GLOBAL_STORY_CONTEXT|LOCAL_PLAYER_CONTEXT"	"REVIEW_REQUIRED"	"Story and presentation mixed; classify operation not alias spelling"	"BA402C3CACA6141A861DD943C8F1BD70868A098C70A59F7E6A8B8F80A23B8F17"
"HGame/Classes/Triggers/SpellLessonTrigger.uc"	"1101"	"GLOBAL_STORY_CONTEXT|LOCAL_PLAYER_CONTEXT"	"REVIEW_REQUIRED"	"Story and presentation mixed; classify operation not alias spelling"	"BA402C3CACA6141A861DD943C8F1BD70868A098C70A59F7E6A8B8F80A23B8F17"
"HGame/Classes/Triggers/SpellLessonTrigger.uc"	"1107"	"GLOBAL_STORY_CONTEXT|LOCAL_PLAYER_CONTEXT"	"REVIEW_REQUIRED"	"Story and presentation mixed; classify operation not alias spelling"	"BA402C3CACA6141A861DD943C8F1BD70868A098C70A59F7E6A8B8F80A23B8F17"
"HGame/Classes/Triggers/SpellLessonTrigger.uc"	"1111"	"GLOBAL_STORY_CONTEXT|LOCAL_PLAYER_CONTEXT"	"REVIEW_REQUIRED"	"Story and presentation mixed; classify operation not alias spelling"	"BA402C3CACA6141A861DD943C8F1BD70868A098C70A59F7E6A8B8F80A23B8F17"
"HGame/Classes/Triggers/SpellLessonTrigger.uc"	"1137"	"GLOBAL_STORY_CONTEXT|LOCAL_PLAYER_CONTEXT"	"REVIEW_REQUIRED"	"Story and presentation mixed; classify operation not alias spelling"	"BA402C3CACA6141A861DD943C8F1BD70868A098C70A59F7E6A8B8F80A23B8F17"
"HGame/Classes/Triggers/SpellLessonTrigger.uc"	"1145"	"GLOBAL_STORY_CONTEXT|LOCAL_PLAYER_CONTEXT"	"REVIEW_REQUIRED"	"Story and presentation mixed; classify operation not alias spelling"	"BA402C3CACA6141A861DD943C8F1BD70868A098C70A59F7E6A8B8F80A23B8F17"
"HGame/Classes/Triggers/SpellLessonTrigger.uc"	"1158"	"GLOBAL_STORY_CONTEXT|LOCAL_PLAYER_CONTEXT"	"REVIEW_REQUIRED"	"Story and presentation mixed; classify operation not alias spelling"	"BA402C3CACA6141A861DD943C8F1BD70868A098C70A59F7E6A8B8F80A23B8F17"
"HGame/Classes/Triggers/SpellLessonTrigger.uc"	"1164"	"GLOBAL_STORY_CONTEXT|LOCAL_PLAYER_CONTEXT"	"REVIEW_REQUIRED"	"Story and presentation mixed; classify operation not alias spelling"	"BA402C3CACA6141A861DD943C8F1BD70868A098C70A59F7E6A8B8F80A23B8F17"
"HGame/Classes/Triggers/SpellLessonTrigger.uc"	"1168"	"GLOBAL_STORY_CONTEXT|LOCAL_PLAYER_CONTEXT"	"REVIEW_REQUIRED"	"Story and presentation mixed; classify operation not alias spelling"	"BA402C3CACA6141A861DD943C8F1BD70868A098C70A59F7E6A8B8F80A23B8F17"
"HGame/Classes/Triggers/LumosSparkles.uc"	"7"	"GLOBAL_STORY_CONTEXT|LOCAL_PLAYER_CONTEXT"	"DECLARATION_OR_COMMENT"	"Lexical occurrence; not an executable operation"	"C0A7326DA8DEDAD72E35D4F99459F2DC4D39B8995917F0BB16CD9ED77663ABC2"
"HGame/Classes/Triggers/LumosSparkles.uc"	"26"	"GLOBAL_STORY_CONTEXT|LOCAL_PLAYER_CONTEXT"	"REVIEW_REQUIRED"	"Story and presentation mixed; classify operation not alias spelling"	"C0A7326DA8DEDAD72E35D4F99459F2DC4D39B8995917F0BB16CD9ED77663ABC2"
"HGame/Classes/Triggers/LumosSparkles.uc"	"142"	"GLOBAL_STORY_CONTEXT|LOCAL_PLAYER_CONTEXT"	"REVIEW_REQUIRED"	"Story and presentation mixed; classify operation not alias spelling"	"C0A7326DA8DEDAD72E35D4F99459F2DC4D39B8995917F0BB16CD9ED77663ABC2"
"HGame/Classes/Triggers/LumosSparkles.uc"	"167"	"GLOBAL_STORY_CONTEXT|LOCAL_PLAYER_CONTEXT"	"REVIEW_REQUIRED"	"Story and presentation mixed; classify operation not alias spelling"	"C0A7326DA8DEDAD72E35D4F99459F2DC4D39B8995917F0BB16CD9ED77663ABC2"
"HGame/Classes/Triggers/LumosSparkles.uc"	"182"	"GLOBAL_STORY_CONTEXT|LOCAL_PLAYER_CONTEXT"	"REVIEW_REQUIRED"	"Story and presentation mixed; classify operation not alias spelling"	"C0A7326DA8DEDAD72E35D4F99459F2DC4D39B8995917F0BB16CD9ED77663ABC2"
"HGame/Classes/Enemies/CornishPixie.uc"	"110"	"AI_TARGET_CONTEXT|GLOBAL_STORY_CONTEXT"	"REVIEW_REQUIRED"	"Combat candidate; verify carry owner, item recipient, boss/story effects"	"575BF619275BC7A01988FBC90D7FD9AA40B6EE89657A11E8CDF39DF9EC213980"
"HGame/Classes/Enemies/CornishPixie.uc"	"123"	"AI_TARGET_CONTEXT|GLOBAL_STORY_CONTEXT"	"REVIEW_REQUIRED"	"Combat candidate; verify carry owner, item recipient, boss/story effects"	"575BF619275BC7A01988FBC90D7FD9AA40B6EE89657A11E8CDF39DF9EC213980"
"HGame/Classes/Enemies/CornishPixie.uc"	"262"	"AI_TARGET_CONTEXT|GLOBAL_STORY_CONTEXT"	"REVIEW_REQUIRED"	"Combat candidate; verify carry owner, item recipient, boss/story effects"	"575BF619275BC7A01988FBC90D7FD9AA40B6EE89657A11E8CDF39DF9EC213980"
"HGame/Classes/Enemies/CornishPixie.uc"	"290"	"AI_TARGET_CONTEXT|GLOBAL_STORY_CONTEXT"	"REVIEW_REQUIRED"	"Combat candidate; verify carry owner, item recipient, boss/story effects"	"575BF619275BC7A01988FBC90D7FD9AA40B6EE89657A11E8CDF39DF9EC213980"
"HGame/Classes/Enemies/CornishPixie.uc"	"321"	"AI_TARGET_CONTEXT|GLOBAL_STORY_CONTEXT"	"REVIEW_REQUIRED"	"Combat candidate; verify carry owner, item recipient, boss/story effects"	"575BF619275BC7A01988FBC90D7FD9AA40B6EE89657A11E8CDF39DF9EC213980"
"HGame/Classes/Enemies/CornishPixie.uc"	"331"	"AI_TARGET_CONTEXT|GLOBAL_STORY_CONTEXT"	"REVIEW_REQUIRED"	"Combat candidate; verify carry owner, item recipient, boss/story effects"	"575BF619275BC7A01988FBC90D7FD9AA40B6EE89657A11E8CDF39DF9EC213980"
"HGame/Classes/Enemies/CornishPixie.uc"	"341"	"AI_TARGET_CONTEXT|GLOBAL_STORY_CONTEXT"	"REVIEW_REQUIRED"	"Combat candidate; verify carry owner, item recipient, boss/story effects"	"575BF619275BC7A01988FBC90D7FD9AA40B6EE89657A11E8CDF39DF9EC213980"
"HGame/Classes/Enemies/CornishPixie.uc"	"355"	"AI_TARGET_CONTEXT|GLOBAL_STORY_CONTEXT"	"REVIEW_REQUIRED"	"Combat candidate; verify carry owner, item recipient, boss/story effects"	"575BF619275BC7A01988FBC90D7FD9AA40B6EE89657A11E8CDF39DF9EC213980"
"HGame/Classes/Enemies/CornishPixie.uc"	"357"	"AI_TARGET_CONTEXT|GLOBAL_STORY_CONTEXT"	"REVIEWED_MIXED"	"AI cutscene gate incorrectly reads HUD on dedicated authority"	"575BF619275BC7A01988FBC90D7FD9AA40B6EE89657A11E8CDF39DF9EC213980"
"HGame/Classes/Enemies/CornishPixie.uc"	"362"	"AI_TARGET_CONTEXT|GLOBAL_STORY_CONTEXT"	"REVIEW_REQUIRED"	"Combat candidate; verify carry owner, item recipient, boss/story effects"	"575BF619275BC7A01988FBC90D7FD9AA40B6EE89657A11E8CDF39DF9EC213980"
"HGame/Classes/Enemies/CornishPixie.uc"	"373"	"AI_TARGET_CONTEXT|GLOBAL_STORY_CONTEXT"	"REVIEW_REQUIRED"	"Combat candidate; verify carry owner, item recipient, boss/story effects"	"575BF619275BC7A01988FBC90D7FD9AA40B6EE89657A11E8CDF39DF9EC213980"
"HGame/Classes/Enemies/CornishPixie.uc"	"388"	"AI_TARGET_CONTEXT|GLOBAL_STORY_CONTEXT"	"REVIEW_REQUIRED"	"Combat candidate; verify carry owner, item recipient, boss/story effects"	"575BF619275BC7A01988FBC90D7FD9AA40B6EE89657A11E8CDF39DF9EC213980"
"HGame/Classes/Enemies/CornishPixie.uc"	"397"	"AI_TARGET_CONTEXT|GLOBAL_STORY_CONTEXT"	"REVIEW_REQUIRED"	"Combat candidate; verify carry owner, item recipient, boss/story effects"	"575BF619275BC7A01988FBC90D7FD9AA40B6EE89657A11E8CDF39DF9EC213980"
"HGame/Classes/Enemies/CornishPixie.uc"	"412"	"AI_TARGET_CONTEXT|GLOBAL_STORY_CONTEXT"	"REVIEW_REQUIRED"	"Combat candidate; verify carry owner, item recipient, boss/story effects"	"575BF619275BC7A01988FBC90D7FD9AA40B6EE89657A11E8CDF39DF9EC213980"
"HGame/Classes/Enemies/CornishPixie.uc"	"428"	"AI_TARGET_CONTEXT|GLOBAL_STORY_CONTEXT"	"REVIEW_REQUIRED"	"Combat candidate; verify carry owner, item recipient, boss/story effects"	"575BF619275BC7A01988FBC90D7FD9AA40B6EE89657A11E8CDF39DF9EC213980"
"HGame/Classes/Enemies/CornishPixie.uc"	"476"	"AI_TARGET_CONTEXT|GLOBAL_STORY_CONTEXT"	"REVIEW_REQUIRED"	"Combat candidate; verify carry owner, item recipient, boss/story effects"	"575BF619275BC7A01988FBC90D7FD9AA40B6EE89657A11E8CDF39DF9EC213980"
"HGame/Classes/HiddenHPawn/FlyingFordSafe.uc"	"38"	"LOCAL_PLAYER_CONTEXT|GLOBAL_STORY_CONTEXT|AI_TARGET_CONTEXT"	"REVIEW_REQUIRED"	"Mixed legacy alias; inspect operation and callers before edits"	"ED4CEAA8A7EEA39446BF9FA004F8504D0E8950FC02D6CF785F0623019CAF50C8"
"HGame/Classes/Triggers/DuelTrigger.uc"	"7"	"GLOBAL_STORY_CONTEXT|LOCAL_PLAYER_CONTEXT"	"DECLARATION_OR_COMMENT"	"Lexical occurrence; not an executable operation"	"C8F1E8DD97CB78DEC0EE2D1650AC29F9F6D840B3BDDB2FBBE6B6C5C3166ECBC9"
"HGame/Classes/Triggers/DuelTrigger.uc"	"13"	"GLOBAL_STORY_CONTEXT|LOCAL_PLAYER_CONTEXT"	"REVIEW_REQUIRED"	"Story and presentation mixed; classify operation not alias spelling"	"C8F1E8DD97CB78DEC0EE2D1650AC29F9F6D840B3BDDB2FBBE6B6C5C3166ECBC9"
"HGame/Classes/Triggers/DuelTrigger.uc"	"27"	"GLOBAL_STORY_CONTEXT|LOCAL_PLAYER_CONTEXT"	"REVIEW_REQUIRED"	"Story and presentation mixed; classify operation not alias spelling"	"C8F1E8DD97CB78DEC0EE2D1650AC29F9F6D840B3BDDB2FBBE6B6C5C3166ECBC9"
"HGame/Classes/Triggers/DuelTrigger.uc"	"35"	"GLOBAL_STORY_CONTEXT|LOCAL_PLAYER_CONTEXT"	"REVIEW_REQUIRED"	"Story and presentation mixed; classify operation not alias spelling"	"C8F1E8DD97CB78DEC0EE2D1650AC29F9F6D840B3BDDB2FBBE6B6C5C3166ECBC9"
"HGame/Classes/Triggers/SpellChallengeTrigger.uc"	"13"	"GLOBAL_STORY_CONTEXT|LOCAL_PLAYER_CONTEXT"	"DECLARATION_OR_COMMENT"	"Lexical occurrence; not an executable operation"	"D76464BD255522982EC6F9605F0F9A653ED74A7A323F865FFB233DAFA80CC2B9"
"HGame/Classes/Triggers/SpellChallengeTrigger.uc"	"16"	"GLOBAL_STORY_CONTEXT|LOCAL_PLAYER_CONTEXT"	"REVIEW_REQUIRED"	"Story and presentation mixed; classify operation not alias spelling"	"D76464BD255522982EC6F9605F0F9A653ED74A7A323F865FFB233DAFA80CC2B9"
"HGame/Classes/Triggers/SpellChallengeTrigger.uc"	"18"	"GLOBAL_STORY_CONTEXT|LOCAL_PLAYER_CONTEXT"	"REVIEW_REQUIRED"	"Story and presentation mixed; classify operation not alias spelling"	"D76464BD255522982EC6F9605F0F9A653ED74A7A323F865FFB233DAFA80CC2B9"
"HGame/Classes/Enemies/Bowtruckle.uc"	"192"	"AI_TARGET_CONTEXT|GLOBAL_STORY_CONTEXT"	"REVIEW_REQUIRED"	"Combat candidate; verify carry owner, item recipient, boss/story effects"	"1795856DEC3ACE2D29B6C006CFBF5F3A53D5A7CF48BE710A6DA4ABB8514969FB"
"HGame/Classes/Enemies/Bowtruckle.uc"	"373"	"AI_TARGET_CONTEXT|GLOBAL_STORY_CONTEXT"	"REVIEW_REQUIRED"	"Combat candidate; verify carry owner, item recipient, boss/story effects"	"1795856DEC3ACE2D29B6C006CFBF5F3A53D5A7CF48BE710A6DA4ABB8514969FB"
"HGame/Classes/Enemies/Bowtruckle.uc"	"452"	"AI_TARGET_CONTEXT|GLOBAL_STORY_CONTEXT"	"REVIEW_REQUIRED"	"Combat candidate; verify carry owner, item recipient, boss/story effects"	"1795856DEC3ACE2D29B6C006CFBF5F3A53D5A7CF48BE710A6DA4ABB8514969FB"
"HGame/Classes/Enemies/Bowtruckle.uc"	"458"	"AI_TARGET_CONTEXT|GLOBAL_STORY_CONTEXT"	"REVIEW_REQUIRED"	"Combat candidate; verify carry owner, item recipient, boss/story effects"	"1795856DEC3ACE2D29B6C006CFBF5F3A53D5A7CF48BE710A6DA4ABB8514969FB"
"HGame/Classes/Enemies/Bowtruckle.uc"	"459"	"AI_TARGET_CONTEXT|GLOBAL_STORY_CONTEXT"	"REVIEW_REQUIRED"	"Combat candidate; verify carry owner, item recipient, boss/story effects"	"1795856DEC3ACE2D29B6C006CFBF5F3A53D5A7CF48BE710A6DA4ABB8514969FB"
"HGame/Classes/Enemies/Bowtruckle.uc"	"485"	"AI_TARGET_CONTEXT|GLOBAL_STORY_CONTEXT"	"REVIEW_REQUIRED"	"Combat candidate; verify carry owner, item recipient, boss/story effects"	"1795856DEC3ACE2D29B6C006CFBF5F3A53D5A7CF48BE710A6DA4ABB8514969FB"
"HGame/Classes/Enemies/Bowtruckle.uc"	"498"	"AI_TARGET_CONTEXT|GLOBAL_STORY_CONTEXT"	"REVIEW_REQUIRED"	"Combat candidate; verify carry owner, item recipient, boss/story effects"	"1795856DEC3ACE2D29B6C006CFBF5F3A53D5A7CF48BE710A6DA4ABB8514969FB"
"HGame/Classes/Enemies/Bowtruckle.uc"	"503"	"AI_TARGET_CONTEXT|GLOBAL_STORY_CONTEXT"	"REVIEW_REQUIRED"	"Combat candidate; verify carry owner, item recipient, boss/story effects"	"1795856DEC3ACE2D29B6C006CFBF5F3A53D5A7CF48BE710A6DA4ABB8514969FB"
"HGame/Classes/Enemies/Bowtruckle.uc"	"534"	"AI_TARGET_CONTEXT|GLOBAL_STORY_CONTEXT"	"REVIEW_REQUIRED"	"Combat candidate; verify carry owner, item recipient, boss/story effects"	"1795856DEC3ACE2D29B6C006CFBF5F3A53D5A7CF48BE710A6DA4ABB8514969FB"
"HGame/Classes/Enemies/Bowtruckle.uc"	"536"	"AI_TARGET_CONTEXT|GLOBAL_STORY_CONTEXT"	"REVIEW_REQUIRED"	"Combat candidate; verify carry owner, item recipient, boss/story effects"	"1795856DEC3ACE2D29B6C006CFBF5F3A53D5A7CF48BE710A6DA4ABB8514969FB"
"HGame/Classes/HiddenHPawn/FlyingFordPathGuide.uc"	"35"	"LOCAL_PLAYER_CONTEXT|GLOBAL_STORY_CONTEXT|AI_TARGET_CONTEXT"	"REVIEW_REQUIRED"	"Mixed legacy alias; inspect operation and callers before edits"	"38479082DF079AC0876ED1CF9D437699CD7D5DBEB4B181CA75560C8AA0BB9180"
"HGame/Classes/Triggers/DisableTrigger.uc"	"21"	"GLOBAL_STORY_CONTEXT"	"REVIEWED"	"Shared actor disable; any-player activation needs map semantics check"	"F2C1915944A29D62C405BD53BD7FBF00C0B79D3CDF26CFA991D1B2BB61527349"
"HGame/Classes/HiddenHPawn/Fireball.uc"	"27"	"LOCAL_PLAYER_CONTEXT|GLOBAL_STORY_CONTEXT|AI_TARGET_CONTEXT"	"REVIEW_REQUIRED"	"Mixed legacy alias; inspect operation and callers before edits"	"4755BE31E9877B9F6D1EB4C1E6ECC0E4A9F592BE8F255ED125FADEED7A776A30"
"HGame/Classes/HiddenHPawn/FlyingFordLightning.uc"	"48"	"LOCAL_PLAYER_CONTEXT|GLOBAL_STORY_CONTEXT|AI_TARGET_CONTEXT"	"REVIEW_REQUIRED"	"Mixed legacy alias; inspect operation and callers before edits"	"20BE47AE29308E7C2A05BCC72A620D13AA9B9653F58824A0F215F6884E425442"
"HGame/Classes/HiddenHPawn/FlyingFordHedwig.uc"	"38"	"LOCAL_PLAYER_CONTEXT|GLOBAL_STORY_CONTEXT|AI_TARGET_CONTEXT"	"REVIEW_REQUIRED"	"Mixed legacy alias; inspect operation and callers before edits"	"2A0B5864D7AD4EB694B5D024815641E8953AF356130E6EBFC600DB1178933FEF"
"HGame/Classes/Triggers/CardLockTrigger.uc"	"26"	"GLOBAL_STORY_CONTEXT"	"REVIEWED"	"Shared lock inventory consumed with shared door events"	"B29039FB2ABEAC90650A4EFE536AECA728EEBAC4BCA094B1FCEE90CF4311372E"
"HGame/Classes/Triggers/CardLockTrigger.uc"	"39"	"GLOBAL_STORY_CONTEXT"	"REVIEWED"	"Shared lock inventory consumed with shared door events"	"B29039FB2ABEAC90650A4EFE536AECA728EEBAC4BCA094B1FCEE90CF4311372E"
"HGame/Classes/HiddenHPawn/FireballLarge.uc"	"36"	"LOCAL_PLAYER_CONTEXT|GLOBAL_STORY_CONTEXT|AI_TARGET_CONTEXT"	"REVIEW_REQUIRED"	"Mixed legacy alias; inspect operation and callers before edits"	"262FC3C2A3A42AEFD4184750F0862B465AF07970EAEFAEDB6C234E015D390F72"
"HGame/Classes/HiddenHPawn/FireballLarge.uc"	"37"	"LOCAL_PLAYER_CONTEXT|GLOBAL_STORY_CONTEXT|AI_TARGET_CONTEXT"	"REVIEW_REQUIRED"	"Mixed legacy alias; inspect operation and callers before edits"	"262FC3C2A3A42AEFD4184750F0862B465AF07970EAEFAEDB6C234E015D390F72"
"HGame/Classes/HiddenHPawn/FireballLarge.uc"	"42"	"LOCAL_PLAYER_CONTEXT|GLOBAL_STORY_CONTEXT|AI_TARGET_CONTEXT"	"REVIEW_REQUIRED"	"Mixed legacy alias; inspect operation and callers before edits"	"262FC3C2A3A42AEFD4184750F0862B465AF07970EAEFAEDB6C234E015D390F72"
"HGame/Classes/HiddenHPawn/FireballLarge.uc"	"44"	"LOCAL_PLAYER_CONTEXT|GLOBAL_STORY_CONTEXT|AI_TARGET_CONTEXT"	"REVIEW_REQUIRED"	"Mixed legacy alias; inspect operation and callers before edits"	"262FC3C2A3A42AEFD4184750F0862B465AF07970EAEFAEDB6C234E015D390F72"
"HGame/Classes/HiddenHPawn/FireballLarge.uc"	"45"	"LOCAL_PLAYER_CONTEXT|GLOBAL_STORY_CONTEXT|AI_TARGET_CONTEXT"	"REVIEW_REQUIRED"	"Mixed legacy alias; inspect operation and callers before edits"	"262FC3C2A3A42AEFD4184750F0862B465AF07970EAEFAEDB6C234E015D390F72"
"HGame/Classes/HiddenHPawn/FireballLarge.uc"	"47"	"LOCAL_PLAYER_CONTEXT|GLOBAL_STORY_CONTEXT|AI_TARGET_CONTEXT"	"REVIEW_REQUIRED"	"Mixed legacy alias; inspect operation and callers before edits"	"262FC3C2A3A42AEFD4184750F0862B465AF07970EAEFAEDB6C234E015D390F72"
"HGame/Classes/HiddenHPawn/FireballLarge.uc"	"82"	"LOCAL_PLAYER_CONTEXT|GLOBAL_STORY_CONTEXT|AI_TARGET_CONTEXT"	"REVIEW_REQUIRED"	"Mixed legacy alias; inspect operation and callers before edits"	"262FC3C2A3A42AEFD4184750F0862B465AF07970EAEFAEDB6C234E015D390F72"
"HGame/Classes/HiddenHPawn/FireballGrenadeCenter.uc"	"30"	"LOCAL_PLAYER_CONTEXT|GLOBAL_STORY_CONTEXT|AI_TARGET_CONTEXT"	"REVIEW_REQUIRED"	"Mixed legacy alias; inspect operation and callers before edits"	"3DBDB43EED9EDE409665485B5097C648E787E3FF4A173FF5F4327421F9E7B031"
"HGame/Classes/HiddenHPawn/AragogAttendentSpawner.uc"	"105"	"LOCAL_PLAYER_CONTEXT|GLOBAL_STORY_CONTEXT|AI_TARGET_CONTEXT"	"REVIEW_REQUIRED"	"Mixed legacy alias; inspect operation and callers before edits"	"968ED4802C30ABD6BBDF387B85517FA08EC3B01E1E65D5A33F1BFC3A3030141E"
"HGame/Classes/HiddenHPawn/AragogAttendentSpawner.uc"	"107"	"LOCAL_PLAYER_CONTEXT|GLOBAL_STORY_CONTEXT|AI_TARGET_CONTEXT"	"REVIEW_REQUIRED"	"Mixed legacy alias; inspect operation and callers before edits"	"968ED4802C30ABD6BBDF387B85517FA08EC3B01E1E65D5A33F1BFC3A3030141E"
"HGame/Classes/HiddenHPawn/AragogAttendentSpawner.uc"	"109"	"LOCAL_PLAYER_CONTEXT|GLOBAL_STORY_CONTEXT|AI_TARGET_CONTEXT"	"REVIEW_REQUIRED"	"Mixed legacy alias; inspect operation and callers before edits"	"968ED4802C30ABD6BBDF387B85517FA08EC3B01E1E65D5A33F1BFC3A3030141E"
"HGame/Classes/HiddenHPawn/AragogAttendentSpawner.uc"	"118"	"LOCAL_PLAYER_CONTEXT|GLOBAL_STORY_CONTEXT|AI_TARGET_CONTEXT"	"REVIEW_REQUIRED"	"Mixed legacy alias; inspect operation and callers before edits"	"968ED4802C30ABD6BBDF387B85517FA08EC3B01E1E65D5A33F1BFC3A3030141E"
"HGame/Classes/HiddenHPawn/AragogAttendentSpawner.uc"	"121"	"LOCAL_PLAYER_CONTEXT|GLOBAL_STORY_CONTEXT|AI_TARGET_CONTEXT"	"REVIEW_REQUIRED"	"Mixed legacy alias; inspect operation and callers before edits"	"968ED4802C30ABD6BBDF387B85517FA08EC3B01E1E65D5A33F1BFC3A3030141E"
"HGame/Classes/HiddenHPawn/AragogAttendentSpawner.uc"	"146"	"LOCAL_PLAYER_CONTEXT|GLOBAL_STORY_CONTEXT|AI_TARGET_CONTEXT"	"REVIEW_REQUIRED"	"Mixed legacy alias; inspect operation and callers before edits"	"968ED4802C30ABD6BBDF387B85517FA08EC3B01E1E65D5A33F1BFC3A3030141E"
"HGame/Classes/HiddenHPawn/AragogAttendentSpawner.uc"	"148"	"LOCAL_PLAYER_CONTEXT|GLOBAL_STORY_CONTEXT|AI_TARGET_CONTEXT"	"REVIEW_REQUIRED"	"Mixed legacy alias; inspect operation and callers before edits"	"968ED4802C30ABD6BBDF387B85517FA08EC3B01E1E65D5A33F1BFC3A3030141E"
"HGame/Classes/HiddenHPawn/AragogAttendentSpawner.uc"	"150"	"LOCAL_PLAYER_CONTEXT|GLOBAL_STORY_CONTEXT|AI_TARGET_CONTEXT"	"REVIEW_REQUIRED"	"Mixed legacy alias; inspect operation and callers before edits"	"968ED4802C30ABD6BBDF387B85517FA08EC3B01E1E65D5A33F1BFC3A3030141E"
"HGame/Classes/Misc/BasiliskSpell.uc"	"101"	"LOCAL_PLAYER_CONTEXT|GLOBAL_STORY_CONTEXT|AI_TARGET_CONTEXT"	"REVIEW_REQUIRED"	"Mixed legacy alias; inspect operation and callers before edits"	"52F151C48FC7BD2D3C00563F6D94DA5791601060DA6236C32412B891B9C906D6"
"HGame/Classes/Misc/BasiliskSpell.uc"	"105"	"LOCAL_PLAYER_CONTEXT|GLOBAL_STORY_CONTEXT|AI_TARGET_CONTEXT"	"REVIEW_REQUIRED"	"Mixed legacy alias; inspect operation and callers before edits"	"52F151C48FC7BD2D3C00563F6D94DA5791601060DA6236C32412B891B9C906D6"
"HGame/Classes/Misc/BasiliskSpell.uc"	"106"	"LOCAL_PLAYER_CONTEXT|GLOBAL_STORY_CONTEXT|AI_TARGET_CONTEXT"	"REVIEW_REQUIRED"	"Mixed legacy alias; inspect operation and callers before edits"	"52F151C48FC7BD2D3C00563F6D94DA5791601060DA6236C32412B891B9C906D6"
"HGame/Classes/Misc/BasiliskSpell.uc"	"126"	"LOCAL_PLAYER_CONTEXT|GLOBAL_STORY_CONTEXT|AI_TARGET_CONTEXT"	"REVIEW_REQUIRED"	"Mixed legacy alias; inspect operation and callers before edits"	"52F151C48FC7BD2D3C00563F6D94DA5791601060DA6236C32412B891B9C906D6"
"HGame/Classes/Misc/Basilisk2.uc"	"53"	"LOCAL_PLAYER_CONTEXT|GLOBAL_STORY_CONTEXT|AI_TARGET_CONTEXT"	"REVIEW_REQUIRED"	"Mixed legacy alias; inspect operation and callers before edits"	"10973C8032A836AC6281B83ACF5BE728A76C6917BBE77CC6781111CF76FB1E51"
"HGame/Classes/Misc/Basilisk2.uc"	"111"	"LOCAL_PLAYER_CONTEXT|GLOBAL_STORY_CONTEXT|AI_TARGET_CONTEXT"	"REVIEW_REQUIRED"	"Mixed legacy alias; inspect operation and callers before edits"	"10973C8032A836AC6281B83ACF5BE728A76C6917BBE77CC6781111CF76FB1E51"
"HGame/Classes/Misc/Basilisk2.uc"	"188"	"LOCAL_PLAYER_CONTEXT|GLOBAL_STORY_CONTEXT|AI_TARGET_CONTEXT"	"REVIEW_REQUIRED"	"Mixed legacy alias; inspect operation and callers before edits"	"10973C8032A836AC6281B83ACF5BE728A76C6917BBE77CC6781111CF76FB1E51"
"HGame/Classes/Misc/Basilisk2.uc"	"209"	"LOCAL_PLAYER_CONTEXT|GLOBAL_STORY_CONTEXT|AI_TARGET_CONTEXT"	"REVIEW_REQUIRED"	"Mixed legacy alias; inspect operation and callers before edits"	"10973C8032A836AC6281B83ACF5BE728A76C6917BBE77CC6781111CF76FB1E51"
"HGame/Classes/Misc/Basilisk2.uc"	"261"	"LOCAL_PLAYER_CONTEXT|GLOBAL_STORY_CONTEXT|AI_TARGET_CONTEXT"	"REVIEW_REQUIRED"	"Mixed legacy alias; inspect operation and callers before edits"	"10973C8032A836AC6281B83ACF5BE728A76C6917BBE77CC6781111CF76FB1E51"
"HGame/Classes/Misc/Basilisk2.uc"	"274"	"LOCAL_PLAYER_CONTEXT|GLOBAL_STORY_CONTEXT|AI_TARGET_CONTEXT"	"REVIEW_REQUIRED"	"Mixed legacy alias; inspect operation and callers before edits"	"10973C8032A836AC6281B83ACF5BE728A76C6917BBE77CC6781111CF76FB1E51"
"HGame/Classes/Misc/Basilisk2.uc"	"297"	"LOCAL_PLAYER_CONTEXT|GLOBAL_STORY_CONTEXT|AI_TARGET_CONTEXT"	"REVIEW_REQUIRED"	"Mixed legacy alias; inspect operation and callers before edits"	"10973C8032A836AC6281B83ACF5BE728A76C6917BBE77CC6781111CF76FB1E51"
"HGame/Classes/Misc/Basilisk2.uc"	"309"	"LOCAL_PLAYER_CONTEXT|GLOBAL_STORY_CONTEXT|AI_TARGET_CONTEXT"	"REVIEW_REQUIRED"	"Mixed legacy alias; inspect operation and callers before edits"	"10973C8032A836AC6281B83ACF5BE728A76C6917BBE77CC6781111CF76FB1E51"
"HGame/Classes/Misc/Basilisk2.uc"	"335"	"LOCAL_PLAYER_CONTEXT|GLOBAL_STORY_CONTEXT|AI_TARGET_CONTEXT"	"REVIEW_REQUIRED"	"Mixed legacy alias; inspect operation and callers before edits"	"10973C8032A836AC6281B83ACF5BE728A76C6917BBE77CC6781111CF76FB1E51"
"HGame/Classes/Misc/Basilisk2.uc"	"339"	"LOCAL_PLAYER_CONTEXT|GLOBAL_STORY_CONTEXT|AI_TARGET_CONTEXT"	"REVIEW_REQUIRED"	"Mixed legacy alias; inspect operation and callers before edits"	"10973C8032A836AC6281B83ACF5BE728A76C6917BBE77CC6781111CF76FB1E51"
"HGame/Classes/Misc/Basilisk2.uc"	"346"	"LOCAL_PLAYER_CONTEXT|GLOBAL_STORY_CONTEXT|AI_TARGET_CONTEXT"	"REVIEW_REQUIRED"	"Mixed legacy alias; inspect operation and callers before edits"	"10973C8032A836AC6281B83ACF5BE728A76C6917BBE77CC6781111CF76FB1E51"
"HGame/Classes/Misc/Basilisk2.uc"	"406"	"LOCAL_PLAYER_CONTEXT|GLOBAL_STORY_CONTEXT|AI_TARGET_CONTEXT"	"REVIEW_REQUIRED"	"Mixed legacy alias; inspect operation and callers before edits"	"10973C8032A836AC6281B83ACF5BE728A76C6917BBE77CC6781111CF76FB1E51"
"HGame/Classes/Misc/AragogStickyWeb.uc"	"88"	"LOCAL_PLAYER_CONTEXT|GLOBAL_STORY_CONTEXT|AI_TARGET_CONTEXT"	"REVIEW_REQUIRED"	"Mixed legacy alias; inspect operation and callers before edits"	"A632766D6F6E4CE1F112984BE6811CB90A14BEC9C480BD470C0D4246C1404DD9"
"HGame/Classes/Misc/AragogStickyWeb.uc"	"112"	"LOCAL_PLAYER_CONTEXT|GLOBAL_STORY_CONTEXT|AI_TARGET_CONTEXT"	"REVIEW_REQUIRED"	"Mixed legacy alias; inspect operation and callers before edits"	"A632766D6F6E4CE1F112984BE6811CB90A14BEC9C480BD470C0D4246C1404DD9"
"HGame/Classes/Misc/AragogStickyWeb.uc"	"113"	"LOCAL_PLAYER_CONTEXT|GLOBAL_STORY_CONTEXT|AI_TARGET_CONTEXT"	"REVIEW_REQUIRED"	"Mixed legacy alias; inspect operation and callers before edits"	"A632766D6F6E4CE1F112984BE6811CB90A14BEC9C480BD470C0D4246C1404DD9"
"HGame/Classes/Misc/AragogStickyWeb.uc"	"139"	"LOCAL_PLAYER_CONTEXT|GLOBAL_STORY_CONTEXT|AI_TARGET_CONTEXT"	"REVIEW_REQUIRED"	"Mixed legacy alias; inspect operation and callers before edits"	"A632766D6F6E4CE1F112984BE6811CB90A14BEC9C480BD470C0D4246C1404DD9"
"HGame/Classes/Misc/AragogStickyWeb.uc"	"140"	"LOCAL_PLAYER_CONTEXT|GLOBAL_STORY_CONTEXT|AI_TARGET_CONTEXT"	"REVIEW_REQUIRED"	"Mixed legacy alias; inspect operation and callers before edits"	"A632766D6F6E4CE1F112984BE6811CB90A14BEC9C480BD470C0D4246C1404DD9"
"HGame/Classes/Misc/AragogStickyWeb.uc"	"166"	"LOCAL_PLAYER_CONTEXT|GLOBAL_STORY_CONTEXT|AI_TARGET_CONTEXT"	"REVIEW_REQUIRED"	"Mixed legacy alias; inspect operation and callers before edits"	"A632766D6F6E4CE1F112984BE6811CB90A14BEC9C480BD470C0D4246C1404DD9"
"HGame/Classes/Misc/AragogStickyWeb.uc"	"167"	"LOCAL_PLAYER_CONTEXT|GLOBAL_STORY_CONTEXT|AI_TARGET_CONTEXT"	"REVIEW_REQUIRED"	"Mixed legacy alias; inspect operation and callers before edits"	"A632766D6F6E4CE1F112984BE6811CB90A14BEC9C480BD470C0D4246C1404DD9"
"HGame/Classes/Misc/AragogStickyWeb.uc"	"183"	"LOCAL_PLAYER_CONTEXT|GLOBAL_STORY_CONTEXT|AI_TARGET_CONTEXT"	"REVIEW_REQUIRED"	"Mixed legacy alias; inspect operation and callers before edits"	"A632766D6F6E4CE1F112984BE6811CB90A14BEC9C480BD470C0D4246C1404DD9"
"HGame/Classes/Misc/AragogStickyWeb.uc"	"207"	"LOCAL_PLAYER_CONTEXT|GLOBAL_STORY_CONTEXT|AI_TARGET_CONTEXT"	"REVIEW_REQUIRED"	"Mixed legacy alias; inspect operation and callers before edits"	"A632766D6F6E4CE1F112984BE6811CB90A14BEC9C480BD470C0D4246C1404DD9"
"HGame/Classes/Misc/AragogStickyWeb.uc"	"208"	"LOCAL_PLAYER_CONTEXT|GLOBAL_STORY_CONTEXT|AI_TARGET_CONTEXT"	"REVIEW_REQUIRED"	"Mixed legacy alias; inspect operation and callers before edits"	"A632766D6F6E4CE1F112984BE6811CB90A14BEC9C480BD470C0D4246C1404DD9"
"HGame/Classes/Misc/Despawner.uc"	"16"	"LOCAL_PLAYER_CONTEXT|GLOBAL_STORY_CONTEXT|AI_TARGET_CONTEXT"	"REVIEW_REQUIRED"	"Mixed legacy alias; inspect operation and callers before edits"	"3471CF1CAA99E8EB08896540E415FE5057A66C63DB10C38B6AD940B9F4760B02"
"HGame/Classes/Misc/Despawner.uc"	"23"	"LOCAL_PLAYER_CONTEXT|GLOBAL_STORY_CONTEXT|AI_TARGET_CONTEXT"	"REVIEW_REQUIRED"	"Mixed legacy alias; inspect operation and callers before edits"	"3471CF1CAA99E8EB08896540E415FE5057A66C63DB10C38B6AD940B9F4760B02"
"HGame/Classes/Misc/CreatureGenerator.uc"	"101"	"LOCAL_PLAYER_CONTEXT|GLOBAL_STORY_CONTEXT|AI_TARGET_CONTEXT"	"REVIEW_REQUIRED"	"Mixed legacy alias; inspect operation and callers before edits"	"01B2B6A54AFB49B2AEA97082F50183E339D3456051FCC443BD85940EF8200206"
"HGame/Classes/Misc/CreatureGenerator.uc"	"176"	"LOCAL_PLAYER_CONTEXT|GLOBAL_STORY_CONTEXT|AI_TARGET_CONTEXT"	"REVIEW_REQUIRED"	"Mixed legacy alias; inspect operation and callers before edits"	"01B2B6A54AFB49B2AEA97082F50183E339D3456051FCC443BD85940EF8200206"
"HGame/Classes/Misc/Adv1TutManager.uc"	"14"	"LOCAL_PLAYER_CONTEXT|GLOBAL_STORY_CONTEXT|AI_TARGET_CONTEXT"	"DECLARATION_OR_COMMENT"	"Lexical occurrence; not an executable operation"	"B47D9F050DE1B7ED9719361741230B0F4F0D35F712A4B49806E13A5EB613CA9A"
"HGame/Classes/Misc/Adv1TutManager.uc"	"25"	"LOCAL_PLAYER_CONTEXT|GLOBAL_STORY_CONTEXT|AI_TARGET_CONTEXT"	"REVIEW_REQUIRED"	"Mixed legacy alias; inspect operation and callers before edits"	"B47D9F050DE1B7ED9719361741230B0F4F0D35F712A4B49806E13A5EB613CA9A"
"HGame/Classes/Misc/Adv1TutManager.uc"	"27"	"LOCAL_PLAYER_CONTEXT|GLOBAL_STORY_CONTEXT|AI_TARGET_CONTEXT"	"REVIEW_REQUIRED"	"Mixed legacy alias; inspect operation and callers before edits"	"B47D9F050DE1B7ED9719361741230B0F4F0D35F712A4B49806E13A5EB613CA9A"
"HGame/Classes/Misc/Adv1TutManager.uc"	"53"	"LOCAL_PLAYER_CONTEXT|GLOBAL_STORY_CONTEXT|AI_TARGET_CONTEXT"	"REVIEW_REQUIRED"	"Mixed legacy alias; inspect operation and callers before edits"	"B47D9F050DE1B7ED9719361741230B0F4F0D35F712A4B49806E13A5EB613CA9A"
"HGame/Classes/Misc/Adv1TutManager.uc"	"65"	"LOCAL_PLAYER_CONTEXT|GLOBAL_STORY_CONTEXT|AI_TARGET_CONTEXT"	"REVIEW_REQUIRED"	"Mixed legacy alias; inspect operation and callers before edits"	"B47D9F050DE1B7ED9719361741230B0F4F0D35F712A4B49806E13A5EB613CA9A"
"HGame/Classes/Misc/Adv1TutManager.uc"	"67"	"LOCAL_PLAYER_CONTEXT|GLOBAL_STORY_CONTEXT|AI_TARGET_CONTEXT"	"REVIEW_REQUIRED"	"Mixed legacy alias; inspect operation and callers before edits"	"B47D9F050DE1B7ED9719361741230B0F4F0D35F712A4B49806E13A5EB613CA9A"
"HGame/Classes/Misc/Adv1TutManager.uc"	"74"	"LOCAL_PLAYER_CONTEXT|GLOBAL_STORY_CONTEXT|AI_TARGET_CONTEXT"	"REVIEW_REQUIRED"	"Mixed legacy alias; inspect operation and callers before edits"	"B47D9F050DE1B7ED9719361741230B0F4F0D35F712A4B49806E13A5EB613CA9A"
"HGame/Classes/Misc/Adv1TutManager.uc"	"88"	"LOCAL_PLAYER_CONTEXT|GLOBAL_STORY_CONTEXT|AI_TARGET_CONTEXT"	"REVIEW_REQUIRED"	"Mixed legacy alias; inspect operation and callers before edits"	"B47D9F050DE1B7ED9719361741230B0F4F0D35F712A4B49806E13A5EB613CA9A"
"HGame/Classes/Misc/Adv1TutManager.uc"	"90"	"LOCAL_PLAYER_CONTEXT|GLOBAL_STORY_CONTEXT|AI_TARGET_CONTEXT"	"REVIEW_REQUIRED"	"Mixed legacy alias; inspect operation and callers before edits"	"B47D9F050DE1B7ED9719361741230B0F4F0D35F712A4B49806E13A5EB613CA9A"
"HGame/Classes/Misc/Adv1TutManager.uc"	"95"	"LOCAL_PLAYER_CONTEXT|GLOBAL_STORY_CONTEXT|AI_TARGET_CONTEXT"	"REVIEW_REQUIRED"	"Mixed legacy alias; inspect operation and callers before edits"	"B47D9F050DE1B7ED9719361741230B0F4F0D35F712A4B49806E13A5EB613CA9A"
"HGame/Classes/Misc/Adv1TutManager.uc"	"112"	"LOCAL_PLAYER_CONTEXT|GLOBAL_STORY_CONTEXT|AI_TARGET_CONTEXT"	"REVIEW_REQUIRED"	"Mixed legacy alias; inspect operation and callers before edits"	"B47D9F050DE1B7ED9719361741230B0F4F0D35F712A4B49806E13A5EB613CA9A"
"HGame/Classes/Misc/Adv1TutManager.uc"	"113"	"LOCAL_PLAYER_CONTEXT|GLOBAL_STORY_CONTEXT|AI_TARGET_CONTEXT"	"REVIEW_REQUIRED"	"Mixed legacy alias; inspect operation and callers before edits"	"B47D9F050DE1B7ED9719361741230B0F4F0D35F712A4B49806E13A5EB613CA9A"
"HGame/Classes/Misc/Adv1TutManager.uc"	"128"	"LOCAL_PLAYER_CONTEXT|GLOBAL_STORY_CONTEXT|AI_TARGET_CONTEXT"	"REVIEW_REQUIRED"	"Mixed legacy alias; inspect operation and callers before edits"	"B47D9F050DE1B7ED9719361741230B0F4F0D35F712A4B49806E13A5EB613CA9A"
"HGame/Classes/Misc/Adv1TutManager.uc"	"149"	"LOCAL_PLAYER_CONTEXT|GLOBAL_STORY_CONTEXT|AI_TARGET_CONTEXT"	"REVIEW_REQUIRED"	"Mixed legacy alias; inspect operation and callers before edits"	"B47D9F050DE1B7ED9719361741230B0F4F0D35F712A4B49806E13A5EB613CA9A"
"HGame/Classes/Misc/Adv1TutManager.uc"	"150"	"LOCAL_PLAYER_CONTEXT|GLOBAL_STORY_CONTEXT|AI_TARGET_CONTEXT"	"REVIEW_REQUIRED"	"Mixed legacy alias; inspect operation and callers before edits"	"B47D9F050DE1B7ED9719361741230B0F4F0D35F712A4B49806E13A5EB613CA9A"
"HGame/Classes/Misc/Adv1TutManager.uc"	"165"	"LOCAL_PLAYER_CONTEXT|GLOBAL_STORY_CONTEXT|AI_TARGET_CONTEXT"	"REVIEW_REQUIRED"	"Mixed legacy alias; inspect operation and callers before edits"	"B47D9F050DE1B7ED9719361741230B0F4F0D35F712A4B49806E13A5EB613CA9A"
"HGame/Classes/Misc/Adv1TutManager.uc"	"174"	"LOCAL_PLAYER_CONTEXT|GLOBAL_STORY_CONTEXT|AI_TARGET_CONTEXT"	"REVIEW_REQUIRED"	"Mixed legacy alias; inspect operation and callers before edits"	"B47D9F050DE1B7ED9719361741230B0F4F0D35F712A4B49806E13A5EB613CA9A"
"HGame/Classes/Misc/Adv1TutManager.uc"	"188"	"LOCAL_PLAYER_CONTEXT|GLOBAL_STORY_CONTEXT|AI_TARGET_CONTEXT"	"REVIEW_REQUIRED"	"Mixed legacy alias; inspect operation and callers before edits"	"B47D9F050DE1B7ED9719361741230B0F4F0D35F712A4B49806E13A5EB613CA9A"
"HGame/Classes/Misc/Adv1TutManager.uc"	"189"	"LOCAL_PLAYER_CONTEXT|GLOBAL_STORY_CONTEXT|AI_TARGET_CONTEXT"	"REVIEW_REQUIRED"	"Mixed legacy alias; inspect operation and callers before edits"	"B47D9F050DE1B7ED9719361741230B0F4F0D35F712A4B49806E13A5EB613CA9A"
"HGame/Classes/Misc/Adv1TutManager.uc"	"204"	"LOCAL_PLAYER_CONTEXT|GLOBAL_STORY_CONTEXT|AI_TARGET_CONTEXT"	"REVIEW_REQUIRED"	"Mixed legacy alias; inspect operation and callers before edits"	"B47D9F050DE1B7ED9719361741230B0F4F0D35F712A4B49806E13A5EB613CA9A"
"HGame/Classes/Misc/Adv1TutManager.uc"	"225"	"LOCAL_PLAYER_CONTEXT|GLOBAL_STORY_CONTEXT|AI_TARGET_CONTEXT"	"REVIEW_REQUIRED"	"Mixed legacy alias; inspect operation and callers before edits"	"B47D9F050DE1B7ED9719361741230B0F4F0D35F712A4B49806E13A5EB613CA9A"
"HGame/Classes/Misc/Adv1TutManager.uc"	"226"	"LOCAL_PLAYER_CONTEXT|GLOBAL_STORY_CONTEXT|AI_TARGET_CONTEXT"	"REVIEW_REQUIRED"	"Mixed legacy alias; inspect operation and callers before edits"	"B47D9F050DE1B7ED9719361741230B0F4F0D35F712A4B49806E13A5EB613CA9A"
"HGame/Classes/Misc/Adv1TutManager.uc"	"234"	"LOCAL_PLAYER_CONTEXT|GLOBAL_STORY_CONTEXT|AI_TARGET_CONTEXT"	"REVIEW_REQUIRED"	"Mixed legacy alias; inspect operation and callers before edits"	"B47D9F050DE1B7ED9719361741230B0F4F0D35F712A4B49806E13A5EB613CA9A"
"HGame/Classes/Misc/Adv1TutManager.uc"	"235"	"LOCAL_PLAYER_CONTEXT|GLOBAL_STORY_CONTEXT|AI_TARGET_CONTEXT"	"REVIEW_REQUIRED"	"Mixed legacy alias; inspect operation and callers before edits"	"B47D9F050DE1B7ED9719361741230B0F4F0D35F712A4B49806E13A5EB613CA9A"
"HGame/Classes/Misc/Adv1TutManager.uc"	"236"	"LOCAL_PLAYER_CONTEXT|GLOBAL_STORY_CONTEXT|AI_TARGET_CONTEXT"	"REVIEW_REQUIRED"	"Mixed legacy alias; inspect operation and callers before edits"	"B47D9F050DE1B7ED9719361741230B0F4F0D35F712A4B49806E13A5EB613CA9A"
"HGame/Classes/Misc/Adv1TutManager.uc"	"237"	"LOCAL_PLAYER_CONTEXT|GLOBAL_STORY_CONTEXT|AI_TARGET_CONTEXT"	"REVIEW_REQUIRED"	"Mixed legacy alias; inspect operation and callers before edits"	"B47D9F050DE1B7ED9719361741230B0F4F0D35F712A4B49806E13A5EB613CA9A"
"HGame/Classes/Misc/CeremonySTextures.uc"	"27"	"LOCAL_PLAYER_CONTEXT|GLOBAL_STORY_CONTEXT|AI_TARGET_CONTEXT"	"DECLARATION_OR_COMMENT"	"Lexical occurrence; not an executable operation"	"709725241FBB590389C41C85BC96A13E655B79EEA0B46D36398E5644504B9753"
"HGame/Classes/Misc/CeremonySTextures.uc"	"30"	"LOCAL_PLAYER_CONTEXT|GLOBAL_STORY_CONTEXT|AI_TARGET_CONTEXT"	"REVIEW_REQUIRED"	"Mixed legacy alias; inspect operation and callers before edits"	"709725241FBB590389C41C85BC96A13E655B79EEA0B46D36398E5644504B9753"
"HGame/Classes/Misc/CeremonySTextures.uc"	"32"	"LOCAL_PLAYER_CONTEXT|GLOBAL_STORY_CONTEXT|AI_TARGET_CONTEXT"	"REVIEW_REQUIRED"	"Mixed legacy alias; inspect operation and callers before edits"	"709725241FBB590389C41C85BC96A13E655B79EEA0B46D36398E5644504B9753"
"HGame/Classes/Misc/CeremonySTextures.uc"	"35"	"LOCAL_PLAYER_CONTEXT|GLOBAL_STORY_CONTEXT|AI_TARGET_CONTEXT"	"REVIEW_REQUIRED"	"Mixed legacy alias; inspect operation and callers before edits"	"709725241FBB590389C41C85BC96A13E655B79EEA0B46D36398E5644504B9753"
"HGame/Classes/Misc/CeremonySTextures.uc"	"77"	"LOCAL_PLAYER_CONTEXT|GLOBAL_STORY_CONTEXT|AI_TARGET_CONTEXT"	"REVIEW_REQUIRED"	"Mixed legacy alias; inspect operation and callers before edits"	"709725241FBB590389C41C85BC96A13E655B79EEA0B46D36398E5644504B9753"
"HGame/Classes/Misc/CeremonySTextures.uc"	"81"	"LOCAL_PLAYER_CONTEXT|GLOBAL_STORY_CONTEXT|AI_TARGET_CONTEXT"	"REVIEW_REQUIRED"	"Mixed legacy alias; inspect operation and callers before edits"	"709725241FBB590389C41C85BC96A13E655B79EEA0B46D36398E5644504B9753"
"HGame/Classes/Misc/CeremonySTextures.uc"	"86"	"LOCAL_PLAYER_CONTEXT|GLOBAL_STORY_CONTEXT|AI_TARGET_CONTEXT"	"REVIEW_REQUIRED"	"Mixed legacy alias; inspect operation and callers before edits"	"709725241FBB590389C41C85BC96A13E655B79EEA0B46D36398E5644504B9753"
"HGame/Classes/Misc/CeremonySTextures.uc"	"106"	"LOCAL_PLAYER_CONTEXT|GLOBAL_STORY_CONTEXT|AI_TARGET_CONTEXT"	"REVIEW_REQUIRED"	"Mixed legacy alias; inspect operation and callers before edits"	"709725241FBB590389C41C85BC96A13E655B79EEA0B46D36398E5644504B9753"
"HGame/Classes/Misc/CauldronMixing.uc"	"57"	"LOCAL_PLAYER_CONTEXT|GLOBAL_STORY_CONTEXT|AI_TARGET_CONTEXT"	"REVIEW_REQUIRED"	"Mixed legacy alias; inspect operation and callers before edits"	"8FDC585A0A4A87781D9E6A609169C6B73264236A234218AA9E6A8A22A59AB5CE"
"HGame/Classes/Misc/CauldronMixing.uc"	"67"	"LOCAL_PLAYER_CONTEXT|GLOBAL_STORY_CONTEXT|AI_TARGET_CONTEXT"	"REVIEW_REQUIRED"	"Mixed legacy alias; inspect operation and callers before edits"	"8FDC585A0A4A87781D9E6A609169C6B73264236A234218AA9E6A8A22A59AB5CE"
"HGame/Classes/Misc/CauldronMixing.uc"	"68"	"LOCAL_PLAYER_CONTEXT|GLOBAL_STORY_CONTEXT|AI_TARGET_CONTEXT"	"REVIEW_REQUIRED"	"Mixed legacy alias; inspect operation and callers before edits"	"8FDC585A0A4A87781D9E6A609169C6B73264236A234218AA9E6A8A22A59AB5CE"
"HGame/Classes/Misc/CauldronMixing.uc"	"95"	"LOCAL_PLAYER_CONTEXT|GLOBAL_STORY_CONTEXT|AI_TARGET_CONTEXT"	"REVIEW_REQUIRED"	"Mixed legacy alias; inspect operation and callers before edits"	"8FDC585A0A4A87781D9E6A609169C6B73264236A234218AA9E6A8A22A59AB5CE"
"HGame/Classes/Misc/CauldronMixing.uc"	"101"	"LOCAL_PLAYER_CONTEXT|GLOBAL_STORY_CONTEXT|AI_TARGET_CONTEXT"	"REVIEW_REQUIRED"	"Mixed legacy alias; inspect operation and callers before edits"	"8FDC585A0A4A87781D9E6A609169C6B73264236A234218AA9E6A8A22A59AB5CE"
"HGame/Classes/Misc/CauldronMixing.uc"	"231"	"LOCAL_PLAYER_CONTEXT|GLOBAL_STORY_CONTEXT|AI_TARGET_CONTEXT"	"REVIEW_REQUIRED"	"Mixed legacy alias; inspect operation and callers before edits"	"8FDC585A0A4A87781D9E6A609169C6B73264236A234218AA9E6A8A22A59AB5CE"
"HGame/Classes/Misc/CauldronMixing.uc"	"240"	"LOCAL_PLAYER_CONTEXT|GLOBAL_STORY_CONTEXT|AI_TARGET_CONTEXT"	"REVIEW_REQUIRED"	"Mixed legacy alias; inspect operation and callers before edits"	"8FDC585A0A4A87781D9E6A609169C6B73264236A234218AA9E6A8A22A59AB5CE"
"HGame/Classes/Misc/CauldronMixing.uc"	"266"	"LOCAL_PLAYER_CONTEXT|GLOBAL_STORY_CONTEXT|AI_TARGET_CONTEXT"	"REVIEW_REQUIRED"	"Mixed legacy alias; inspect operation and callers before edits"	"8FDC585A0A4A87781D9E6A609169C6B73264236A234218AA9E6A8A22A59AB5CE"
"HGame/Classes/Misc/CauldronMixing.uc"	"281"	"LOCAL_PLAYER_CONTEXT|GLOBAL_STORY_CONTEXT|AI_TARGET_CONTEXT"	"REVIEW_REQUIRED"	"Mixed legacy alias; inspect operation and callers before edits"	"8FDC585A0A4A87781D9E6A609169C6B73264236A234218AA9E6A8A22A59AB5CE"
"HGame/Classes/Misc/CauldronMixing.uc"	"283"	"LOCAL_PLAYER_CONTEXT|GLOBAL_STORY_CONTEXT|AI_TARGET_CONTEXT"	"REVIEW_REQUIRED"	"Mixed legacy alias; inspect operation and callers before edits"	"8FDC585A0A4A87781D9E6A609169C6B73264236A234218AA9E6A8A22A59AB5CE"
"HGame/Classes/Misc/Ectoplasma.uc"	"27"	"LOCAL_PLAYER_CONTEXT|GLOBAL_STORY_CONTEXT|AI_TARGET_CONTEXT"	"REVIEW_REQUIRED"	"Mixed legacy alias; inspect operation and callers before edits"	"9C080D10BA203D7AF32865BD40F5D90EDF11174DA0F39E1BA07C11409A52C5B4"
"HGame/Classes/Misc/Ectoplasma.uc"	"162"	"LOCAL_PLAYER_CONTEXT|GLOBAL_STORY_CONTEXT|AI_TARGET_CONTEXT"	"REVIEW_REQUIRED"	"Mixed legacy alias; inspect operation and callers before edits"	"9C080D10BA203D7AF32865BD40F5D90EDF11174DA0F39E1BA07C11409A52C5B4"
"HGame/Classes/Misc/Ectoplasma.uc"	"222"	"LOCAL_PLAYER_CONTEXT|GLOBAL_STORY_CONTEXT|AI_TARGET_CONTEXT"	"REVIEW_REQUIRED"	"Mixed legacy alias; inspect operation and callers before edits"	"9C080D10BA203D7AF32865BD40F5D90EDF11174DA0F39E1BA07C11409A52C5B4"
"HGame/Classes/Misc/Doxie1.uc"	"78"	"LOCAL_PLAYER_CONTEXT|GLOBAL_STORY_CONTEXT|AI_TARGET_CONTEXT"	"REVIEW_REQUIRED"	"Mixed legacy alias; inspect operation and callers before edits"	"59643A390D53288638FB65380C0E37E000D576D6E525349E8DB230DE8F55A70B"
"HGame/Classes/Misc/Doxie1.uc"	"99"	"LOCAL_PLAYER_CONTEXT|GLOBAL_STORY_CONTEXT|AI_TARGET_CONTEXT"	"REVIEW_REQUIRED"	"Mixed legacy alias; inspect operation and callers before edits"	"59643A390D53288638FB65380C0E37E000D576D6E525349E8DB230DE8F55A70B"
"HGame/Classes/Misc/Doxie1.uc"	"109"	"LOCAL_PLAYER_CONTEXT|GLOBAL_STORY_CONTEXT|AI_TARGET_CONTEXT"	"REVIEW_REQUIRED"	"Mixed legacy alias; inspect operation and callers before edits"	"59643A390D53288638FB65380C0E37E000D576D6E525349E8DB230DE8F55A70B"
"HGame/Classes/Misc/Doxie1.uc"	"127"	"LOCAL_PLAYER_CONTEXT|GLOBAL_STORY_CONTEXT|AI_TARGET_CONTEXT"	"REVIEW_REQUIRED"	"Mixed legacy alias; inspect operation and callers before edits"	"59643A390D53288638FB65380C0E37E000D576D6E525349E8DB230DE8F55A70B"
"HGame/Classes/Misc/Doxie1.uc"	"136"	"LOCAL_PLAYER_CONTEXT|GLOBAL_STORY_CONTEXT|AI_TARGET_CONTEXT"	"REVIEW_REQUIRED"	"Mixed legacy alias; inspect operation and callers before edits"	"59643A390D53288638FB65380C0E37E000D576D6E525349E8DB230DE8F55A70B"
"HGame/Classes/Misc/Doxie1.uc"	"150"	"LOCAL_PLAYER_CONTEXT|GLOBAL_STORY_CONTEXT|AI_TARGET_CONTEXT"	"REVIEW_REQUIRED"	"Mixed legacy alias; inspect operation and callers before edits"	"59643A390D53288638FB65380C0E37E000D576D6E525349E8DB230DE8F55A70B"
"HGame/Classes/Misc/Doxie1.uc"	"160"	"LOCAL_PLAYER_CONTEXT|GLOBAL_STORY_CONTEXT|AI_TARGET_CONTEXT"	"REVIEW_REQUIRED"	"Mixed legacy alias; inspect operation and callers before edits"	"59643A390D53288638FB65380C0E37E000D576D6E525349E8DB230DE8F55A70B"
"HGame/Classes/Misc/Doxie1.uc"	"170"	"LOCAL_PLAYER_CONTEXT|GLOBAL_STORY_CONTEXT|AI_TARGET_CONTEXT"	"REVIEW_REQUIRED"	"Mixed legacy alias; inspect operation and callers before edits"	"59643A390D53288638FB65380C0E37E000D576D6E525349E8DB230DE8F55A70B"
"HGame/Classes/Misc/Doxie1.uc"	"172"	"LOCAL_PLAYER_CONTEXT|GLOBAL_STORY_CONTEXT|AI_TARGET_CONTEXT"	"REVIEW_REQUIRED"	"Mixed legacy alias; inspect operation and callers before edits"	"59643A390D53288638FB65380C0E37E000D576D6E525349E8DB230DE8F55A70B"
"HGame/Classes/Misc/Doxie1.uc"	"178"	"LOCAL_PLAYER_CONTEXT|GLOBAL_STORY_CONTEXT|AI_TARGET_CONTEXT"	"REVIEW_REQUIRED"	"Mixed legacy alias; inspect operation and callers before edits"	"59643A390D53288638FB65380C0E37E000D576D6E525349E8DB230DE8F55A70B"
"HGame/Classes/Misc/Doxie1.uc"	"180"	"LOCAL_PLAYER_CONTEXT|GLOBAL_STORY_CONTEXT|AI_TARGET_CONTEXT"	"REVIEW_REQUIRED"	"Mixed legacy alias; inspect operation and callers before edits"	"59643A390D53288638FB65380C0E37E000D576D6E525349E8DB230DE8F55A70B"
"HGame/Classes/Misc/Doxie1.uc"	"188"	"LOCAL_PLAYER_CONTEXT|GLOBAL_STORY_CONTEXT|AI_TARGET_CONTEXT"	"REVIEW_REQUIRED"	"Mixed legacy alias; inspect operation and callers before edits"	"59643A390D53288638FB65380C0E37E000D576D6E525349E8DB230DE8F55A70B"
"HGame/Classes/Misc/Doxie1.uc"	"191"	"LOCAL_PLAYER_CONTEXT|GLOBAL_STORY_CONTEXT|AI_TARGET_CONTEXT"	"REVIEW_REQUIRED"	"Mixed legacy alias; inspect operation and callers before edits"	"59643A390D53288638FB65380C0E37E000D576D6E525349E8DB230DE8F55A70B"
"HGame/Classes/Misc/Doxie1.uc"	"199"	"LOCAL_PLAYER_CONTEXT|GLOBAL_STORY_CONTEXT|AI_TARGET_CONTEXT"	"REVIEW_REQUIRED"	"Mixed legacy alias; inspect operation and callers before edits"	"59643A390D53288638FB65380C0E37E000D576D6E525349E8DB230DE8F55A70B"
"HGame/Classes/Misc/Doxie1.uc"	"206"	"LOCAL_PLAYER_CONTEXT|GLOBAL_STORY_CONTEXT|AI_TARGET_CONTEXT"	"REVIEW_REQUIRED"	"Mixed legacy alias; inspect operation and callers before edits"	"59643A390D53288638FB65380C0E37E000D576D6E525349E8DB230DE8F55A70B"
"HGame/Classes/Misc/Doxie1.uc"	"219"	"LOCAL_PLAYER_CONTEXT|GLOBAL_STORY_CONTEXT|AI_TARGET_CONTEXT"	"REVIEW_REQUIRED"	"Mixed legacy alias; inspect operation and callers before edits"	"59643A390D53288638FB65380C0E37E000D576D6E525349E8DB230DE8F55A70B"
"HGame/Classes/Misc/Doxie1.uc"	"271"	"LOCAL_PLAYER_CONTEXT|GLOBAL_STORY_CONTEXT|AI_TARGET_CONTEXT"	"REVIEW_REQUIRED"	"Mixed legacy alias; inspect operation and callers before edits"	"59643A390D53288638FB65380C0E37E000D576D6E525349E8DB230DE8F55A70B"
"HGame/Classes/Misc/Doxie1.uc"	"285"	"LOCAL_PLAYER_CONTEXT|GLOBAL_STORY_CONTEXT|AI_TARGET_CONTEXT"	"REVIEW_REQUIRED"	"Mixed legacy alias; inspect operation and callers before edits"	"59643A390D53288638FB65380C0E37E000D576D6E525349E8DB230DE8F55A70B"
"HGame/Classes/Misc/Doxie1.uc"	"289"	"LOCAL_PLAYER_CONTEXT|GLOBAL_STORY_CONTEXT|AI_TARGET_CONTEXT"	"REVIEW_REQUIRED"	"Mixed legacy alias; inspect operation and callers before edits"	"59643A390D53288638FB65380C0E37E000D576D6E525349E8DB230DE8F55A70B"
"HGame/Classes/Props/Boeing747.uc"	"26"	"LOCAL_PLAYER_CONTEXT|GLOBAL_STORY_CONTEXT|AI_TARGET_CONTEXT"	"REVIEW_REQUIRED"	"Mixed legacy alias; inspect operation and callers before edits"	"7C3DF95B610FA5B2BBC6F0E6FF8A4DA12582CE0853DC5C34B1B8C51C0253D248"
"HGame/Classes/Misc/FadeViewController.uc"	"12"	"LOCAL_PLAYER_CONTEXT|GLOBAL_STORY_CONTEXT|AI_TARGET_CONTEXT"	"DECLARATION_OR_COMMENT"	"Lexical occurrence; not an executable operation"	"021B547C6D2888422F18BB02AC2C1ED91A0326FDB53A666374CD458815469E98"
"HGame/Classes/Misc/FadeViewController.uc"	"17"	"LOCAL_PLAYER_CONTEXT|GLOBAL_STORY_CONTEXT|AI_TARGET_CONTEXT"	"REVIEW_REQUIRED"	"Mixed legacy alias; inspect operation and callers before edits"	"021B547C6D2888422F18BB02AC2C1ED91A0326FDB53A666374CD458815469E98"
"HGame/Classes/Misc/FadeViewController.uc"	"19"	"LOCAL_PLAYER_CONTEXT|GLOBAL_STORY_CONTEXT|AI_TARGET_CONTEXT"	"REVIEW_REQUIRED"	"Mixed legacy alias; inspect operation and callers before edits"	"021B547C6D2888422F18BB02AC2C1ED91A0326FDB53A666374CD458815469E98"
"HGame/Classes/Misc/FadeViewController.uc"	"33"	"LOCAL_PLAYER_CONTEXT|GLOBAL_STORY_CONTEXT|AI_TARGET_CONTEXT"	"REVIEW_REQUIRED"	"Mixed legacy alias; inspect operation and callers before edits"	"021B547C6D2888422F18BB02AC2C1ED91A0326FDB53A666374CD458815469E98"
"HGame/Classes/Misc/FadeViewController.uc"	"39"	"LOCAL_PLAYER_CONTEXT|GLOBAL_STORY_CONTEXT|AI_TARGET_CONTEXT"	"REVIEW_REQUIRED"	"Mixed legacy alias; inspect operation and callers before edits"	"021B547C6D2888422F18BB02AC2C1ED91A0326FDB53A666374CD458815469E98"
"HGame/Classes/Misc/FadeViewController.uc"	"41"	"LOCAL_PLAYER_CONTEXT|GLOBAL_STORY_CONTEXT|AI_TARGET_CONTEXT"	"REVIEW_REQUIRED"	"Mixed legacy alias; inspect operation and callers before edits"	"021B547C6D2888422F18BB02AC2C1ED91A0326FDB53A666374CD458815469E98"
"HGame/Classes/Misc/FadeViewController.uc"	"79"	"LOCAL_PLAYER_CONTEXT|GLOBAL_STORY_CONTEXT|AI_TARGET_CONTEXT"	"REVIEW_REQUIRED"	"Mixed legacy alias; inspect operation and callers before edits"	"021B547C6D2888422F18BB02AC2C1ED91A0326FDB53A666374CD458815469E98"
"HGame/Classes/Misc/FadeViewController.uc"	"80"	"LOCAL_PLAYER_CONTEXT|GLOBAL_STORY_CONTEXT|AI_TARGET_CONTEXT"	"REVIEW_REQUIRED"	"Mixed legacy alias; inspect operation and callers before edits"	"021B547C6D2888422F18BB02AC2C1ED91A0326FDB53A666374CD458815469E98"
"HGame/Classes/Misc/FadeViewController.uc"	"81"	"LOCAL_PLAYER_CONTEXT|GLOBAL_STORY_CONTEXT|AI_TARGET_CONTEXT"	"REVIEW_REQUIRED"	"Mixed legacy alias; inspect operation and callers before edits"	"021B547C6D2888422F18BB02AC2C1ED91A0326FDB53A666374CD458815469E98"
"HGame/Classes/Misc/FadeViewController.uc"	"82"	"LOCAL_PLAYER_CONTEXT|GLOBAL_STORY_CONTEXT|AI_TARGET_CONTEXT"	"REVIEW_REQUIRED"	"Mixed legacy alias; inspect operation and callers before edits"	"021B547C6D2888422F18BB02AC2C1ED91A0326FDB53A666374CD458815469E98"
"HGame/Classes/Misc/FadeViewController.uc"	"93"	"LOCAL_PLAYER_CONTEXT|GLOBAL_STORY_CONTEXT|AI_TARGET_CONTEXT"	"REVIEW_REQUIRED"	"Mixed legacy alias; inspect operation and callers before edits"	"021B547C6D2888422F18BB02AC2C1ED91A0326FDB53A666374CD458815469E98"
"HGame/Classes/Misc/FadeViewController.uc"	"109"	"LOCAL_PLAYER_CONTEXT|GLOBAL_STORY_CONTEXT|AI_TARGET_CONTEXT"	"REVIEW_REQUIRED"	"Mixed legacy alias; inspect operation and callers before edits"	"021B547C6D2888422F18BB02AC2C1ED91A0326FDB53A666374CD458815469E98"
"HGame/Classes/Misc/FadeViewController.uc"	"110"	"LOCAL_PLAYER_CONTEXT|GLOBAL_STORY_CONTEXT|AI_TARGET_CONTEXT"	"REVIEW_REQUIRED"	"Mixed legacy alias; inspect operation and callers before edits"	"021B547C6D2888422F18BB02AC2C1ED91A0326FDB53A666374CD458815469E98"
"HGame/Classes/Misc/FadeViewController.uc"	"111"	"LOCAL_PLAYER_CONTEXT|GLOBAL_STORY_CONTEXT|AI_TARGET_CONTEXT"	"REVIEW_REQUIRED"	"Mixed legacy alias; inspect operation and callers before edits"	"021B547C6D2888422F18BB02AC2C1ED91A0326FDB53A666374CD458815469E98"
"HGame/Classes/Misc/FadeViewController.uc"	"112"	"LOCAL_PLAYER_CONTEXT|GLOBAL_STORY_CONTEXT|AI_TARGET_CONTEXT"	"REVIEW_REQUIRED"	"Mixed legacy alias; inspect operation and callers before edits"	"021B547C6D2888422F18BB02AC2C1ED91A0326FDB53A666374CD458815469E98"
"HGame/Classes/Misc/FadeViewController.uc"	"116"	"LOCAL_PLAYER_CONTEXT|GLOBAL_STORY_CONTEXT|AI_TARGET_CONTEXT"	"REVIEW_REQUIRED"	"Mixed legacy alias; inspect operation and callers before edits"	"021B547C6D2888422F18BB02AC2C1ED91A0326FDB53A666374CD458815469E98"
"HGame/Classes/Misc/FadeViewController.uc"	"123"	"LOCAL_PLAYER_CONTEXT|GLOBAL_STORY_CONTEXT|AI_TARGET_CONTEXT"	"REVIEW_REQUIRED"	"Mixed legacy alias; inspect operation and callers before edits"	"021B547C6D2888422F18BB02AC2C1ED91A0326FDB53A666374CD458815469E98"
"HGame/Classes/Misc/FadeViewController.uc"	"132"	"LOCAL_PLAYER_CONTEXT|GLOBAL_STORY_CONTEXT|AI_TARGET_CONTEXT"	"REVIEW_REQUIRED"	"Mixed legacy alias; inspect operation and callers before edits"	"021B547C6D2888422F18BB02AC2C1ED91A0326FDB53A666374CD458815469E98"
"HGame/Classes/Misc/FadeViewController.uc"	"136"	"LOCAL_PLAYER_CONTEXT|GLOBAL_STORY_CONTEXT|AI_TARGET_CONTEXT"	"REVIEW_REQUIRED"	"Mixed legacy alias; inspect operation and callers before edits"	"021B547C6D2888422F18BB02AC2C1ED91A0326FDB53A666374CD458815469E98"
"HGame/Classes/Misc/FadeActorController.uc"	"13"	"LOCAL_PLAYER_CONTEXT|GLOBAL_STORY_CONTEXT|AI_TARGET_CONTEXT"	"DECLARATION_OR_COMMENT"	"Lexical occurrence; not an executable operation"	"A04717F94B8CA3929A87BEE2AD9711D969636699716249B03DFBCA2BA6BAC130"
"HGame/Classes/Misc/FadeActorController.uc"	"18"	"LOCAL_PLAYER_CONTEXT|GLOBAL_STORY_CONTEXT|AI_TARGET_CONTEXT"	"REVIEW_REQUIRED"	"Mixed legacy alias; inspect operation and callers before edits"	"A04717F94B8CA3929A87BEE2AD9711D969636699716249B03DFBCA2BA6BAC130"
"HGame/Classes/Misc/FadeActorController.uc"	"29"	"LOCAL_PLAYER_CONTEXT|GLOBAL_STORY_CONTEXT|AI_TARGET_CONTEXT"	"REVIEW_REQUIRED"	"Mixed legacy alias; inspect operation and callers before edits"	"A04717F94B8CA3929A87BEE2AD9711D969636699716249B03DFBCA2BA6BAC130"
"HGame/Classes/Misc/FadeActorController.uc"	"42"	"LOCAL_PLAYER_CONTEXT|GLOBAL_STORY_CONTEXT|AI_TARGET_CONTEXT"	"REVIEW_REQUIRED"	"Mixed legacy alias; inspect operation and callers before edits"	"A04717F94B8CA3929A87BEE2AD9711D969636699716249B03DFBCA2BA6BAC130"
"HGame/Classes/Misc/FOVController.uc"	"16"	"LOCAL_PLAYER_CONTEXT|GLOBAL_STORY_CONTEXT|AI_TARGET_CONTEXT"	"DECLARATION_OR_COMMENT"	"Lexical occurrence; not an executable operation"	"E6CEBDE833B7BB4859FCF917FFA7CD788FE0322ECC3053A5566B682CD61FD69D"
"HGame/Classes/Misc/FOVController.uc"	"49"	"LOCAL_PLAYER_CONTEXT|GLOBAL_STORY_CONTEXT|AI_TARGET_CONTEXT"	"REVIEW_REQUIRED"	"Mixed legacy alias; inspect operation and callers before edits"	"E6CEBDE833B7BB4859FCF917FFA7CD788FE0322ECC3053A5566B682CD61FD69D"
"HGame/Classes/Misc/FOVController.uc"	"51"	"LOCAL_PLAYER_CONTEXT|GLOBAL_STORY_CONTEXT|AI_TARGET_CONTEXT"	"DECLARATION_OR_COMMENT"	"Lexical occurrence; not an executable operation"	"E6CEBDE833B7BB4859FCF917FFA7CD788FE0322ECC3053A5566B682CD61FD69D"
"HGame/Classes/Misc/FOVController.uc"	"53"	"LOCAL_PLAYER_CONTEXT|GLOBAL_STORY_CONTEXT|AI_TARGET_CONTEXT"	"REVIEW_REQUIRED"	"Mixed legacy alias; inspect operation and callers before edits"	"E6CEBDE833B7BB4859FCF917FFA7CD788FE0322ECC3053A5566B682CD61FD69D"
"HGame/Classes/Misc/FOVController.uc"	"63"	"LOCAL_PLAYER_CONTEXT|GLOBAL_STORY_CONTEXT|AI_TARGET_CONTEXT"	"REVIEW_REQUIRED"	"Mixed legacy alias; inspect operation and callers before edits"	"E6CEBDE833B7BB4859FCF917FFA7CD788FE0322ECC3053A5566B682CD61FD69D"
"HGame/Classes/Misc/FOVController.uc"	"66"	"LOCAL_PLAYER_CONTEXT|GLOBAL_STORY_CONTEXT|AI_TARGET_CONTEXT"	"REVIEW_REQUIRED"	"Mixed legacy alias; inspect operation and callers before edits"	"E6CEBDE833B7BB4859FCF917FFA7CD788FE0322ECC3053A5566B682CD61FD69D"
"HGame/Classes/Misc/FOVController.uc"	"76"	"LOCAL_PLAYER_CONTEXT|GLOBAL_STORY_CONTEXT|AI_TARGET_CONTEXT"	"REVIEW_REQUIRED"	"Mixed legacy alias; inspect operation and callers before edits"	"E6CEBDE833B7BB4859FCF917FFA7CD788FE0322ECC3053A5566B682CD61FD69D"
"HGame/Classes/Misc/FOVController.uc"	"78"	"LOCAL_PLAYER_CONTEXT|GLOBAL_STORY_CONTEXT|AI_TARGET_CONTEXT"	"REVIEW_REQUIRED"	"Mixed legacy alias; inspect operation and callers before edits"	"E6CEBDE833B7BB4859FCF917FFA7CD788FE0322ECC3053A5566B682CD61FD69D"
"HGame/Classes/Misc/FOVController.uc"	"102"	"LOCAL_PLAYER_CONTEXT|GLOBAL_STORY_CONTEXT|AI_TARGET_CONTEXT"	"DECLARATION_OR_COMMENT"	"Lexical occurrence; not an executable operation"	"E6CEBDE833B7BB4859FCF917FFA7CD788FE0322ECC3053A5566B682CD61FD69D"
"HGame/Classes/Misc/FOVController.uc"	"104"	"LOCAL_PLAYER_CONTEXT|GLOBAL_STORY_CONTEXT|AI_TARGET_CONTEXT"	"REVIEW_REQUIRED"	"Mixed legacy alias; inspect operation and callers before edits"	"E6CEBDE833B7BB4859FCF917FFA7CD788FE0322ECC3053A5566B682CD61FD69D"
"HGame/Classes/Misc/FOVController.uc"	"106"	"LOCAL_PLAYER_CONTEXT|GLOBAL_STORY_CONTEXT|AI_TARGET_CONTEXT"	"REVIEW_REQUIRED"	"Mixed legacy alias; inspect operation and callers before edits"	"E6CEBDE833B7BB4859FCF917FFA7CD788FE0322ECC3053A5566B682CD61FD69D"
"HGame/Classes/Misc/FOVController.uc"	"110"	"LOCAL_PLAYER_CONTEXT|GLOBAL_STORY_CONTEXT|AI_TARGET_CONTEXT"	"REVIEW_REQUIRED"	"Mixed legacy alias; inspect operation and callers before edits"	"E6CEBDE833B7BB4859FCF917FFA7CD788FE0322ECC3053A5566B682CD61FD69D"
"HGame/Classes/Misc/FOVController.uc"	"112"	"LOCAL_PLAYER_CONTEXT|GLOBAL_STORY_CONTEXT|AI_TARGET_CONTEXT"	"REVIEW_REQUIRED"	"Mixed legacy alias; inspect operation and callers before edits"	"E6CEBDE833B7BB4859FCF917FFA7CD788FE0322ECC3053A5566B682CD61FD69D"
"HGame/Classes/Misc/FOVController.uc"	"114"	"LOCAL_PLAYER_CONTEXT|GLOBAL_STORY_CONTEXT|AI_TARGET_CONTEXT"	"REVIEW_REQUIRED"	"Mixed legacy alias; inspect operation and callers before edits"	"E6CEBDE833B7BB4859FCF917FFA7CD788FE0322ECC3053A5566B682CD61FD69D"
"HGame/Classes/Misc/FOVController.uc"	"118"	"LOCAL_PLAYER_CONTEXT|GLOBAL_STORY_CONTEXT|AI_TARGET_CONTEXT"	"REVIEW_REQUIRED"	"Mixed legacy alias; inspect operation and callers before edits"	"E6CEBDE833B7BB4859FCF917FFA7CD788FE0322ECC3053A5566B682CD61FD69D"
"HGame/Classes/Misc/FOVController.uc"	"121"	"LOCAL_PLAYER_CONTEXT|GLOBAL_STORY_CONTEXT|AI_TARGET_CONTEXT"	"DECLARATION_OR_COMMENT"	"Lexical occurrence; not an executable operation"	"E6CEBDE833B7BB4859FCF917FFA7CD788FE0322ECC3053A5566B682CD61FD69D"
"HGame/Classes/Misc/FOVController.uc"	"122"	"LOCAL_PLAYER_CONTEXT|GLOBAL_STORY_CONTEXT|AI_TARGET_CONTEXT"	"DECLARATION_OR_COMMENT"	"Lexical occurrence; not an executable operation"	"E6CEBDE833B7BB4859FCF917FFA7CD788FE0322ECC3053A5566B682CD61FD69D"
"HGame/Classes/Misc/FOVController.uc"	"124"	"LOCAL_PLAYER_CONTEXT|GLOBAL_STORY_CONTEXT|AI_TARGET_CONTEXT"	"REVIEW_REQUIRED"	"Mixed legacy alias; inspect operation and callers before edits"	"E6CEBDE833B7BB4859FCF917FFA7CD788FE0322ECC3053A5566B682CD61FD69D"
"HGame/Classes/Misc/FOVController.uc"	"140"	"LOCAL_PLAYER_CONTEXT|GLOBAL_STORY_CONTEXT|AI_TARGET_CONTEXT"	"DECLARATION_OR_COMMENT"	"Lexical occurrence; not an executable operation"	"E6CEBDE833B7BB4859FCF917FFA7CD788FE0322ECC3053A5566B682CD61FD69D"
"HGame/Classes/Misc/FOVController.uc"	"142"	"LOCAL_PLAYER_CONTEXT|GLOBAL_STORY_CONTEXT|AI_TARGET_CONTEXT"	"REVIEW_REQUIRED"	"Mixed legacy alias; inspect operation and callers before edits"	"E6CEBDE833B7BB4859FCF917FFA7CD788FE0322ECC3053A5566B682CD61FD69D"
"HGame/Classes/Misc/FOVController.uc"	"143"	"LOCAL_PLAYER_CONTEXT|GLOBAL_STORY_CONTEXT|AI_TARGET_CONTEXT"	"DECLARATION_OR_COMMENT"	"Lexical occurrence; not an executable operation"	"E6CEBDE833B7BB4859FCF917FFA7CD788FE0322ECC3053A5566B682CD61FD69D"
"HGame/Classes/Misc/FOVController.uc"	"147"	"LOCAL_PLAYER_CONTEXT|GLOBAL_STORY_CONTEXT|AI_TARGET_CONTEXT"	"DECLARATION_OR_COMMENT"	"Lexical occurrence; not an executable operation"	"E6CEBDE833B7BB4859FCF917FFA7CD788FE0322ECC3053A5566B682CD61FD69D"
"HGame/Classes/Misc/FOVController.uc"	"149"	"LOCAL_PLAYER_CONTEXT|GLOBAL_STORY_CONTEXT|AI_TARGET_CONTEXT"	"REVIEW_REQUIRED"	"Mixed legacy alias; inspect operation and callers before edits"	"E6CEBDE833B7BB4859FCF917FFA7CD788FE0322ECC3053A5566B682CD61FD69D"
"HGame/Classes/Misc/FOVController.uc"	"150"	"LOCAL_PLAYER_CONTEXT|GLOBAL_STORY_CONTEXT|AI_TARGET_CONTEXT"	"DECLARATION_OR_COMMENT"	"Lexical occurrence; not an executable operation"	"E6CEBDE833B7BB4859FCF917FFA7CD788FE0322ECC3053A5566B682CD61FD69D"
"HGame/Classes/Misc/FOVController.uc"	"153"	"LOCAL_PLAYER_CONTEXT|GLOBAL_STORY_CONTEXT|AI_TARGET_CONTEXT"	"DECLARATION_OR_COMMENT"	"Lexical occurrence; not an executable operation"	"E6CEBDE833B7BB4859FCF917FFA7CD788FE0322ECC3053A5566B682CD61FD69D"
"HGame/Classes/Misc/FOVController.uc"	"154"	"LOCAL_PLAYER_CONTEXT|GLOBAL_STORY_CONTEXT|AI_TARGET_CONTEXT"	"REVIEW_REQUIRED"	"Mixed legacy alias; inspect operation and callers before edits"	"E6CEBDE833B7BB4859FCF917FFA7CD788FE0322ECC3053A5566B682CD61FD69D"
"HGame/Classes/Misc/FOVController.uc"	"156"	"LOCAL_PLAYER_CONTEXT|GLOBAL_STORY_CONTEXT|AI_TARGET_CONTEXT"	"REVIEW_REQUIRED"	"Mixed legacy alias; inspect operation and callers before edits"	"E6CEBDE833B7BB4859FCF917FFA7CD788FE0322ECC3053A5566B682CD61FD69D"
"HGame/Classes/Misc/FOVController.uc"	"160"	"LOCAL_PLAYER_CONTEXT|GLOBAL_STORY_CONTEXT|AI_TARGET_CONTEXT"	"REVIEW_REQUIRED"	"Mixed legacy alias; inspect operation and callers before edits"	"E6CEBDE833B7BB4859FCF917FFA7CD788FE0322ECC3053A5566B682CD61FD69D"
"HGame/Classes/Misc/HAlohomora.uc"	"12"	"LOCAL_PLAYER_CONTEXT|GLOBAL_STORY_CONTEXT|AI_TARGET_CONTEXT"	"REVIEW_REQUIRED"	"Mixed legacy alias; inspect operation and callers before edits"	"182F9280272A7C367D9C0803F5630C0D6D8D5E06B467E1E5032AE0A819040CBF"
"HGame/Classes/Misc/gargoyle.uc"	"26"	"LOCAL_PLAYER_CONTEXT|GLOBAL_STORY_CONTEXT|AI_TARGET_CONTEXT"	"REVIEW_REQUIRED"	"Mixed legacy alias; inspect operation and callers before edits"	"DAD22B913DDE24935718EB39845D5D4672E6E6F730F43D3F68552DA352A9699D"
"HGame/Classes/Misc/gargoyle.uc"	"29"	"LOCAL_PLAYER_CONTEXT|GLOBAL_STORY_CONTEXT|AI_TARGET_CONTEXT"	"REVIEW_REQUIRED"	"Mixed legacy alias; inspect operation and callers before edits"	"DAD22B913DDE24935718EB39845D5D4672E6E6F730F43D3F68552DA352A9699D"
"HGame/Classes/Misc/FlyingFordDirector.uc"	"15"	"LOCAL_PLAYER_CONTEXT|GLOBAL_STORY_CONTEXT|AI_TARGET_CONTEXT"	"DECLARATION_OR_COMMENT"	"Lexical occurrence; not an executable operation"	"2C4B0E692D18E54E3D8A37C2586C1A831082B3BC926754B382DF3D1E97A6E22C"
"HGame/Classes/Misc/FlyingFordDirector.uc"	"54"	"LOCAL_PLAYER_CONTEXT|GLOBAL_STORY_CONTEXT|AI_TARGET_CONTEXT"	"REVIEW_REQUIRED"	"Mixed legacy alias; inspect operation and callers before edits"	"2C4B0E692D18E54E3D8A37C2586C1A831082B3BC926754B382DF3D1E97A6E22C"
"HGame/Classes/Misc/FlyingFordDirector.uc"	"69"	"LOCAL_PLAYER_CONTEXT|GLOBAL_STORY_CONTEXT|AI_TARGET_CONTEXT"	"REVIEW_REQUIRED"	"Mixed legacy alias; inspect operation and callers before edits"	"2C4B0E692D18E54E3D8A37C2586C1A831082B3BC926754B382DF3D1E97A6E22C"
"HGame/Classes/Misc/FlyingFordDirector.uc"	"71"	"LOCAL_PLAYER_CONTEXT|GLOBAL_STORY_CONTEXT|AI_TARGET_CONTEXT"	"REVIEW_REQUIRED"	"Mixed legacy alias; inspect operation and callers before edits"	"2C4B0E692D18E54E3D8A37C2586C1A831082B3BC926754B382DF3D1E97A6E22C"
"HGame/Classes/Misc/FlyingFordDirector.uc"	"72"	"LOCAL_PLAYER_CONTEXT|GLOBAL_STORY_CONTEXT|AI_TARGET_CONTEXT"	"REVIEW_REQUIRED"	"Mixed legacy alias; inspect operation and callers before edits"	"2C4B0E692D18E54E3D8A37C2586C1A831082B3BC926754B382DF3D1E97A6E22C"
"HGame/Classes/Misc/FlyingFordDirector.uc"	"73"	"LOCAL_PLAYER_CONTEXT|GLOBAL_STORY_CONTEXT|AI_TARGET_CONTEXT"	"REVIEW_REQUIRED"	"Mixed legacy alias; inspect operation and callers before edits"	"2C4B0E692D18E54E3D8A37C2586C1A831082B3BC926754B382DF3D1E97A6E22C"
"HGame/Classes/Misc/FlyingFordDirector.uc"	"74"	"LOCAL_PLAYER_CONTEXT|GLOBAL_STORY_CONTEXT|AI_TARGET_CONTEXT"	"REVIEW_REQUIRED"	"Mixed legacy alias; inspect operation and callers before edits"	"2C4B0E692D18E54E3D8A37C2586C1A831082B3BC926754B382DF3D1E97A6E22C"
"HGame/Classes/Misc/FlyingFordDirector.uc"	"106"	"LOCAL_PLAYER_CONTEXT|GLOBAL_STORY_CONTEXT|AI_TARGET_CONTEXT"	"REVIEW_REQUIRED"	"Mixed legacy alias; inspect operation and callers before edits"	"2C4B0E692D18E54E3D8A37C2586C1A831082B3BC926754B382DF3D1E97A6E22C"
"HGame/Classes/Misc/FlyingFordDirector.uc"	"136"	"LOCAL_PLAYER_CONTEXT|GLOBAL_STORY_CONTEXT|AI_TARGET_CONTEXT"	"REVIEW_REQUIRED"	"Mixed legacy alias; inspect operation and callers before edits"	"2C4B0E692D18E54E3D8A37C2586C1A831082B3BC926754B382DF3D1E97A6E22C"
"HGame/Classes/Misc/FlyingFordDirector.uc"	"150"	"LOCAL_PLAYER_CONTEXT|GLOBAL_STORY_CONTEXT|AI_TARGET_CONTEXT"	"REVIEW_REQUIRED"	"Mixed legacy alias; inspect operation and callers before edits"	"2C4B0E692D18E54E3D8A37C2586C1A831082B3BC926754B382DF3D1E97A6E22C"
"HGame/Classes/Misc/FlyingFordDirector.uc"	"155"	"LOCAL_PLAYER_CONTEXT|GLOBAL_STORY_CONTEXT|AI_TARGET_CONTEXT"	"REVIEW_REQUIRED"	"Mixed legacy alias; inspect operation and callers before edits"	"2C4B0E692D18E54E3D8A37C2586C1A831082B3BC926754B382DF3D1E97A6E22C"
"HGame/Classes/Misc/FlyingFordDirector.uc"	"160"	"LOCAL_PLAYER_CONTEXT|GLOBAL_STORY_CONTEXT|AI_TARGET_CONTEXT"	"REVIEW_REQUIRED"	"Mixed legacy alias; inspect operation and callers before edits"	"2C4B0E692D18E54E3D8A37C2586C1A831082B3BC926754B382DF3D1E97A6E22C"
"HGame/Classes/Misc/FlyingFordDirector.uc"	"163"	"LOCAL_PLAYER_CONTEXT|GLOBAL_STORY_CONTEXT|AI_TARGET_CONTEXT"	"REVIEW_REQUIRED"	"Mixed legacy alias; inspect operation and callers before edits"	"2C4B0E692D18E54E3D8A37C2586C1A831082B3BC926754B382DF3D1E97A6E22C"
"HGame/Classes/Misc/FlyingFordDirector.uc"	"187"	"LOCAL_PLAYER_CONTEXT|GLOBAL_STORY_CONTEXT|AI_TARGET_CONTEXT"	"REVIEW_REQUIRED"	"Mixed legacy alias; inspect operation and callers before edits"	"2C4B0E692D18E54E3D8A37C2586C1A831082B3BC926754B382DF3D1E97A6E22C"
"HGame/Classes/Misc/FlyingFordDirector.uc"	"193"	"LOCAL_PLAYER_CONTEXT|GLOBAL_STORY_CONTEXT|AI_TARGET_CONTEXT"	"REVIEW_REQUIRED"	"Mixed legacy alias; inspect operation and callers before edits"	"2C4B0E692D18E54E3D8A37C2586C1A831082B3BC926754B382DF3D1E97A6E22C"
"HGame/Classes/Misc/FlyingFordDirector.uc"	"198"	"LOCAL_PLAYER_CONTEXT|GLOBAL_STORY_CONTEXT|AI_TARGET_CONTEXT"	"REVIEW_REQUIRED"	"Mixed legacy alias; inspect operation and callers before edits"	"2C4B0E692D18E54E3D8A37C2586C1A831082B3BC926754B382DF3D1E97A6E22C"
"HGame/Classes/Misc/FlyingFordDirector.uc"	"204"	"LOCAL_PLAYER_CONTEXT|GLOBAL_STORY_CONTEXT|AI_TARGET_CONTEXT"	"REVIEW_REQUIRED"	"Mixed legacy alias; inspect operation and callers before edits"	"2C4B0E692D18E54E3D8A37C2586C1A831082B3BC926754B382DF3D1E97A6E22C"
"HGame/Classes/Misc/FlyingFordDirector.uc"	"219"	"LOCAL_PLAYER_CONTEXT|GLOBAL_STORY_CONTEXT|AI_TARGET_CONTEXT"	"REVIEW_REQUIRED"	"Mixed legacy alias; inspect operation and callers before edits"	"2C4B0E692D18E54E3D8A37C2586C1A831082B3BC926754B382DF3D1E97A6E22C"
"HGame/Classes/Misc/FlyingFordDirector.uc"	"331"	"LOCAL_PLAYER_CONTEXT|GLOBAL_STORY_CONTEXT|AI_TARGET_CONTEXT"	"REVIEW_REQUIRED"	"Mixed legacy alias; inspect operation and callers before edits"	"2C4B0E692D18E54E3D8A37C2586C1A831082B3BC926754B382DF3D1E97A6E22C"
"HGame/Classes/Misc/FlyingFordDirector.uc"	"364"	"LOCAL_PLAYER_CONTEXT|GLOBAL_STORY_CONTEXT|AI_TARGET_CONTEXT"	"REVIEW_REQUIRED"	"Mixed legacy alias; inspect operation and callers before edits"	"2C4B0E692D18E54E3D8A37C2586C1A831082B3BC926754B382DF3D1E97A6E22C"
"HGame/Classes/Misc/FlyingFordDirector.uc"	"367"	"LOCAL_PLAYER_CONTEXT|GLOBAL_STORY_CONTEXT|AI_TARGET_CONTEXT"	"REVIEW_REQUIRED"	"Mixed legacy alias; inspect operation and callers before edits"	"2C4B0E692D18E54E3D8A37C2586C1A831082B3BC926754B382DF3D1E97A6E22C"
"HGame/Classes/Misc/FlyingFordDirector.uc"	"368"	"LOCAL_PLAYER_CONTEXT|GLOBAL_STORY_CONTEXT|AI_TARGET_CONTEXT"	"REVIEW_REQUIRED"	"Mixed legacy alias; inspect operation and callers before edits"	"2C4B0E692D18E54E3D8A37C2586C1A831082B3BC926754B382DF3D1E97A6E22C"
"HGame/Classes/Misc/FlyingFordDirector.uc"	"369"	"LOCAL_PLAYER_CONTEXT|GLOBAL_STORY_CONTEXT|AI_TARGET_CONTEXT"	"REVIEW_REQUIRED"	"Mixed legacy alias; inspect operation and callers before edits"	"2C4B0E692D18E54E3D8A37C2586C1A831082B3BC926754B382DF3D1E97A6E22C"
"HGame/Classes/Misc/FlyingFordDirector.uc"	"370"	"LOCAL_PLAYER_CONTEXT|GLOBAL_STORY_CONTEXT|AI_TARGET_CONTEXT"	"REVIEW_REQUIRED"	"Mixed legacy alias; inspect operation and callers before edits"	"2C4B0E692D18E54E3D8A37C2586C1A831082B3BC926754B382DF3D1E97A6E22C"
"HGame/Classes/Misc/FlyingFordDirector.uc"	"387"	"LOCAL_PLAYER_CONTEXT|GLOBAL_STORY_CONTEXT|AI_TARGET_CONTEXT"	"REVIEW_REQUIRED"	"Mixed legacy alias; inspect operation and callers before edits"	"2C4B0E692D18E54E3D8A37C2586C1A831082B3BC926754B382DF3D1E97A6E22C"
"HGame/Classes/Misc/FlyingFordDirector.uc"	"388"	"LOCAL_PLAYER_CONTEXT|GLOBAL_STORY_CONTEXT|AI_TARGET_CONTEXT"	"REVIEW_REQUIRED"	"Mixed legacy alias; inspect operation and callers before edits"	"2C4B0E692D18E54E3D8A37C2586C1A831082B3BC926754B382DF3D1E97A6E22C"
"HGame/Classes/Misc/FlyingFordDirector.uc"	"393"	"LOCAL_PLAYER_CONTEXT|GLOBAL_STORY_CONTEXT|AI_TARGET_CONTEXT"	"REVIEW_REQUIRED"	"Mixed legacy alias; inspect operation and callers before edits"	"2C4B0E692D18E54E3D8A37C2586C1A831082B3BC926754B382DF3D1E97A6E22C"
"HGame/Classes/Misc/FlyingFordDirector.uc"	"394"	"LOCAL_PLAYER_CONTEXT|GLOBAL_STORY_CONTEXT|AI_TARGET_CONTEXT"	"REVIEW_REQUIRED"	"Mixed legacy alias; inspect operation and callers before edits"	"2C4B0E692D18E54E3D8A37C2586C1A831082B3BC926754B382DF3D1E97A6E22C"
"HGame/Classes/Misc/FlyingFordDirector.uc"	"441"	"LOCAL_PLAYER_CONTEXT|GLOBAL_STORY_CONTEXT|AI_TARGET_CONTEXT"	"REVIEW_REQUIRED"	"Mixed legacy alias; inspect operation and callers before edits"	"2C4B0E692D18E54E3D8A37C2586C1A831082B3BC926754B382DF3D1E97A6E22C"
"HGame/Classes/Misc/FlyingFordDirector.uc"	"445"	"LOCAL_PLAYER_CONTEXT|GLOBAL_STORY_CONTEXT|AI_TARGET_CONTEXT"	"REVIEW_REQUIRED"	"Mixed legacy alias; inspect operation and callers before edits"	"2C4B0E692D18E54E3D8A37C2586C1A831082B3BC926754B382DF3D1E97A6E22C"
"HGame/Classes/Misc/FlyingFordDirector.uc"	"446"	"LOCAL_PLAYER_CONTEXT|GLOBAL_STORY_CONTEXT|AI_TARGET_CONTEXT"	"REVIEW_REQUIRED"	"Mixed legacy alias; inspect operation and callers before edits"	"2C4B0E692D18E54E3D8A37C2586C1A831082B3BC926754B382DF3D1E97A6E22C"
"HGame/Classes/Misc/FlyingFordDirector.uc"	"447"	"LOCAL_PLAYER_CONTEXT|GLOBAL_STORY_CONTEXT|AI_TARGET_CONTEXT"	"REVIEW_REQUIRED"	"Mixed legacy alias; inspect operation and callers before edits"	"2C4B0E692D18E54E3D8A37C2586C1A831082B3BC926754B382DF3D1E97A6E22C"
"HGame/Classes/Misc/FlyingFordDirector.uc"	"479"	"LOCAL_PLAYER_CONTEXT|GLOBAL_STORY_CONTEXT|AI_TARGET_CONTEXT"	"REVIEW_REQUIRED"	"Mixed legacy alias; inspect operation and callers before edits"	"2C4B0E692D18E54E3D8A37C2586C1A831082B3BC926754B382DF3D1E97A6E22C"
"HGame/Classes/Misc/FlyingFordDirector.uc"	"483"	"LOCAL_PLAYER_CONTEXT|GLOBAL_STORY_CONTEXT|AI_TARGET_CONTEXT"	"REVIEW_REQUIRED"	"Mixed legacy alias; inspect operation and callers before edits"	"2C4B0E692D18E54E3D8A37C2586C1A831082B3BC926754B382DF3D1E97A6E22C"
"HGame/Classes/Misc/FlyingFordDirector.uc"	"484"	"LOCAL_PLAYER_CONTEXT|GLOBAL_STORY_CONTEXT|AI_TARGET_CONTEXT"	"REVIEW_REQUIRED"	"Mixed legacy alias; inspect operation and callers before edits"	"2C4B0E692D18E54E3D8A37C2586C1A831082B3BC926754B382DF3D1E97A6E22C"
"HGame/Classes/Misc/FlyingFordDirector.uc"	"544"	"LOCAL_PLAYER_CONTEXT|GLOBAL_STORY_CONTEXT|AI_TARGET_CONTEXT"	"REVIEW_REQUIRED"	"Mixed legacy alias; inspect operation and callers before edits"	"2C4B0E692D18E54E3D8A37C2586C1A831082B3BC926754B382DF3D1E97A6E22C"
"HGame/Classes/Misc/FlyingFordDirector.uc"	"548"	"LOCAL_PLAYER_CONTEXT|GLOBAL_STORY_CONTEXT|AI_TARGET_CONTEXT"	"REVIEW_REQUIRED"	"Mixed legacy alias; inspect operation and callers before edits"	"2C4B0E692D18E54E3D8A37C2586C1A831082B3BC926754B382DF3D1E97A6E22C"
"HGame/Classes/Misc/FlyingFordDirector.uc"	"552"	"LOCAL_PLAYER_CONTEXT|GLOBAL_STORY_CONTEXT|AI_TARGET_CONTEXT"	"REVIEW_REQUIRED"	"Mixed legacy alias; inspect operation and callers before edits"	"2C4B0E692D18E54E3D8A37C2586C1A831082B3BC926754B382DF3D1E97A6E22C"
"HGame/Classes/Misc/FlyingFordDirector.uc"	"556"	"LOCAL_PLAYER_CONTEXT|GLOBAL_STORY_CONTEXT|AI_TARGET_CONTEXT"	"REVIEW_REQUIRED"	"Mixed legacy alias; inspect operation and callers before edits"	"2C4B0E692D18E54E3D8A37C2586C1A831082B3BC926754B382DF3D1E97A6E22C"
"HGame/Classes/Misc/FlyingFordDirector.uc"	"559"	"LOCAL_PLAYER_CONTEXT|GLOBAL_STORY_CONTEXT|AI_TARGET_CONTEXT"	"REVIEW_REQUIRED"	"Mixed legacy alias; inspect operation and callers before edits"	"2C4B0E692D18E54E3D8A37C2586C1A831082B3BC926754B382DF3D1E97A6E22C"
"HGame/Classes/Misc/FlyingFordDirector.uc"	"560"	"LOCAL_PLAYER_CONTEXT|GLOBAL_STORY_CONTEXT|AI_TARGET_CONTEXT"	"REVIEW_REQUIRED"	"Mixed legacy alias; inspect operation and callers before edits"	"2C4B0E692D18E54E3D8A37C2586C1A831082B3BC926754B382DF3D1E97A6E22C"
"HGame/Classes/Misc/FlyingFordDirector.uc"	"574"	"LOCAL_PLAYER_CONTEXT|GLOBAL_STORY_CONTEXT|AI_TARGET_CONTEXT"	"REVIEW_REQUIRED"	"Mixed legacy alias; inspect operation and callers before edits"	"2C4B0E692D18E54E3D8A37C2586C1A831082B3BC926754B382DF3D1E97A6E22C"
"HGame/Classes/Misc/FlyingFordDirector.uc"	"575"	"LOCAL_PLAYER_CONTEXT|GLOBAL_STORY_CONTEXT|AI_TARGET_CONTEXT"	"REVIEW_REQUIRED"	"Mixed legacy alias; inspect operation and callers before edits"	"2C4B0E692D18E54E3D8A37C2586C1A831082B3BC926754B382DF3D1E97A6E22C"
"HGame/Classes/Props/BoulderChase.uc"	"58"	"LOCAL_PLAYER_CONTEXT|GLOBAL_STORY_CONTEXT|AI_TARGET_CONTEXT"	"REVIEW_REQUIRED"	"Mixed legacy alias; inspect operation and callers before edits"	"88C69D05B454A8942113E363F7DD905EC54B62B123E46F4E168CF56A1DFB021D"
"HGame/Classes/Props/BoulderChase.uc"	"60"	"LOCAL_PLAYER_CONTEXT|GLOBAL_STORY_CONTEXT|AI_TARGET_CONTEXT"	"REVIEW_REQUIRED"	"Mixed legacy alias; inspect operation and callers before edits"	"88C69D05B454A8942113E363F7DD905EC54B62B123E46F4E168CF56A1DFB021D"
"HGame/Classes/Props/BronzeCauldron.uc"	"34"	"LOCAL_PLAYER_CONTEXT|GLOBAL_STORY_CONTEXT|AI_TARGET_CONTEXT"	"REVIEW_REQUIRED"	"Mixed legacy alias; inspect operation and callers before edits"	"C1F1BCFBCC2E49FC0FCAE1C373FDAFB2FD88A4731EA7225C2F25A39F13AF0870"
"HGame/Classes/Misc/HDiffindo.uc"	"27"	"LOCAL_PLAYER_CONTEXT|GLOBAL_STORY_CONTEXT|AI_TARGET_CONTEXT"	"REVIEW_REQUIRED"	"Mixed legacy alias; inspect operation and callers before edits"	"19010F5F9588E10F720EDE6C04C739F89608734150A35DC1A923593BAD05F13A"
"HGame/Classes/Props/BowTruckleTwig.uc"	"14"	"LOCAL_PLAYER_CONTEXT|GLOBAL_STORY_CONTEXT|AI_TARGET_CONTEXT"	"REVIEW_REQUIRED"	"Mixed legacy alias; inspect operation and callers before edits"	"E84528C00AAD0459BA18A138989567851D2D3E796AF033B77C01F8B52AC3B25C"
"HGame/Classes/Props/BowTruckleTwig.uc"	"16"	"LOCAL_PLAYER_CONTEXT|GLOBAL_STORY_CONTEXT|AI_TARGET_CONTEXT"	"REVIEW_REQUIRED"	"Mixed legacy alias; inspect operation and callers before edits"	"E84528C00AAD0459BA18A138989567851D2D3E796AF033B77C01F8B52AC3B25C"
"HGame/Classes/Props/chestbronze.uc"	"32"	"LOCAL_PLAYER_CONTEXT|GLOBAL_STORY_CONTEXT|AI_TARGET_CONTEXT"	"REVIEW_REQUIRED"	"Mixed legacy alias; inspect operation and callers before edits"	"12197054708C7A6E674456C5FCDBF0B01D76BB051FA38A41EA2973162AC79D62"
"HGame/Classes/Props/chestbronze.uc"	"100"	"LOCAL_PLAYER_CONTEXT|GLOBAL_STORY_CONTEXT|AI_TARGET_CONTEXT"	"REVIEW_REQUIRED"	"Mixed legacy alias; inspect operation and callers before edits"	"12197054708C7A6E674456C5FCDBF0B01D76BB051FA38A41EA2973162AC79D62"
"HGame/Classes/Props/chestbronze.uc"	"139"	"LOCAL_PLAYER_CONTEXT|GLOBAL_STORY_CONTEXT|AI_TARGET_CONTEXT"	"REVIEW_REQUIRED"	"Mixed legacy alias; inspect operation and callers before edits"	"12197054708C7A6E674456C5FCDBF0B01D76BB051FA38A41EA2973162AC79D62"
"HGame/Classes/Props/chestbronze.uc"	"146"	"LOCAL_PLAYER_CONTEXT|GLOBAL_STORY_CONTEXT|AI_TARGET_CONTEXT"	"REVIEW_REQUIRED"	"Mixed legacy alias; inspect operation and callers before edits"	"12197054708C7A6E674456C5FCDBF0B01D76BB051FA38A41EA2973162AC79D62"
"HGame/Classes/SpellCursor.uc"	"12"	"LOCAL_PLAYER_CONTEXT|GLOBAL_STORY_CONTEXT"	"DECLARATION_OR_COMMENT"	"Lexical occurrence; not an executable operation"	"771A3554AA28CFD19B7D129F42A09660CD8632C0535BE16EAE81E702B48A4E49"
"HGame/Classes/SpellCursor.uc"	"53"	"LOCAL_PLAYER_CONTEXT|GLOBAL_STORY_CONTEXT"	"REVIEW_REQUIRED"	"Presentation subsystem; inventory/progression side effects still need review"	"771A3554AA28CFD19B7D129F42A09660CD8632C0535BE16EAE81E702B48A4E49"
"HGame/Classes/SpellCursor.uc"	"61"	"LOCAL_PLAYER_CONTEXT|GLOBAL_STORY_CONTEXT"	"REVIEW_REQUIRED"	"Presentation subsystem; inventory/progression side effects still need review"	"771A3554AA28CFD19B7D129F42A09660CD8632C0535BE16EAE81E702B48A4E49"
"HGame/Classes/SpellCursor.uc"	"81"	"LOCAL_PLAYER_CONTEXT|GLOBAL_STORY_CONTEXT"	"REVIEW_REQUIRED"	"Presentation subsystem; inventory/progression side effects still need review"	"771A3554AA28CFD19B7D129F42A09660CD8632C0535BE16EAE81E702B48A4E49"
"HGame/Classes/SpellCursor.uc"	"127"	"LOCAL_PLAYER_CONTEXT|GLOBAL_STORY_CONTEXT"	"REVIEW_REQUIRED"	"Presentation subsystem; inventory/progression side effects still need review"	"771A3554AA28CFD19B7D129F42A09660CD8632C0535BE16EAE81E702B48A4E49"
"HGame/Classes/SpellCursor.uc"	"139"	"LOCAL_PLAYER_CONTEXT|GLOBAL_STORY_CONTEXT"	"REVIEW_REQUIRED"	"Presentation subsystem; inventory/progression side effects still need review"	"771A3554AA28CFD19B7D129F42A09660CD8632C0535BE16EAE81E702B48A4E49"
"HGame/Classes/SpellCursor.uc"	"148"	"LOCAL_PLAYER_CONTEXT|GLOBAL_STORY_CONTEXT"	"REVIEW_REQUIRED"	"Presentation subsystem; inventory/progression side effects still need review"	"771A3554AA28CFD19B7D129F42A09660CD8632C0535BE16EAE81E702B48A4E49"
"HGame/Classes/SpellCursor.uc"	"152"	"LOCAL_PLAYER_CONTEXT|GLOBAL_STORY_CONTEXT"	"REVIEW_REQUIRED"	"Presentation subsystem; inventory/progression side effects still need review"	"771A3554AA28CFD19B7D129F42A09660CD8632C0535BE16EAE81E702B48A4E49"
"HGame/Classes/SpellCursor.uc"	"170"	"LOCAL_PLAYER_CONTEXT|GLOBAL_STORY_CONTEXT"	"REVIEW_REQUIRED"	"Presentation subsystem; inventory/progression side effects still need review"	"771A3554AA28CFD19B7D129F42A09660CD8632C0535BE16EAE81E702B48A4E49"
"HGame/Classes/SpellCursor.uc"	"171"	"LOCAL_PLAYER_CONTEXT|GLOBAL_STORY_CONTEXT"	"REVIEW_REQUIRED"	"Presentation subsystem; inventory/progression side effects still need review"	"771A3554AA28CFD19B7D129F42A09660CD8632C0535BE16EAE81E702B48A4E49"
"HGame/Classes/SpellCursor.uc"	"193"	"LOCAL_PLAYER_CONTEXT|GLOBAL_STORY_CONTEXT"	"REVIEW_REQUIRED"	"Presentation subsystem; inventory/progression side effects still need review"	"771A3554AA28CFD19B7D129F42A09660CD8632C0535BE16EAE81E702B48A4E49"
"HGame/Classes/SpellCursor.uc"	"194"	"LOCAL_PLAYER_CONTEXT|GLOBAL_STORY_CONTEXT"	"REVIEW_REQUIRED"	"Presentation subsystem; inventory/progression side effects still need review"	"771A3554AA28CFD19B7D129F42A09660CD8632C0535BE16EAE81E702B48A4E49"
"HGame/Classes/SpellCursor.uc"	"196"	"LOCAL_PLAYER_CONTEXT|GLOBAL_STORY_CONTEXT"	"REVIEW_REQUIRED"	"Presentation subsystem; inventory/progression side effects still need review"	"771A3554AA28CFD19B7D129F42A09660CD8632C0535BE16EAE81E702B48A4E49"
"HGame/Classes/SpellCursor.uc"	"198"	"LOCAL_PLAYER_CONTEXT|GLOBAL_STORY_CONTEXT"	"REVIEW_REQUIRED"	"Presentation subsystem; inventory/progression side effects still need review"	"771A3554AA28CFD19B7D129F42A09660CD8632C0535BE16EAE81E702B48A4E49"
"HGame/Classes/SpellCursor.uc"	"200"	"LOCAL_PLAYER_CONTEXT|GLOBAL_STORY_CONTEXT"	"REVIEW_REQUIRED"	"Presentation subsystem; inventory/progression side effects still need review"	"771A3554AA28CFD19B7D129F42A09660CD8632C0535BE16EAE81E702B48A4E49"
"HGame/Classes/SpellCursor.uc"	"202"	"LOCAL_PLAYER_CONTEXT|GLOBAL_STORY_CONTEXT"	"REVIEW_REQUIRED"	"Presentation subsystem; inventory/progression side effects still need review"	"771A3554AA28CFD19B7D129F42A09660CD8632C0535BE16EAE81E702B48A4E49"
"HGame/Classes/SpellCursor.uc"	"206"	"LOCAL_PLAYER_CONTEXT|GLOBAL_STORY_CONTEXT"	"REVIEW_REQUIRED"	"Presentation subsystem; inventory/progression side effects still need review"	"771A3554AA28CFD19B7D129F42A09660CD8632C0535BE16EAE81E702B48A4E49"
"HGame/Classes/SpellCursor.uc"	"220"	"LOCAL_PLAYER_CONTEXT|GLOBAL_STORY_CONTEXT"	"REVIEW_REQUIRED"	"Presentation subsystem; inventory/progression side effects still need review"	"771A3554AA28CFD19B7D129F42A09660CD8632C0535BE16EAE81E702B48A4E49"
"HGame/Classes/SpellCursor.uc"	"232"	"LOCAL_PLAYER_CONTEXT|GLOBAL_STORY_CONTEXT"	"REVIEW_REQUIRED"	"Presentation subsystem; inventory/progression side effects still need review"	"771A3554AA28CFD19B7D129F42A09660CD8632C0535BE16EAE81E702B48A4E49"
"HGame/Classes/SpellCursor.uc"	"311"	"LOCAL_PLAYER_CONTEXT|GLOBAL_STORY_CONTEXT"	"REVIEW_REQUIRED"	"Presentation subsystem; inventory/progression side effects still need review"	"771A3554AA28CFD19B7D129F42A09660CD8632C0535BE16EAE81E702B48A4E49"
"HGame/Classes/SpellCursor.uc"	"313"	"LOCAL_PLAYER_CONTEXT|GLOBAL_STORY_CONTEXT"	"REVIEW_REQUIRED"	"Presentation subsystem; inventory/progression side effects still need review"	"771A3554AA28CFD19B7D129F42A09660CD8632C0535BE16EAE81E702B48A4E49"
"HGame/Classes/SpellCursor.uc"	"322"	"LOCAL_PLAYER_CONTEXT|GLOBAL_STORY_CONTEXT"	"REVIEW_REQUIRED"	"Presentation subsystem; inventory/progression side effects still need review"	"771A3554AA28CFD19B7D129F42A09660CD8632C0535BE16EAE81E702B48A4E49"
"HGame/Classes/SpellCursor.uc"	"327"	"LOCAL_PLAYER_CONTEXT|GLOBAL_STORY_CONTEXT"	"REVIEW_REQUIRED"	"Presentation subsystem; inventory/progression side effects still need review"	"771A3554AA28CFD19B7D129F42A09660CD8632C0535BE16EAE81E702B48A4E49"
"HGame/Classes/SpellCursor.uc"	"329"	"LOCAL_PLAYER_CONTEXT|GLOBAL_STORY_CONTEXT"	"REVIEW_REQUIRED"	"Presentation subsystem; inventory/progression side effects still need review"	"771A3554AA28CFD19B7D129F42A09660CD8632C0535BE16EAE81E702B48A4E49"
"HGame/Classes/SpellCursor.uc"	"334"	"LOCAL_PLAYER_CONTEXT|GLOBAL_STORY_CONTEXT"	"REVIEW_REQUIRED"	"Presentation subsystem; inventory/progression side effects still need review"	"771A3554AA28CFD19B7D129F42A09660CD8632C0535BE16EAE81E702B48A4E49"
"HGame/Classes/SpellCursor.uc"	"408"	"LOCAL_PLAYER_CONTEXT|GLOBAL_STORY_CONTEXT"	"REVIEW_REQUIRED"	"Presentation subsystem; inventory/progression side effects still need review"	"771A3554AA28CFD19B7D129F42A09660CD8632C0535BE16EAE81E702B48A4E49"
"HGame/Classes/SpellCursor.uc"	"459"	"LOCAL_PLAYER_CONTEXT|GLOBAL_STORY_CONTEXT"	"REVIEW_REQUIRED"	"Presentation subsystem; inventory/progression side effects still need review"	"771A3554AA28CFD19B7D129F42A09660CD8632C0535BE16EAE81E702B48A4E49"
"HGame/Classes/SpellCursor.uc"	"480"	"LOCAL_PLAYER_CONTEXT|GLOBAL_STORY_CONTEXT"	"REVIEW_REQUIRED"	"Presentation subsystem; inventory/progression side effects still need review"	"771A3554AA28CFD19B7D129F42A09660CD8632C0535BE16EAE81E702B48A4E49"
"HGame/Classes/SpellCursor.uc"	"501"	"LOCAL_PLAYER_CONTEXT|GLOBAL_STORY_CONTEXT"	"REVIEW_REQUIRED"	"Presentation subsystem; inventory/progression side effects still need review"	"771A3554AA28CFD19B7D129F42A09660CD8632C0535BE16EAE81E702B48A4E49"
"HGame/Classes/SpellCursor.uc"	"521"	"LOCAL_PLAYER_CONTEXT|GLOBAL_STORY_CONTEXT"	"REVIEW_REQUIRED"	"Presentation subsystem; inventory/progression side effects still need review"	"771A3554AA28CFD19B7D129F42A09660CD8632C0535BE16EAE81E702B48A4E49"
"HGame/Classes/SpellCursor.uc"	"538"	"LOCAL_PLAYER_CONTEXT|GLOBAL_STORY_CONTEXT"	"REVIEW_REQUIRED"	"Presentation subsystem; inventory/progression side effects still need review"	"771A3554AA28CFD19B7D129F42A09660CD8632C0535BE16EAE81E702B48A4E49"
"HGame/Classes/SpellCursor.uc"	"554"	"LOCAL_PLAYER_CONTEXT|GLOBAL_STORY_CONTEXT"	"REVIEW_REQUIRED"	"Presentation subsystem; inventory/progression side effects still need review"	"771A3554AA28CFD19B7D129F42A09660CD8632C0535BE16EAE81E702B48A4E49"
"HGame/Classes/SpellCursor.uc"	"575"	"LOCAL_PLAYER_CONTEXT|GLOBAL_STORY_CONTEXT"	"REVIEW_REQUIRED"	"Presentation subsystem; inventory/progression side effects still need review"	"771A3554AA28CFD19B7D129F42A09660CD8632C0535BE16EAE81E702B48A4E49"
"HGame/Classes/StatusItems/StatusItem.uc"	"183"	"LOCAL_PLAYER_CONTEXT|GLOBAL_STORY_CONTEXT"	"REVIEW_REQUIRED"	"Presentation subsystem; inventory/progression side effects still need review"	"62FE430E1323AF0D91FB08661901B2A722C1992F11218429003528C74D415F90"
"HGame/Classes/StatusItems/StatusItem.uc"	"187"	"LOCAL_PLAYER_CONTEXT|GLOBAL_STORY_CONTEXT"	"REVIEW_REQUIRED"	"Presentation subsystem; inventory/progression side effects still need review"	"62FE430E1323AF0D91FB08661901B2A722C1992F11218429003528C74D415F90"
"HGame/Classes/StatusItems/StatusItem.uc"	"191"	"LOCAL_PLAYER_CONTEXT|GLOBAL_STORY_CONTEXT"	"REVIEW_REQUIRED"	"Presentation subsystem; inventory/progression side effects still need review"	"62FE430E1323AF0D91FB08661901B2A722C1992F11218429003528C74D415F90"
"HGame/Classes/Misc/MagicStrengthManager.uc"	"26"	"LOCAL_PLAYER_CONTEXT|GLOBAL_STORY_CONTEXT|AI_TARGET_CONTEXT"	"DECLARATION_OR_COMMENT"	"Lexical occurrence; not an executable operation"	"26A3A0AFDAABC60DE95F3D390AF9FDF95AF24CCA184BE196A4446FEE66EC2169"
"HGame/Classes/Misc/MagicStrengthManager.uc"	"33"	"LOCAL_PLAYER_CONTEXT|GLOBAL_STORY_CONTEXT|AI_TARGET_CONTEXT"	"REVIEW_REQUIRED"	"Mixed legacy alias; inspect operation and callers before edits"	"26A3A0AFDAABC60DE95F3D390AF9FDF95AF24CCA184BE196A4446FEE66EC2169"
"HGame/Classes/Misc/MagicStrengthManager.uc"	"35"	"LOCAL_PLAYER_CONTEXT|GLOBAL_STORY_CONTEXT|AI_TARGET_CONTEXT"	"REVIEW_REQUIRED"	"Mixed legacy alias; inspect operation and callers before edits"	"26A3A0AFDAABC60DE95F3D390AF9FDF95AF24CCA184BE196A4446FEE66EC2169"
"HGame/Classes/Misc/MagicStrengthManager.uc"	"55"	"LOCAL_PLAYER_CONTEXT|GLOBAL_STORY_CONTEXT|AI_TARGET_CONTEXT"	"REVIEW_REQUIRED"	"Mixed legacy alias; inspect operation and callers before edits"	"26A3A0AFDAABC60DE95F3D390AF9FDF95AF24CCA184BE196A4446FEE66EC2169"
"HGame/Classes/Misc/MagicStrengthManager.uc"	"61"	"LOCAL_PLAYER_CONTEXT|GLOBAL_STORY_CONTEXT|AI_TARGET_CONTEXT"	"REVIEW_REQUIRED"	"Mixed legacy alias; inspect operation and callers before edits"	"26A3A0AFDAABC60DE95F3D390AF9FDF95AF24CCA184BE196A4446FEE66EC2169"
"HGame/Classes/Misc/MagicStrengthManager.uc"	"68"	"LOCAL_PLAYER_CONTEXT|GLOBAL_STORY_CONTEXT|AI_TARGET_CONTEXT"	"REVIEW_REQUIRED"	"Mixed legacy alias; inspect operation and callers before edits"	"26A3A0AFDAABC60DE95F3D390AF9FDF95AF24CCA184BE196A4446FEE66EC2169"
"HGame/Classes/Misc/MagicStrengthManager.uc"	"85"	"LOCAL_PLAYER_CONTEXT|GLOBAL_STORY_CONTEXT|AI_TARGET_CONTEXT"	"REVIEW_REQUIRED"	"Mixed legacy alias; inspect operation and callers before edits"	"26A3A0AFDAABC60DE95F3D390AF9FDF95AF24CCA184BE196A4446FEE66EC2169"
"HGame/Classes/Misc/MuggleMeterManager.uc"	"24"	"LOCAL_PLAYER_CONTEXT|GLOBAL_STORY_CONTEXT|AI_TARGET_CONTEXT"	"DECLARATION_OR_COMMENT"	"Lexical occurrence; not an executable operation"	"EFA8C46AE27B98415DD714D8DBA5A049CAB59402A5DD3BF162C8A2C29D0FADD1"
"HGame/Classes/Misc/MuggleMeterManager.uc"	"42"	"LOCAL_PLAYER_CONTEXT|GLOBAL_STORY_CONTEXT|AI_TARGET_CONTEXT"	"REVIEW_REQUIRED"	"Mixed legacy alias; inspect operation and callers before edits"	"EFA8C46AE27B98415DD714D8DBA5A049CAB59402A5DD3BF162C8A2C29D0FADD1"
"HGame/Classes/Misc/MuggleMeterManager.uc"	"44"	"LOCAL_PLAYER_CONTEXT|GLOBAL_STORY_CONTEXT|AI_TARGET_CONTEXT"	"REVIEW_REQUIRED"	"Mixed legacy alias; inspect operation and callers before edits"	"EFA8C46AE27B98415DD714D8DBA5A049CAB59402A5DD3BF162C8A2C29D0FADD1"
"HGame/Classes/Misc/MuggleMeterManager.uc"	"67"	"LOCAL_PLAYER_CONTEXT|GLOBAL_STORY_CONTEXT|AI_TARGET_CONTEXT"	"REVIEW_REQUIRED"	"Mixed legacy alias; inspect operation and callers before edits"	"EFA8C46AE27B98415DD714D8DBA5A049CAB59402A5DD3BF162C8A2C29D0FADD1"
"HGame/Classes/Misc/MuggleMeterManager.uc"	"73"	"LOCAL_PLAYER_CONTEXT|GLOBAL_STORY_CONTEXT|AI_TARGET_CONTEXT"	"REVIEW_REQUIRED"	"Mixed legacy alias; inspect operation and callers before edits"	"EFA8C46AE27B98415DD714D8DBA5A049CAB59402A5DD3BF162C8A2C29D0FADD1"
"HGame/Classes/Misc/MuggleMeterManager.uc"	"97"	"LOCAL_PLAYER_CONTEXT|GLOBAL_STORY_CONTEXT|AI_TARGET_CONTEXT"	"REVIEW_REQUIRED"	"Mixed legacy alias; inspect operation and callers before edits"	"EFA8C46AE27B98415DD714D8DBA5A049CAB59402A5DD3BF162C8A2C29D0FADD1"
"HGame/Classes/Misc/LumosLight.uc"	"13"	"LOCAL_PLAYER_CONTEXT|GLOBAL_STORY_CONTEXT|AI_TARGET_CONTEXT"	"DECLARATION_OR_COMMENT"	"Lexical occurrence; not an executable operation"	"1DF4D788734072EF9AC3BAA13AD56879A1AFCFF742230D026AD74F5495F8E57A"
"HGame/Classes/Misc/LumosLight.uc"	"43"	"LOCAL_PLAYER_CONTEXT|GLOBAL_STORY_CONTEXT|AI_TARGET_CONTEXT"	"REVIEW_REQUIRED"	"Mixed legacy alias; inspect operation and callers before edits"	"1DF4D788734072EF9AC3BAA13AD56879A1AFCFF742230D026AD74F5495F8E57A"
"HGame/Classes/Misc/LumosLight.uc"	"49"	"LOCAL_PLAYER_CONTEXT|GLOBAL_STORY_CONTEXT|AI_TARGET_CONTEXT"	"REVIEW_REQUIRED"	"Mixed legacy alias; inspect operation and callers before edits"	"1DF4D788734072EF9AC3BAA13AD56879A1AFCFF742230D026AD74F5495F8E57A"
"HGame/Classes/Misc/LumosLight.uc"	"54"	"LOCAL_PLAYER_CONTEXT|GLOBAL_STORY_CONTEXT|AI_TARGET_CONTEXT"	"REVIEW_REQUIRED"	"Mixed legacy alias; inspect operation and callers before edits"	"1DF4D788734072EF9AC3BAA13AD56879A1AFCFF742230D026AD74F5495F8E57A"
"HGame/Classes/Misc/LumosLight.uc"	"68"	"LOCAL_PLAYER_CONTEXT|GLOBAL_STORY_CONTEXT|AI_TARGET_CONTEXT"	"REVIEW_REQUIRED"	"Mixed legacy alias; inspect operation and callers before edits"	"1DF4D788734072EF9AC3BAA13AD56879A1AFCFF742230D026AD74F5495F8E57A"
"HGame/Classes/Misc/LumosLight.uc"	"69"	"LOCAL_PLAYER_CONTEXT|GLOBAL_STORY_CONTEXT|AI_TARGET_CONTEXT"	"REVIEW_REQUIRED"	"Mixed legacy alias; inspect operation and callers before edits"	"1DF4D788734072EF9AC3BAA13AD56879A1AFCFF742230D026AD74F5495F8E57A"
"HGame/Classes/Misc/LumosLight.uc"	"70"	"LOCAL_PLAYER_CONTEXT|GLOBAL_STORY_CONTEXT|AI_TARGET_CONTEXT"	"REVIEW_REQUIRED"	"Mixed legacy alias; inspect operation and callers before edits"	"1DF4D788734072EF9AC3BAA13AD56879A1AFCFF742230D026AD74F5495F8E57A"
"HGame/Classes/Misc/LumosLight.uc"	"71"	"LOCAL_PLAYER_CONTEXT|GLOBAL_STORY_CONTEXT|AI_TARGET_CONTEXT"	"REVIEW_REQUIRED"	"Mixed legacy alias; inspect operation and callers before edits"	"1DF4D788734072EF9AC3BAA13AD56879A1AFCFF742230D026AD74F5495F8E57A"
"HGame/Classes/Misc/LumosLight.uc"	"115"	"LOCAL_PLAYER_CONTEXT|GLOBAL_STORY_CONTEXT|AI_TARGET_CONTEXT"	"REVIEW_REQUIRED"	"Mixed legacy alias; inspect operation and callers before edits"	"1DF4D788734072EF9AC3BAA13AD56879A1AFCFF742230D026AD74F5495F8E57A"
"HGame/Classes/Misc/LumosLight.uc"	"118"	"LOCAL_PLAYER_CONTEXT|GLOBAL_STORY_CONTEXT|AI_TARGET_CONTEXT"	"REVIEW_REQUIRED"	"Mixed legacy alias; inspect operation and callers before edits"	"1DF4D788734072EF9AC3BAA13AD56879A1AFCFF742230D026AD74F5495F8E57A"
"HGame/Classes/Misc/LumosLight.uc"	"123"	"LOCAL_PLAYER_CONTEXT|GLOBAL_STORY_CONTEXT|AI_TARGET_CONTEXT"	"REVIEW_REQUIRED"	"Mixed legacy alias; inspect operation and callers before edits"	"1DF4D788734072EF9AC3BAA13AD56879A1AFCFF742230D026AD74F5495F8E57A"
"HGame/Classes/Misc/LumosLight.uc"	"137"	"LOCAL_PLAYER_CONTEXT|GLOBAL_STORY_CONTEXT|AI_TARGET_CONTEXT"	"REVIEW_REQUIRED"	"Mixed legacy alias; inspect operation and callers before edits"	"1DF4D788734072EF9AC3BAA13AD56879A1AFCFF742230D026AD74F5495F8E57A"
"HGame/Classes/Misc/LumosLight.uc"	"142"	"LOCAL_PLAYER_CONTEXT|GLOBAL_STORY_CONTEXT|AI_TARGET_CONTEXT"	"REVIEW_REQUIRED"	"Mixed legacy alias; inspect operation and callers before edits"	"1DF4D788734072EF9AC3BAA13AD56879A1AFCFF742230D026AD74F5495F8E57A"
"HGame/Classes/Misc/LumosLight.uc"	"152"	"LOCAL_PLAYER_CONTEXT|GLOBAL_STORY_CONTEXT|AI_TARGET_CONTEXT"	"REVIEW_REQUIRED"	"Mixed legacy alias; inspect operation and callers before edits"	"1DF4D788734072EF9AC3BAA13AD56879A1AFCFF742230D026AD74F5495F8E57A"
"HGame/Classes/Misc/LumosLight.uc"	"156"	"LOCAL_PLAYER_CONTEXT|GLOBAL_STORY_CONTEXT|AI_TARGET_CONTEXT"	"REVIEW_REQUIRED"	"Mixed legacy alias; inspect operation and callers before edits"	"1DF4D788734072EF9AC3BAA13AD56879A1AFCFF742230D026AD74F5495F8E57A"
"HGame/Classes/Misc/LumosLight.uc"	"169"	"LOCAL_PLAYER_CONTEXT|GLOBAL_STORY_CONTEXT|AI_TARGET_CONTEXT"	"REVIEW_REQUIRED"	"Mixed legacy alias; inspect operation and callers before edits"	"1DF4D788734072EF9AC3BAA13AD56879A1AFCFF742230D026AD74F5495F8E57A"
"HGame/Classes/Spells/AragogSpellAttack.uc"	"56"	"LOCAL_PLAYER_CONTEXT|GLOBAL_STORY_CONTEXT|AI_TARGET_CONTEXT"	"REVIEW_REQUIRED"	"Mixed legacy alias; inspect operation and callers before edits"	"F9CF0D4D2DABBAB42E6A8A5EA5ADC8A5ABD40B4CD8D4843A4011F302F7F51162"
"HGame/Classes/Spells/AragogSpellAttack.uc"	"95"	"LOCAL_PLAYER_CONTEXT|GLOBAL_STORY_CONTEXT|AI_TARGET_CONTEXT"	"REVIEW_REQUIRED"	"Mixed legacy alias; inspect operation and callers before edits"	"F9CF0D4D2DABBAB42E6A8A5EA5ADC8A5ABD40B4CD8D4843A4011F302F7F51162"
"HGame/Classes/Misc/Pig.uc"	"43"	"LOCAL_PLAYER_CONTEXT|GLOBAL_STORY_CONTEXT|AI_TARGET_CONTEXT"	"REVIEW_REQUIRED"	"Mixed legacy alias; inspect operation and callers before edits"	"A3A79C4768D47FF912F72B6BF4E2635B5149549C6D762A4EA4CA0698DDFAF0C9"
"HGame/Classes/Misc/Pig.uc"	"45"	"LOCAL_PLAYER_CONTEXT|GLOBAL_STORY_CONTEXT|AI_TARGET_CONTEXT"	"REVIEW_REQUIRED"	"Mixed legacy alias; inspect operation and callers before edits"	"A3A79C4768D47FF912F72B6BF4E2635B5149549C6D762A4EA4CA0698DDFAF0C9"
"HGame/Classes/Misc/Pig.uc"	"106"	"LOCAL_PLAYER_CONTEXT|GLOBAL_STORY_CONTEXT|AI_TARGET_CONTEXT"	"REVIEW_REQUIRED"	"Mixed legacy alias; inspect operation and callers before edits"	"A3A79C4768D47FF912F72B6BF4E2635B5149549C6D762A4EA4CA0698DDFAF0C9"
"HGame/Classes/Spells/spellAcidSpit.uc"	"84"	"LOCAL_PLAYER_CONTEXT|GLOBAL_STORY_CONTEXT|AI_TARGET_CONTEXT"	"REVIEW_REQUIRED"	"Mixed legacy alias; inspect operation and callers before edits"	"7E3AA860675D75D1E544A2972692645DDE6EAB5D891327C7E7BBBDDCC5795846"
"HGame/Classes/Props/ChocolateFrog.uc"	"57"	"LOCAL_PLAYER_CONTEXT|GLOBAL_STORY_CONTEXT|AI_TARGET_CONTEXT"	"REVIEW_REQUIRED"	"Mixed legacy alias; inspect operation and callers before edits"	"0684BFEFC77F67E883FB9FBE15A761688B6FBCCE64774D0BDB6A491E167C8971"
"HGame/Classes/Props/ChocolateFrog.uc"	"58"	"LOCAL_PLAYER_CONTEXT|GLOBAL_STORY_CONTEXT|AI_TARGET_CONTEXT"	"REVIEW_REQUIRED"	"Mixed legacy alias; inspect operation and callers before edits"	"0684BFEFC77F67E883FB9FBE15A761688B6FBCCE64774D0BDB6A491E167C8971"
"HGame/Classes/Props/ChocolateFrog.uc"	"61"	"LOCAL_PLAYER_CONTEXT|GLOBAL_STORY_CONTEXT|AI_TARGET_CONTEXT"	"REVIEW_REQUIRED"	"Mixed legacy alias; inspect operation and callers before edits"	"0684BFEFC77F67E883FB9FBE15A761688B6FBCCE64774D0BDB6A491E167C8971"
"HGame/Classes/StatusItems/StatusItemWizardCards.uc"	"34"	"LOCAL_PLAYER_CONTEXT|GLOBAL_STORY_CONTEXT"	"REVIEW_REQUIRED"	"Presentation subsystem; inventory/progression side effects still need review"	"98D82F20B7EFDD4AF84E07456E847DB771F5DB96B14273C093BF0E6567BBE296"
"HGame/Classes/StatusItems/StatusItemWizardCards.uc"	"83"	"LOCAL_PLAYER_CONTEXT|GLOBAL_STORY_CONTEXT"	"REVIEW_REQUIRED"	"Presentation subsystem; inventory/progression side effects still need review"	"98D82F20B7EFDD4AF84E07456E847DB771F5DB96B14273C093BF0E6567BBE296"
"HGame/Classes/StatusItems/StatusItemWizardCards.uc"	"612"	"LOCAL_PLAYER_CONTEXT|GLOBAL_STORY_CONTEXT"	"REVIEW_REQUIRED"	"Presentation subsystem; inventory/progression side effects still need review"	"98D82F20B7EFDD4AF84E07456E847DB771F5DB96B14273C093BF0E6567BBE296"
"HGame/Classes/StatusItems/StatusItemWizardCards.uc"	"618"	"LOCAL_PLAYER_CONTEXT|GLOBAL_STORY_CONTEXT"	"REVIEW_REQUIRED"	"Presentation subsystem; inventory/progression side effects still need review"	"98D82F20B7EFDD4AF84E07456E847DB771F5DB96B14273C093BF0E6567BBE296"
"HGame/Classes/StatusItems/StatusItemWizardCards.uc"	"632"	"LOCAL_PLAYER_CONTEXT|GLOBAL_STORY_CONTEXT"	"REVIEW_REQUIRED"	"Presentation subsystem; inventory/progression side effects still need review"	"98D82F20B7EFDD4AF84E07456E847DB771F5DB96B14273C093BF0E6567BBE296"
"HGame/Classes/StatusItems/StatusItemWizardCards.uc"	"666"	"LOCAL_PLAYER_CONTEXT|GLOBAL_STORY_CONTEXT"	"REVIEW_REQUIRED"	"Presentation subsystem; inventory/progression side effects still need review"	"98D82F20B7EFDD4AF84E07456E847DB771F5DB96B14273C093BF0E6567BBE296"
"HGame/Classes/StatusItems/StatusItemWizardCards.uc"	"671"	"LOCAL_PLAYER_CONTEXT|GLOBAL_STORY_CONTEXT"	"REVIEW_REQUIRED"	"Presentation subsystem; inventory/progression side effects still need review"	"98D82F20B7EFDD4AF84E07456E847DB771F5DB96B14273C093BF0E6567BBE296"
"HGame/Classes/StatusItems/StatusItemWizardCards.uc"	"679"	"LOCAL_PLAYER_CONTEXT|GLOBAL_STORY_CONTEXT"	"REVIEW_REQUIRED"	"Presentation subsystem; inventory/progression side effects still need review"	"98D82F20B7EFDD4AF84E07456E847DB771F5DB96B14273C093BF0E6567BBE296"
"HGame/Classes/StatusItems/StatusItemWizardCards.uc"	"689"	"LOCAL_PLAYER_CONTEXT|GLOBAL_STORY_CONTEXT"	"REVIEW_REQUIRED"	"Presentation subsystem; inventory/progression side effects still need review"	"98D82F20B7EFDD4AF84E07456E847DB771F5DB96B14273C093BF0E6567BBE296"
"HGame/Classes/StatusItems/StatusItemWizardCards.uc"	"702"	"LOCAL_PLAYER_CONTEXT|GLOBAL_STORY_CONTEXT"	"REVIEW_REQUIRED"	"Presentation subsystem; inventory/progression side effects still need review"	"98D82F20B7EFDD4AF84E07456E847DB771F5DB96B14273C093BF0E6567BBE296"
"HGame/Classes/Misc/SavePoint.uc"	"56"	"GLOBAL_STORY_CONTEXT"	"REVIEWED"	"Server checkpoint operates on canonical save; toucher need not own save"	"BF3DFF2A8133284E299E1862B725EB409887964F8CD20FE2C9152F68F3368F0D"
"HGame/Classes/Misc/SavePoint.uc"	"67"	"GLOBAL_STORY_CONTEXT"	"REVIEWED"	"Server checkpoint operates on canonical save; toucher need not own save"	"BF3DFF2A8133284E299E1862B725EB409887964F8CD20FE2C9152F68F3368F0D"
"HGame/Classes/Misc/SavePoint.uc"	"68"	"GLOBAL_STORY_CONTEXT"	"REVIEWED"	"Server checkpoint operates on canonical save; toucher need not own save"	"BF3DFF2A8133284E299E1862B725EB409887964F8CD20FE2C9152F68F3368F0D"
"HGame/Classes/Misc/SavePoint.uc"	"70"	"GLOBAL_STORY_CONTEXT"	"REVIEWED"	"Server checkpoint operates on canonical save; toucher need not own save"	"BF3DFF2A8133284E299E1862B725EB409887964F8CD20FE2C9152F68F3368F0D"
"HGame/Classes/Misc/SavePoint.uc"	"72"	"GLOBAL_STORY_CONTEXT"	"REVIEWED"	"Server checkpoint operates on canonical save; toucher need not own save"	"BF3DFF2A8133284E299E1862B725EB409887964F8CD20FE2C9152F68F3368F0D"
"HGame/Classes/Misc/SavePoint.uc"	"73"	"GLOBAL_STORY_CONTEXT"	"REVIEWED"	"Server checkpoint operates on canonical save; toucher need not own save"	"BF3DFF2A8133284E299E1862B725EB409887964F8CD20FE2C9152F68F3368F0D"
"HGame/Classes/Misc/SavePoint.uc"	"80"	"GLOBAL_STORY_CONTEXT"	"REVIEWED"	"Server checkpoint operates on canonical save; toucher need not own save"	"BF3DFF2A8133284E299E1862B725EB409887964F8CD20FE2C9152F68F3368F0D"
"HGame/Classes/StatusGroups/StatusGroupHousePoints.uc"	"85"	"LOCAL_PLAYER_CONTEXT|GLOBAL_STORY_CONTEXT|AI_TARGET_CONTEXT"	"REVIEW_REQUIRED"	"Mixed legacy alias; inspect operation and callers before edits"	"50CE404ADF3FA3932616C87F739DD52BA0742ECA345932CF1A1E9BFBB86BD546"
"HGame/Classes/StatusGroups/StatusGroupHousePoints.uc"	"132"	"LOCAL_PLAYER_CONTEXT|GLOBAL_STORY_CONTEXT|AI_TARGET_CONTEXT"	"REVIEW_REQUIRED"	"Mixed legacy alias; inspect operation and callers before edits"	"50CE404ADF3FA3932616C87F739DD52BA0742ECA345932CF1A1E9BFBB86BD546"
"HGame/Classes/StatusGroups/StatusGroup.uc"	"56"	"LOCAL_PLAYER_CONTEXT|GLOBAL_STORY_CONTEXT|AI_TARGET_CONTEXT"	"DECLARATION_OR_COMMENT"	"Lexical occurrence; not an executable operation"	"05129D832C4EF77428A81ADE87FBB6B9B2822764E86B0AEAD6B4B68D0A24A929"
"HGame/Classes/StatusGroups/StatusGroup.uc"	"162"	"LOCAL_PLAYER_CONTEXT|GLOBAL_STORY_CONTEXT|AI_TARGET_CONTEXT"	"REVIEW_REQUIRED"	"Mixed legacy alias; inspect operation and callers before edits"	"05129D832C4EF77428A81ADE87FBB6B9B2822764E86B0AEAD6B4B68D0A24A929"
"HGame/Classes/StatusGroups/StatusGroup.uc"	"352"	"LOCAL_PLAYER_CONTEXT|GLOBAL_STORY_CONTEXT|AI_TARGET_CONTEXT"	"REVIEW_REQUIRED"	"Mixed legacy alias; inspect operation and callers before edits"	"05129D832C4EF77428A81ADE87FBB6B9B2822764E86B0AEAD6B4B68D0A24A929"
"HGame/Classes/StatusGroups/StatusGroup.uc"	"366"	"LOCAL_PLAYER_CONTEXT|GLOBAL_STORY_CONTEXT|AI_TARGET_CONTEXT"	"REVIEW_REQUIRED"	"Mixed legacy alias; inspect operation and callers before edits"	"05129D832C4EF77428A81ADE87FBB6B9B2822764E86B0AEAD6B4B68D0A24A929"
"HGame/Classes/StatusGroups/StatusGroup.uc"	"662"	"LOCAL_PLAYER_CONTEXT|GLOBAL_STORY_CONTEXT|AI_TARGET_CONTEXT"	"REVIEW_REQUIRED"	"Mixed legacy alias; inspect operation and callers before edits"	"05129D832C4EF77428A81ADE87FBB6B9B2822764E86B0AEAD6B4B68D0A24A929"
"HGame/Classes/StatusGroups/StatusGroup.uc"	"675"	"LOCAL_PLAYER_CONTEXT|GLOBAL_STORY_CONTEXT|AI_TARGET_CONTEXT"	"REVIEW_REQUIRED"	"Mixed legacy alias; inspect operation and callers before edits"	"05129D832C4EF77428A81ADE87FBB6B9B2822764E86B0AEAD6B4B68D0A24A929"
"HGame/Classes/StatusGroups/StatusGroup.uc"	"688"	"LOCAL_PLAYER_CONTEXT|GLOBAL_STORY_CONTEXT|AI_TARGET_CONTEXT"	"REVIEW_REQUIRED"	"Mixed legacy alias; inspect operation and callers before edits"	"05129D832C4EF77428A81ADE87FBB6B9B2822764E86B0AEAD6B4B68D0A24A929"
"HGame/Classes/StatusGroups/StatusGroup.uc"	"696"	"LOCAL_PLAYER_CONTEXT|GLOBAL_STORY_CONTEXT|AI_TARGET_CONTEXT"	"REVIEW_REQUIRED"	"Mixed legacy alias; inspect operation and callers before edits"	"05129D832C4EF77428A81ADE87FBB6B9B2822764E86B0AEAD6B4B68D0A24A929"
"HGame/Classes/Spells/spellFire.uc"	"69"	"LOCAL_PLAYER_CONTEXT|GLOBAL_STORY_CONTEXT|AI_TARGET_CONTEXT"	"REVIEW_REQUIRED"	"Mixed legacy alias; inspect operation and callers before edits"	"24333CC543A3064A8167940C8516533E2FEE003C4FCE96B4421BCA70F99806BC"
"HGame/Classes/Misc/SnakeVenomPool.uc"	"76"	"LOCAL_PLAYER_CONTEXT|GLOBAL_STORY_CONTEXT|AI_TARGET_CONTEXT"	"REVIEW_REQUIRED"	"Mixed legacy alias; inspect operation and callers before edits"	"D0033C1A7F48DAC650BD3383854DDD337833E58D659E638B4498A7F8CB0EC813"
"HGame/Classes/Misc/SnakeVenomPool.uc"	"78"	"LOCAL_PLAYER_CONTEXT|GLOBAL_STORY_CONTEXT|AI_TARGET_CONTEXT"	"REVIEW_REQUIRED"	"Mixed legacy alias; inspect operation and callers before edits"	"D0033C1A7F48DAC650BD3383854DDD337833E58D659E638B4498A7F8CB0EC813"
"HGame/Classes/Misc/SnakeVenomPool.uc"	"79"	"LOCAL_PLAYER_CONTEXT|GLOBAL_STORY_CONTEXT|AI_TARGET_CONTEXT"	"REVIEW_REQUIRED"	"Mixed legacy alias; inspect operation and callers before edits"	"D0033C1A7F48DAC650BD3383854DDD337833E58D659E638B4498A7F8CB0EC813"
"HGame/Classes/StatusGroups/StatusGroupWizardCards.uc"	"68"	"LOCAL_PLAYER_CONTEXT|GLOBAL_STORY_CONTEXT|AI_TARGET_CONTEXT"	"REVIEW_REQUIRED"	"Mixed legacy alias; inspect operation and callers before edits"	"BB0B5FC5AC7A0947346D693E6D9E505B42515BC15CBE870B4B1781CAA87DEE3C"
"HGame/Classes/StatusGroups/StatusGroupWizardCards.uc"	"83"	"LOCAL_PLAYER_CONTEXT|GLOBAL_STORY_CONTEXT|AI_TARGET_CONTEXT"	"REVIEW_REQUIRED"	"Mixed legacy alias; inspect operation and callers before edits"	"BB0B5FC5AC7A0947346D693E6D9E505B42515BC15CBE870B4B1781CAA87DEE3C"
"HGame/Classes/StatusGroups/StatusGroupWizardCards.uc"	"224"	"LOCAL_PLAYER_CONTEXT|GLOBAL_STORY_CONTEXT|AI_TARGET_CONTEXT"	"REVIEW_REQUIRED"	"Mixed legacy alias; inspect operation and callers before edits"	"BB0B5FC5AC7A0947346D693E6D9E505B42515BC15CBE870B4B1781CAA87DEE3C"
"HGame/Classes/StatusGroups/StatusGroupWizardCards.uc"	"229"	"LOCAL_PLAYER_CONTEXT|GLOBAL_STORY_CONTEXT|AI_TARGET_CONTEXT"	"REVIEW_REQUIRED"	"Mixed legacy alias; inspect operation and callers before edits"	"BB0B5FC5AC7A0947346D693E6D9E505B42515BC15CBE870B4B1781CAA87DEE3C"
"HGame/Classes/StatusGroups/StatusGroupWizardCards.uc"	"241"	"LOCAL_PLAYER_CONTEXT|GLOBAL_STORY_CONTEXT|AI_TARGET_CONTEXT"	"REVIEW_REQUIRED"	"Mixed legacy alias; inspect operation and callers before edits"	"BB0B5FC5AC7A0947346D693E6D9E505B42515BC15CBE870B4B1781CAA87DEE3C"
"HGame/Classes/StatusGroups/StatusGroupWizardCards.uc"	"244"	"LOCAL_PLAYER_CONTEXT|GLOBAL_STORY_CONTEXT|AI_TARGET_CONTEXT"	"REVIEW_REQUIRED"	"Mixed legacy alias; inspect operation and callers before edits"	"BB0B5FC5AC7A0947346D693E6D9E505B42515BC15CBE870B4B1781CAA87DEE3C"
"HGame/Classes/StatusGroups/StatusGroupWizardCards.uc"	"261"	"LOCAL_PLAYER_CONTEXT|GLOBAL_STORY_CONTEXT|AI_TARGET_CONTEXT"	"REVIEW_REQUIRED"	"Mixed legacy alias; inspect operation and callers before edits"	"BB0B5FC5AC7A0947346D693E6D9E505B42515BC15CBE870B4B1781CAA87DEE3C"
"HGame/Classes/StatusGroups/StatusGroupWizardCards.uc"	"274"	"LOCAL_PLAYER_CONTEXT|GLOBAL_STORY_CONTEXT|AI_TARGET_CONTEXT"	"REVIEW_REQUIRED"	"Mixed legacy alias; inspect operation and callers before edits"	"BB0B5FC5AC7A0947346D693E6D9E505B42515BC15CBE870B4B1781CAA87DEE3C"
"HGame/Classes/StatusGroups/StatusGroupWizardCards.uc"	"276"	"LOCAL_PLAYER_CONTEXT|GLOBAL_STORY_CONTEXT|AI_TARGET_CONTEXT"	"REVIEW_REQUIRED"	"Mixed legacy alias; inspect operation and callers before edits"	"BB0B5FC5AC7A0947346D693E6D9E505B42515BC15CBE870B4B1781CAA87DEE3C"
"HGame/Classes/StatusGroups/StatusGroupWizardCards.uc"	"286"	"LOCAL_PLAYER_CONTEXT|GLOBAL_STORY_CONTEXT|AI_TARGET_CONTEXT"	"REVIEW_REQUIRED"	"Mixed legacy alias; inspect operation and callers before edits"	"BB0B5FC5AC7A0947346D693E6D9E505B42515BC15CBE870B4B1781CAA87DEE3C"
"HGame/Classes/StatusGroups/StatusGroupWizardCards.uc"	"288"	"LOCAL_PLAYER_CONTEXT|GLOBAL_STORY_CONTEXT|AI_TARGET_CONTEXT"	"REVIEW_REQUIRED"	"Mixed legacy alias; inspect operation and callers before edits"	"BB0B5FC5AC7A0947346D693E6D9E505B42515BC15CBE870B4B1781CAA87DEE3C"
"HGame/Classes/StatusGroups/StatusGroupWizardCards.uc"	"305"	"LOCAL_PLAYER_CONTEXT|GLOBAL_STORY_CONTEXT|AI_TARGET_CONTEXT"	"REVIEW_REQUIRED"	"Mixed legacy alias; inspect operation and callers before edits"	"BB0B5FC5AC7A0947346D693E6D9E505B42515BC15CBE870B4B1781CAA87DEE3C"
"HGame/Classes/StatusGroups/StatusGroupWizardCards.uc"	"311"	"LOCAL_PLAYER_CONTEXT|GLOBAL_STORY_CONTEXT|AI_TARGET_CONTEXT"	"REVIEW_REQUIRED"	"Mixed legacy alias; inspect operation and callers before edits"	"BB0B5FC5AC7A0947346D693E6D9E505B42515BC15CBE870B4B1781CAA87DEE3C"
"HGame/Classes/StatusGroups/StatusGroupWizardCards.uc"	"317"	"LOCAL_PLAYER_CONTEXT|GLOBAL_STORY_CONTEXT|AI_TARGET_CONTEXT"	"REVIEW_REQUIRED"	"Mixed legacy alias; inspect operation and callers before edits"	"BB0B5FC5AC7A0947346D693E6D9E505B42515BC15CBE870B4B1781CAA87DEE3C"
"HGame/Classes/StatusGroups/StatusGroupWizardCards.uc"	"323"	"LOCAL_PLAYER_CONTEXT|GLOBAL_STORY_CONTEXT|AI_TARGET_CONTEXT"	"REVIEW_REQUIRED"	"Mixed legacy alias; inspect operation and callers before edits"	"BB0B5FC5AC7A0947346D693E6D9E505B42515BC15CBE870B4B1781CAA87DEE3C"
"HGame/Classes/StatusGroups/StatusGroupWizardCards.uc"	"329"	"LOCAL_PLAYER_CONTEXT|GLOBAL_STORY_CONTEXT|AI_TARGET_CONTEXT"	"REVIEW_REQUIRED"	"Mixed legacy alias; inspect operation and callers before edits"	"BB0B5FC5AC7A0947346D693E6D9E505B42515BC15CBE870B4B1781CAA87DEE3C"
"HGame/Classes/StatusGroups/StatusGroupWizardCards.uc"	"335"	"LOCAL_PLAYER_CONTEXT|GLOBAL_STORY_CONTEXT|AI_TARGET_CONTEXT"	"REVIEW_REQUIRED"	"Mixed legacy alias; inspect operation and callers before edits"	"BB0B5FC5AC7A0947346D693E6D9E505B42515BC15CBE870B4B1781CAA87DEE3C"
"HGame/Classes/Spells/spellFireLarge.uc"	"84"	"LOCAL_PLAYER_CONTEXT|GLOBAL_STORY_CONTEXT|AI_TARGET_CONTEXT"	"REVIEW_REQUIRED"	"Mixed legacy alias; inspect operation and callers before edits"	"8F1B88E6C197A9584A40A345870E0BC436D8EE8D1BD726994AF38A502432CAA2"
"HGame/Classes/Spells/spellFireLarge.uc"	"85"	"LOCAL_PLAYER_CONTEXT|GLOBAL_STORY_CONTEXT|AI_TARGET_CONTEXT"	"REVIEW_REQUIRED"	"Mixed legacy alias; inspect operation and callers before edits"	"8F1B88E6C197A9584A40A345870E0BC436D8EE8D1BD726994AF38A502432CAA2"
"HGame/Classes/Spells/spellFireLarge.uc"	"90"	"LOCAL_PLAYER_CONTEXT|GLOBAL_STORY_CONTEXT|AI_TARGET_CONTEXT"	"REVIEW_REQUIRED"	"Mixed legacy alias; inspect operation and callers before edits"	"8F1B88E6C197A9584A40A345870E0BC436D8EE8D1BD726994AF38A502432CAA2"
"HGame/Classes/Spells/spellFireLarge.uc"	"105"	"LOCAL_PLAYER_CONTEXT|GLOBAL_STORY_CONTEXT|AI_TARGET_CONTEXT"	"REVIEW_REQUIRED"	"Mixed legacy alias; inspect operation and callers before edits"	"8F1B88E6C197A9584A40A345870E0BC436D8EE8D1BD726994AF38A502432CAA2"
"HGame/Classes/Spells/spellFireLarge.uc"	"142"	"LOCAL_PLAYER_CONTEXT|GLOBAL_STORY_CONTEXT|AI_TARGET_CONTEXT"	"REVIEW_REQUIRED"	"Mixed legacy alias; inspect operation and callers before edits"	"8F1B88E6C197A9584A40A345870E0BC436D8EE8D1BD726994AF38A502432CAA2"
"HGame/Classes/Spells/spellFireLarge.uc"	"143"	"LOCAL_PLAYER_CONTEXT|GLOBAL_STORY_CONTEXT|AI_TARGET_CONTEXT"	"REVIEW_REQUIRED"	"Mixed legacy alias; inspect operation and callers before edits"	"8F1B88E6C197A9584A40A345870E0BC436D8EE8D1BD726994AF38A502432CAA2"
"HGame/Classes/Spells/spellFireLarge.uc"	"167"	"LOCAL_PLAYER_CONTEXT|GLOBAL_STORY_CONTEXT|AI_TARGET_CONTEXT"	"REVIEW_REQUIRED"	"Mixed legacy alias; inspect operation and callers before edits"	"8F1B88E6C197A9584A40A345870E0BC436D8EE8D1BD726994AF38A502432CAA2"
"HGame/Classes/Spells/spellFireLarge.uc"	"182"	"LOCAL_PLAYER_CONTEXT|GLOBAL_STORY_CONTEXT|AI_TARGET_CONTEXT"	"REVIEW_REQUIRED"	"Mixed legacy alias; inspect operation and callers before edits"	"8F1B88E6C197A9584A40A345870E0BC436D8EE8D1BD726994AF38A502432CAA2"
"HGame/Classes/Spells/spellFireLarge.uc"	"192"	"LOCAL_PLAYER_CONTEXT|GLOBAL_STORY_CONTEXT|AI_TARGET_CONTEXT"	"REVIEW_REQUIRED"	"Mixed legacy alias; inspect operation and callers before edits"	"8F1B88E6C197A9584A40A345870E0BC436D8EE8D1BD726994AF38A502432CAA2"
"HGame/Classes/Spells/spellFireLarge.uc"	"242"	"LOCAL_PLAYER_CONTEXT|GLOBAL_STORY_CONTEXT|AI_TARGET_CONTEXT"	"REVIEW_REQUIRED"	"Mixed legacy alias; inspect operation and callers before edits"	"8F1B88E6C197A9584A40A345870E0BC436D8EE8D1BD726994AF38A502432CAA2"
"HGame/Classes/Spells/spellFireLarge.uc"	"245"	"LOCAL_PLAYER_CONTEXT|GLOBAL_STORY_CONTEXT|AI_TARGET_CONTEXT"	"REVIEW_REQUIRED"	"Mixed legacy alias; inspect operation and callers before edits"	"8F1B88E6C197A9584A40A345870E0BC436D8EE8D1BD726994AF38A502432CAA2"
"HGame/Classes/Misc/SpiderAttendent.uc"	"65"	"LOCAL_PLAYER_CONTEXT|GLOBAL_STORY_CONTEXT|AI_TARGET_CONTEXT"	"REVIEW_REQUIRED"	"Mixed legacy alias; inspect operation and callers before edits"	"444293BFDDDBBAF65D5F191FDA2181CAF2E0B510083FD7063B847D099F1613AD"
"HGame/Classes/Misc/SpiderAttendent.uc"	"89"	"LOCAL_PLAYER_CONTEXT|GLOBAL_STORY_CONTEXT|AI_TARGET_CONTEXT"	"REVIEW_REQUIRED"	"Mixed legacy alias; inspect operation and callers before edits"	"444293BFDDDBBAF65D5F191FDA2181CAF2E0B510083FD7063B847D099F1613AD"
"HGame/Classes/Misc/SpiderAttendent.uc"	"92"	"LOCAL_PLAYER_CONTEXT|GLOBAL_STORY_CONTEXT|AI_TARGET_CONTEXT"	"REVIEW_REQUIRED"	"Mixed legacy alias; inspect operation and callers before edits"	"444293BFDDDBBAF65D5F191FDA2181CAF2E0B510083FD7063B847D099F1613AD"
"HGame/Classes/Misc/SpiderAttendent.uc"	"111"	"LOCAL_PLAYER_CONTEXT|GLOBAL_STORY_CONTEXT|AI_TARGET_CONTEXT"	"REVIEW_REQUIRED"	"Mixed legacy alias; inspect operation and callers before edits"	"444293BFDDDBBAF65D5F191FDA2181CAF2E0B510083FD7063B847D099F1613AD"
"HGame/Classes/Misc/SpiderAttendent.uc"	"117"	"LOCAL_PLAYER_CONTEXT|GLOBAL_STORY_CONTEXT|AI_TARGET_CONTEXT"	"REVIEW_REQUIRED"	"Mixed legacy alias; inspect operation and callers before edits"	"444293BFDDDBBAF65D5F191FDA2181CAF2E0B510083FD7063B847D099F1613AD"
"HGame/Classes/Misc/SpiderAttendent.uc"	"168"	"LOCAL_PLAYER_CONTEXT|GLOBAL_STORY_CONTEXT|AI_TARGET_CONTEXT"	"REVIEW_REQUIRED"	"Mixed legacy alias; inspect operation and callers before edits"	"444293BFDDDBBAF65D5F191FDA2181CAF2E0B510083FD7063B847D099F1613AD"
"HGame/Classes/Misc/SpiderAttendent.uc"	"181"	"LOCAL_PLAYER_CONTEXT|GLOBAL_STORY_CONTEXT|AI_TARGET_CONTEXT"	"REVIEW_REQUIRED"	"Mixed legacy alias; inspect operation and callers before edits"	"444293BFDDDBBAF65D5F191FDA2181CAF2E0B510083FD7063B847D099F1613AD"
"HGame/Classes/Misc/SpiderAttendent.uc"	"238"	"LOCAL_PLAYER_CONTEXT|GLOBAL_STORY_CONTEXT|AI_TARGET_CONTEXT"	"REVIEW_REQUIRED"	"Mixed legacy alias; inspect operation and callers before edits"	"444293BFDDDBBAF65D5F191FDA2181CAF2E0B510083FD7063B847D099F1613AD"
"HGame/Classes/Misc/SpiderAttendent.uc"	"261"	"LOCAL_PLAYER_CONTEXT|GLOBAL_STORY_CONTEXT|AI_TARGET_CONTEXT"	"REVIEW_REQUIRED"	"Mixed legacy alias; inspect operation and callers before edits"	"444293BFDDDBBAF65D5F191FDA2181CAF2E0B510083FD7063B847D099F1613AD"
"HGame/Classes/Misc/SpiderAttendent.uc"	"264"	"LOCAL_PLAYER_CONTEXT|GLOBAL_STORY_CONTEXT|AI_TARGET_CONTEXT"	"REVIEW_REQUIRED"	"Mixed legacy alias; inspect operation and callers before edits"	"444293BFDDDBBAF65D5F191FDA2181CAF2E0B510083FD7063B847D099F1613AD"
"HGame/Classes/Misc/SpiderAttendent.uc"	"284"	"LOCAL_PLAYER_CONTEXT|GLOBAL_STORY_CONTEXT|AI_TARGET_CONTEXT"	"REVIEW_REQUIRED"	"Mixed legacy alias; inspect operation and callers before edits"	"444293BFDDDBBAF65D5F191FDA2181CAF2E0B510083FD7063B847D099F1613AD"
"HGame/Classes/Misc/SpiderAttendent.uc"	"295"	"LOCAL_PLAYER_CONTEXT|GLOBAL_STORY_CONTEXT|AI_TARGET_CONTEXT"	"REVIEW_REQUIRED"	"Mixed legacy alias; inspect operation and callers before edits"	"444293BFDDDBBAF65D5F191FDA2181CAF2E0B510083FD7063B847D099F1613AD"
"HGame/Classes/Misc/SpiderAttendent.uc"	"296"	"LOCAL_PLAYER_CONTEXT|GLOBAL_STORY_CONTEXT|AI_TARGET_CONTEXT"	"REVIEW_REQUIRED"	"Mixed legacy alias; inspect operation and callers before edits"	"444293BFDDDBBAF65D5F191FDA2181CAF2E0B510083FD7063B847D099F1613AD"
"HGame/Classes/Misc/SpiderAttendent.uc"	"329"	"LOCAL_PLAYER_CONTEXT|GLOBAL_STORY_CONTEXT|AI_TARGET_CONTEXT"	"REVIEW_REQUIRED"	"Mixed legacy alias; inspect operation and callers before edits"	"444293BFDDDBBAF65D5F191FDA2181CAF2E0B510083FD7063B847D099F1613AD"
"HGame/Classes/Misc/SpiderAttendent.uc"	"331"	"LOCAL_PLAYER_CONTEXT|GLOBAL_STORY_CONTEXT|AI_TARGET_CONTEXT"	"REVIEW_REQUIRED"	"Mixed legacy alias; inspect operation and callers before edits"	"444293BFDDDBBAF65D5F191FDA2181CAF2E0B510083FD7063B847D099F1613AD"
"HGame/Classes/Misc/SpiderAttendent.uc"	"333"	"LOCAL_PLAYER_CONTEXT|GLOBAL_STORY_CONTEXT|AI_TARGET_CONTEXT"	"REVIEW_REQUIRED"	"Mixed legacy alias; inspect operation and callers before edits"	"444293BFDDDBBAF65D5F191FDA2181CAF2E0B510083FD7063B847D099F1613AD"
"HGame/Classes/Misc/SpiderAttendent.uc"	"334"	"LOCAL_PLAYER_CONTEXT|GLOBAL_STORY_CONTEXT|AI_TARGET_CONTEXT"	"REVIEW_REQUIRED"	"Mixed legacy alias; inspect operation and callers before edits"	"444293BFDDDBBAF65D5F191FDA2181CAF2E0B510083FD7063B847D099F1613AD"
"HGame/Classes/Misc/SpiderAttendent.uc"	"408"	"LOCAL_PLAYER_CONTEXT|GLOBAL_STORY_CONTEXT|AI_TARGET_CONTEXT"	"REVIEW_REQUIRED"	"Mixed legacy alias; inspect operation and callers before edits"	"444293BFDDDBBAF65D5F191FDA2181CAF2E0B510083FD7063B847D099F1613AD"
"HGame/Classes/Spells/spellFireSmall.uc"	"44"	"LOCAL_PLAYER_CONTEXT|GLOBAL_STORY_CONTEXT|AI_TARGET_CONTEXT"	"REVIEW_REQUIRED"	"Mixed legacy alias; inspect operation and callers before edits"	"812AB8E537ED602DE589B2399911D4EA143299DB0D5FFA514D50407DD2F0B735"
"HGame/Classes/Spells/spellFireSmall.uc"	"78"	"LOCAL_PLAYER_CONTEXT|GLOBAL_STORY_CONTEXT|AI_TARGET_CONTEXT"	"REVIEW_REQUIRED"	"Mixed legacy alias; inspect operation and callers before edits"	"812AB8E537ED602DE589B2399911D4EA143299DB0D5FFA514D50407DD2F0B735"
"HGame/Classes/Spells/spellFireSmall.uc"	"79"	"LOCAL_PLAYER_CONTEXT|GLOBAL_STORY_CONTEXT|AI_TARGET_CONTEXT"	"REVIEW_REQUIRED"	"Mixed legacy alias; inspect operation and callers before edits"	"812AB8E537ED602DE589B2399911D4EA143299DB0D5FFA514D50407DD2F0B735"
"HGame/Classes/Spells/spellFireSmall.uc"	"109"	"LOCAL_PLAYER_CONTEXT|GLOBAL_STORY_CONTEXT|AI_TARGET_CONTEXT"	"REVIEW_REQUIRED"	"Mixed legacy alias; inspect operation and callers before edits"	"812AB8E537ED602DE589B2399911D4EA143299DB0D5FFA514D50407DD2F0B735"
"HGame/Classes/Spells/spellFireSmall.uc"	"114"	"LOCAL_PLAYER_CONTEXT|GLOBAL_STORY_CONTEXT|AI_TARGET_CONTEXT"	"REVIEW_REQUIRED"	"Mixed legacy alias; inspect operation and callers before edits"	"812AB8E537ED602DE589B2399911D4EA143299DB0D5FFA514D50407DD2F0B735"
"HGame/Classes/Misc/SpiderMarker.uc"	"19"	"LOCAL_PLAYER_CONTEXT|GLOBAL_STORY_CONTEXT|AI_TARGET_CONTEXT"	"DECLARATION_OR_COMMENT"	"Lexical occurrence; not an executable operation"	"6116305D296DF174BA3AE46DC1E0D703510DA630528623863BA4FEE1B8D62A8D"
"HGame/Classes/Misc/SpiderMarker.uc"	"27"	"LOCAL_PLAYER_CONTEXT|GLOBAL_STORY_CONTEXT|AI_TARGET_CONTEXT"	"REVIEW_REQUIRED"	"Mixed legacy alias; inspect operation and callers before edits"	"6116305D296DF174BA3AE46DC1E0D703510DA630528623863BA4FEE1B8D62A8D"
"HGame/Classes/Misc/SpiderMarker.uc"	"163"	"LOCAL_PLAYER_CONTEXT|GLOBAL_STORY_CONTEXT|AI_TARGET_CONTEXT"	"REVIEW_REQUIRED"	"Mixed legacy alias; inspect operation and callers before edits"	"6116305D296DF174BA3AE46DC1E0D703510DA630528623863BA4FEE1B8D62A8D"
"HGame/Classes/Misc/SpiderMarker.uc"	"168"	"LOCAL_PLAYER_CONTEXT|GLOBAL_STORY_CONTEXT|AI_TARGET_CONTEXT"	"REVIEW_REQUIRED"	"Mixed legacy alias; inspect operation and callers before edits"	"6116305D296DF174BA3AE46DC1E0D703510DA630528623863BA4FEE1B8D62A8D"
"HGame/Classes/Misc/SpiderStickyWeb.uc"	"35"	"LOCAL_PLAYER_CONTEXT|GLOBAL_STORY_CONTEXT|AI_TARGET_CONTEXT"	"REVIEW_REQUIRED"	"Mixed legacy alias; inspect operation and callers before edits"	"49AFBC5B93193D0504DE7E535A23C8B7D263E9FCCC5913917F8DA555486F788C"
"HGame/Classes/Misc/SpiderStickyWeb.uc"	"131"	"LOCAL_PLAYER_CONTEXT|GLOBAL_STORY_CONTEXT|AI_TARGET_CONTEXT"	"REVIEW_REQUIRED"	"Mixed legacy alias; inspect operation and callers before edits"	"49AFBC5B93193D0504DE7E535A23C8B7D263E9FCCC5913917F8DA555486F788C"
"HGame/Classes/Misc/SpiderStickyWeb.uc"	"133"	"LOCAL_PLAYER_CONTEXT|GLOBAL_STORY_CONTEXT|AI_TARGET_CONTEXT"	"REVIEW_REQUIRED"	"Mixed legacy alias; inspect operation and callers before edits"	"49AFBC5B93193D0504DE7E535A23C8B7D263E9FCCC5913917F8DA555486F788C"
"HGame/Classes/Misc/SpiderStickyWeb.uc"	"134"	"LOCAL_PLAYER_CONTEXT|GLOBAL_STORY_CONTEXT|AI_TARGET_CONTEXT"	"REVIEW_REQUIRED"	"Mixed legacy alias; inspect operation and callers before edits"	"49AFBC5B93193D0504DE7E535A23C8B7D263E9FCCC5913917F8DA555486F788C"
"HGame/Classes/Misc/SpiderStickyWeb.uc"	"174"	"LOCAL_PLAYER_CONTEXT|GLOBAL_STORY_CONTEXT|AI_TARGET_CONTEXT"	"REVIEW_REQUIRED"	"Mixed legacy alias; inspect operation and callers before edits"	"49AFBC5B93193D0504DE7E535A23C8B7D263E9FCCC5913917F8DA555486F788C"
"HGame/Classes/Spells/spellRictusempra.uc"	"21"	"LOCAL_PLAYER_CONTEXT|GLOBAL_STORY_CONTEXT|AI_TARGET_CONTEXT"	"REVIEW_REQUIRED"	"Mixed legacy alias; inspect operation and callers before edits"	"F4E97D57603DCE208ABE58B36EA2A3F7AE5A5E235E4CAC59BD10B509333DCA55"
"HGame/Classes/StatusGroups/StatusGroupPotions.uc"	"21"	"LOCAL_PLAYER_CONTEXT|GLOBAL_STORY_CONTEXT|AI_TARGET_CONTEXT"	"REVIEW_REQUIRED"	"Mixed legacy alias; inspect operation and callers before edits"	"CC71695F1D5A1E3256D0BFA7ADA90E9861996F2858A8BE4F545A6590A585298B"
"HGame/Classes/StatusGroups/StatusGroupPotions.uc"	"23"	"LOCAL_PLAYER_CONTEXT|GLOBAL_STORY_CONTEXT|AI_TARGET_CONTEXT"	"REVIEW_REQUIRED"	"Mixed legacy alias; inspect operation and callers before edits"	"CC71695F1D5A1E3256D0BFA7ADA90E9861996F2858A8BE4F545A6590A585298B"
"HGame/Classes/StatusGroups/StatusGroupPotions.uc"	"28"	"LOCAL_PLAYER_CONTEXT|GLOBAL_STORY_CONTEXT|AI_TARGET_CONTEXT"	"REVIEW_REQUIRED"	"Mixed legacy alias; inspect operation and callers before edits"	"CC71695F1D5A1E3256D0BFA7ADA90E9861996F2858A8BE4F545A6590A585298B"
"HGame/Classes/Spells/spellLumos.uc"	"24"	"LOCAL_PLAYER_CONTEXT|GLOBAL_STORY_CONTEXT|AI_TARGET_CONTEXT"	"REVIEW_REQUIRED"	"Mixed legacy alias; inspect operation and callers before edits"	"E852B173038D9C0EAD07DA9D7DFAB50AB2EA474A1B87F9167901325C21CE1E48"
"HGame/Classes/StatusGroups/StatusGroupPotionIngr.uc"	"21"	"LOCAL_PLAYER_CONTEXT|GLOBAL_STORY_CONTEXT|AI_TARGET_CONTEXT"	"REVIEW_REQUIRED"	"Mixed legacy alias; inspect operation and callers before edits"	"D396C9BEC9F74EB6743D2B80BB342048342138436127A414E20710D14631BF86"
"HGame/Classes/StatusGroups/StatusGroupPotionIngr.uc"	"23"	"LOCAL_PLAYER_CONTEXT|GLOBAL_STORY_CONTEXT|AI_TARGET_CONTEXT"	"REVIEW_REQUIRED"	"Mixed legacy alias; inspect operation and callers before edits"	"D396C9BEC9F74EB6743D2B80BB342048342138436127A414E20710D14631BF86"
"HGame/Classes/StatusGroups/StatusGroupPotionIngr.uc"	"28"	"LOCAL_PLAYER_CONTEXT|GLOBAL_STORY_CONTEXT|AI_TARGET_CONTEXT"	"REVIEW_REQUIRED"	"Mixed legacy alias; inspect operation and callers before edits"	"D396C9BEC9F74EB6743D2B80BB342048342138436127A414E20710D14631BF86"
"HGame/Classes/Misc/SpikyPlantHeadSpikes.uc"	"48"	"LOCAL_PLAYER_CONTEXT|GLOBAL_STORY_CONTEXT|AI_TARGET_CONTEXT"	"REVIEW_REQUIRED"	"Mixed legacy alias; inspect operation and callers before edits"	"DC8FC62AAAD0EE776BD45296F6324D36D60EFED728A53621EA57BA318CE87E64"
"HGame/Classes/Misc/SpikyPlantHeadSpikes.uc"	"49"	"LOCAL_PLAYER_CONTEXT|GLOBAL_STORY_CONTEXT|AI_TARGET_CONTEXT"	"REVIEW_REQUIRED"	"Mixed legacy alias; inspect operation and callers before edits"	"DC8FC62AAAD0EE776BD45296F6324D36D60EFED728A53621EA57BA318CE87E64"
"HGame/Classes/Misc/SpikyPlantHeadSpikes.uc"	"99"	"LOCAL_PLAYER_CONTEXT|GLOBAL_STORY_CONTEXT|AI_TARGET_CONTEXT"	"REVIEW_REQUIRED"	"Mixed legacy alias; inspect operation and callers before edits"	"DC8FC62AAAD0EE776BD45296F6324D36D60EFED728A53621EA57BA318CE87E64"
"HGame/Classes/Misc/TentaculaLimb.uc"	"133"	"LOCAL_PLAYER_CONTEXT|GLOBAL_STORY_CONTEXT|AI_TARGET_CONTEXT"	"REVIEW_REQUIRED"	"Mixed legacy alias; inspect operation and callers before edits"	"A18D9901E06ED092CA8A0CF4EA2FA5B5261624B397F59B8F91F0A36195F733FA"
"HGame/Classes/Spells/spellSwordFire.uc"	"32"	"LOCAL_PLAYER_CONTEXT|GLOBAL_STORY_CONTEXT|AI_TARGET_CONTEXT"	"REVIEW_REQUIRED"	"Mixed legacy alias; inspect operation and callers before edits"	"D72712B4DD740596832C7D2FC62B31C68729082A663644325A5D742B497BF246"
"HGame/Classes/Spells/spellSwordFire.uc"	"34"	"LOCAL_PLAYER_CONTEXT|GLOBAL_STORY_CONTEXT|AI_TARGET_CONTEXT"	"REVIEW_REQUIRED"	"Mixed legacy alias; inspect operation and callers before edits"	"D72712B4DD740596832C7D2FC62B31C68729082A663644325A5D742B497BF246"
"HGame/Classes/Spells/spellSwordFire.uc"	"36"	"LOCAL_PLAYER_CONTEXT|GLOBAL_STORY_CONTEXT|AI_TARGET_CONTEXT"	"REVIEW_REQUIRED"	"Mixed legacy alias; inspect operation and callers before edits"	"D72712B4DD740596832C7D2FC62B31C68729082A663644325A5D742B497BF246"
"HGame/Classes/Spells/spellSwordFire.uc"	"37"	"LOCAL_PLAYER_CONTEXT|GLOBAL_STORY_CONTEXT|AI_TARGET_CONTEXT"	"REVIEW_REQUIRED"	"Mixed legacy alias; inspect operation and callers before edits"	"D72712B4DD740596832C7D2FC62B31C68729082A663644325A5D742B497BF246"
"HGame/Classes/Spells/spellSwordFire.uc"	"44"	"LOCAL_PLAYER_CONTEXT|GLOBAL_STORY_CONTEXT|AI_TARGET_CONTEXT"	"REVIEW_REQUIRED"	"Mixed legacy alias; inspect operation and callers before edits"	"D72712B4DD740596832C7D2FC62B31C68729082A663644325A5D742B497BF246"
"HGame/Classes/Props/FlipendoVaseBronzeShard.uc"	"20"	"LOCAL_PLAYER_CONTEXT|GLOBAL_STORY_CONTEXT|AI_TARGET_CONTEXT"	"REVIEW_REQUIRED"	"Mixed legacy alias; inspect operation and callers before edits"	"A769791F96B546D38BFE501EE537A78DF2F44FB29E1AAAA1D0B4B2E8F2D240BA"
"HGame/Classes/Spells/spellWeb.uc"	"70"	"LOCAL_PLAYER_CONTEXT|GLOBAL_STORY_CONTEXT|AI_TARGET_CONTEXT"	"REVIEW_REQUIRED"	"Mixed legacy alias; inspect operation and callers before edits"	"F8BA0662A6D04C84665858F946FB4A510126545C0E4904AE4960A9467595065C"
"HGame/Classes/Spells/spellWeb.uc"	"72"	"LOCAL_PLAYER_CONTEXT|GLOBAL_STORY_CONTEXT|AI_TARGET_CONTEXT"	"REVIEW_REQUIRED"	"Mixed legacy alias; inspect operation and callers before edits"	"F8BA0662A6D04C84665858F946FB4A510126545C0E4904AE4960A9467595065C"
"HGame/Classes/Spells/spellWeb.uc"	"81"	"LOCAL_PLAYER_CONTEXT|GLOBAL_STORY_CONTEXT|AI_TARGET_CONTEXT"	"REVIEW_REQUIRED"	"Mixed legacy alias; inspect operation and callers before edits"	"F8BA0662A6D04C84665858F946FB4A510126545C0E4904AE4960A9467595065C"
"HGame/Classes/Spells/spellWeb.uc"	"97"	"LOCAL_PLAYER_CONTEXT|GLOBAL_STORY_CONTEXT|AI_TARGET_CONTEXT"	"REVIEW_REQUIRED"	"Mixed legacy alias; inspect operation and callers before edits"	"F8BA0662A6D04C84665858F946FB4A510126545C0E4904AE4960A9467595065C"
"HGame/Classes/Spells/spellWeb.uc"	"99"	"LOCAL_PLAYER_CONTEXT|GLOBAL_STORY_CONTEXT|AI_TARGET_CONTEXT"	"REVIEW_REQUIRED"	"Mixed legacy alias; inspect operation and callers before edits"	"F8BA0662A6D04C84665858F946FB4A510126545C0E4904AE4960A9467595065C"
"HGame/Classes/Spells/spellWeb.uc"	"165"	"LOCAL_PLAYER_CONTEXT|GLOBAL_STORY_CONTEXT|AI_TARGET_CONTEXT"	"REVIEW_REQUIRED"	"Mixed legacy alias; inspect operation and callers before edits"	"F8BA0662A6D04C84665858F946FB4A510126545C0E4904AE4960A9467595065C"
"HGame/Classes/Misc/TestChar.uc"	"16"	"LOCAL_PLAYER_CONTEXT|GLOBAL_STORY_CONTEXT|AI_TARGET_CONTEXT"	"REVIEW_REQUIRED"	"Mixed legacy alias; inspect operation and callers before edits"	"BD55B9AA5BEE657B1E28C8862C3747C64895BF55839A81A7367EFC626F142DE7"
"HGame/Classes/Misc/WizDuelKiosk.uc"	"11"	"LOCAL_PLAYER_CONTEXT|GLOBAL_STORY_CONTEXT|AI_TARGET_CONTEXT"	"REVIEW_REQUIRED"	"Mixed legacy alias; inspect operation and callers before edits"	"F7444175AD0339394084391FAD246E12CC8B308D3358AC0081C61FB99195346B"
"HGame/Classes/Misc/WizDuelKiosk.uc"	"13"	"LOCAL_PLAYER_CONTEXT|GLOBAL_STORY_CONTEXT|AI_TARGET_CONTEXT"	"REVIEW_REQUIRED"	"Mixed legacy alias; inspect operation and callers before edits"	"F7444175AD0339394084391FAD246E12CC8B308D3358AC0081C61FB99195346B"
"HGame/Classes/Misc/WizDuelKiosk.uc"	"14"	"LOCAL_PLAYER_CONTEXT|GLOBAL_STORY_CONTEXT|AI_TARGET_CONTEXT"	"REVIEW_REQUIRED"	"Mixed legacy alias; inspect operation and callers before edits"	"F7444175AD0339394084391FAD246E12CC8B308D3358AC0081C61FB99195346B"
"HGame/Classes/Misc/WizDuelKiosk.uc"	"15"	"LOCAL_PLAYER_CONTEXT|GLOBAL_STORY_CONTEXT|AI_TARGET_CONTEXT"	"REVIEW_REQUIRED"	"Mixed legacy alias; inspect operation and callers before edits"	"F7444175AD0339394084391FAD246E12CC8B308D3358AC0081C61FB99195346B"
"HGame/Classes/Props/HorklumpsLump.uc"	"10"	"LOCAL_PLAYER_CONTEXT|GLOBAL_STORY_CONTEXT|AI_TARGET_CONTEXT"	"REVIEW_REQUIRED"	"Mixed legacy alias; inspect operation and callers before edits"	"F94E6A176A873F8946040B1E84D4BB8CD9988A3E1E833E277469D8434277ED22"
"HGame/Classes/Props/HorklumpsLump.uc"	"14"	"LOCAL_PLAYER_CONTEXT|GLOBAL_STORY_CONTEXT|AI_TARGET_CONTEXT"	"REVIEW_REQUIRED"	"Mixed legacy alias; inspect operation and callers before edits"	"F94E6A176A873F8946040B1E84D4BB8CD9988A3E1E833E277469D8434277ED22"
"HGame/Classes/Props/HorklumpsLump.uc"	"21"	"LOCAL_PLAYER_CONTEXT|GLOBAL_STORY_CONTEXT|AI_TARGET_CONTEXT"	"REVIEW_REQUIRED"	"Mixed legacy alias; inspect operation and callers before edits"	"F94E6A176A873F8946040B1E84D4BB8CD9988A3E1E833E277469D8434277ED22"
"HGame/Classes/Props/HorklumpsHead.uc"	"49"	"LOCAL_PLAYER_CONTEXT|GLOBAL_STORY_CONTEXT|AI_TARGET_CONTEXT"	"REVIEW_REQUIRED"	"Mixed legacy alias; inspect operation and callers before edits"	"F463C4315DE591A5D5211FE4DE6751811B9CBA8B9BA63BC5EC123CD352FFA70E"
"HGame/Classes/Props/HorklumpsHead.uc"	"58"	"LOCAL_PLAYER_CONTEXT|GLOBAL_STORY_CONTEXT|AI_TARGET_CONTEXT"	"REVIEW_REQUIRED"	"Mixed legacy alias; inspect operation and callers before edits"	"F463C4315DE591A5D5211FE4DE6751811B9CBA8B9BA63BC5EC123CD352FFA70E"
"HGame/Classes/Props/HorklumpsHead.uc"	"82"	"LOCAL_PLAYER_CONTEXT|GLOBAL_STORY_CONTEXT|AI_TARGET_CONTEXT"	"REVIEW_REQUIRED"	"Mixed legacy alias; inspect operation and callers before edits"	"F463C4315DE591A5D5211FE4DE6751811B9CBA8B9BA63BC5EC123CD352FFA70E"
"HGame/Classes/Props/JarBeans.uc"	"36"	"LOCAL_PLAYER_CONTEXT|GLOBAL_STORY_CONTEXT|AI_TARGET_CONTEXT"	"REVIEW_REQUIRED"	"Mixed legacy alias; inspect operation and callers before edits"	"92D23B41AFDC9997B6DF1AB97721B8EF4C8343D6D12BFB0AAA76BEDBFE223B51"
"HGame/Classes/Props/JarBeans.uc"	"39"	"LOCAL_PLAYER_CONTEXT|GLOBAL_STORY_CONTEXT|AI_TARGET_CONTEXT"	"REVIEW_REQUIRED"	"Mixed legacy alias; inspect operation and callers before edits"	"92D23B41AFDC9997B6DF1AB97721B8EF4C8343D6D12BFB0AAA76BEDBFE223B51"
"HGame/Classes/Props/JarBeans.uc"	"116"	"LOCAL_PLAYER_CONTEXT|GLOBAL_STORY_CONTEXT|AI_TARGET_CONTEXT"	"REVIEW_REQUIRED"	"Mixed legacy alias; inspect operation and callers before edits"	"92D23B41AFDC9997B6DF1AB97721B8EF4C8343D6D12BFB0AAA76BEDBFE223B51"
"HGame/Classes/Props/HProp.uc"	"52"	"LOCAL_PLAYER_CONTEXT|GLOBAL_STORY_CONTEXT|AI_TARGET_CONTEXT"	"REVIEW_REQUIRED"	"Mixed legacy alias; inspect operation and callers before edits"	"78E1ABDC037401A31AD18C368EBD1098E1B58E0F7E57B0E3E17EF1DC54C7B0C0"
"HGame/Classes/Props/HProp.uc"	"67"	"LOCAL_PLAYER_CONTEXT|GLOBAL_STORY_CONTEXT|AI_TARGET_CONTEXT"	"REVIEW_REQUIRED"	"Mixed legacy alias; inspect operation and callers before edits"	"78E1ABDC037401A31AD18C368EBD1098E1B58E0F7E57B0E3E17EF1DC54C7B0C0"
"HGame/Classes/Props/HProp.uc"	"80"	"LOCAL_PLAYER_CONTEXT|GLOBAL_STORY_CONTEXT|AI_TARGET_CONTEXT"	"REVIEW_REQUIRED"	"Mixed legacy alias; inspect operation and callers before edits"	"78E1ABDC037401A31AD18C368EBD1098E1B58E0F7E57B0E3E17EF1DC54C7B0C0"
"HGame/Classes/Props/HProp.uc"	"100"	"LOCAL_PLAYER_CONTEXT|GLOBAL_STORY_CONTEXT|AI_TARGET_CONTEXT"	"REVIEW_REQUIRED"	"Mixed legacy alias; inspect operation and callers before edits"	"78E1ABDC037401A31AD18C368EBD1098E1B58E0F7E57B0E3E17EF1DC54C7B0C0"
"HGame/Classes/Props/HProp.uc"	"130"	"LOCAL_PLAYER_CONTEXT|GLOBAL_STORY_CONTEXT|AI_TARGET_CONTEXT"	"REVIEW_REQUIRED"	"Mixed legacy alias; inspect operation and callers before edits"	"78E1ABDC037401A31AD18C368EBD1098E1B58E0F7E57B0E3E17EF1DC54C7B0C0"
"HGame/Classes/Props/HProp.uc"	"136"	"LOCAL_PLAYER_CONTEXT|GLOBAL_STORY_CONTEXT|AI_TARGET_CONTEXT"	"REVIEW_REQUIRED"	"Mixed legacy alias; inspect operation and callers before edits"	"78E1ABDC037401A31AD18C368EBD1098E1B58E0F7E57B0E3E17EF1DC54C7B0C0"
"HGame/Classes/Props/HProp.uc"	"179"	"LOCAL_PLAYER_CONTEXT|GLOBAL_STORY_CONTEXT|AI_TARGET_CONTEXT"	"REVIEW_REQUIRED"	"Mixed legacy alias; inspect operation and callers before edits"	"78E1ABDC037401A31AD18C368EBD1098E1B58E0F7E57B0E3E17EF1DC54C7B0C0"
"HGame/Classes/Props/HProp.uc"	"208"	"LOCAL_PLAYER_CONTEXT|GLOBAL_STORY_CONTEXT|AI_TARGET_CONTEXT"	"REVIEW_REQUIRED"	"Mixed legacy alias; inspect operation and callers before edits"	"78E1ABDC037401A31AD18C368EBD1098E1B58E0F7E57B0E3E17EF1DC54C7B0C0"
"HGame/Classes/Props/HProp.uc"	"216"	"LOCAL_PLAYER_CONTEXT|GLOBAL_STORY_CONTEXT|AI_TARGET_CONTEXT"	"REVIEW_REQUIRED"	"Mixed legacy alias; inspect operation and callers before edits"	"78E1ABDC037401A31AD18C368EBD1098E1B58E0F7E57B0E3E17EF1DC54C7B0C0"
"HGame/Classes/Props/HProp.uc"	"263"	"LOCAL_PLAYER_CONTEXT|GLOBAL_STORY_CONTEXT|AI_TARGET_CONTEXT"	"REVIEW_REQUIRED"	"Mixed legacy alias; inspect operation and callers before edits"	"78E1ABDC037401A31AD18C368EBD1098E1B58E0F7E57B0E3E17EF1DC54C7B0C0"
"HGame/Classes/Props/HProp.uc"	"286"	"LOCAL_PLAYER_CONTEXT|GLOBAL_STORY_CONTEXT|AI_TARGET_CONTEXT"	"REVIEW_REQUIRED"	"Mixed legacy alias; inspect operation and callers before edits"	"78E1ABDC037401A31AD18C368EBD1098E1B58E0F7E57B0E3E17EF1DC54C7B0C0"
"HGame/Classes/Props/HProp.uc"	"292"	"LOCAL_PLAYER_CONTEXT|GLOBAL_STORY_CONTEXT|AI_TARGET_CONTEXT"	"REVIEW_REQUIRED"	"Mixed legacy alias; inspect operation and callers before edits"	"78E1ABDC037401A31AD18C368EBD1098E1B58E0F7E57B0E3E17EF1DC54C7B0C0"
"HGame/Classes/Props/SpongifyPad.uc"	"48"	"LOCAL_PLAYER_CONTEXT|GLOBAL_STORY_CONTEXT|AI_TARGET_CONTEXT"	"REVIEW_REQUIRED"	"Mixed legacy alias; inspect operation and callers before edits"	"397506733566F3998951173FE166A92C0926BDA8E71FDDC50434673C02BD52D5"
"HGame/Classes/Props/SpongifyPad.uc"	"151"	"LOCAL_PLAYER_CONTEXT|GLOBAL_STORY_CONTEXT|AI_TARGET_CONTEXT"	"REVIEW_REQUIRED"	"Mixed legacy alias; inspect operation and callers before edits"	"397506733566F3998951173FE166A92C0926BDA8E71FDDC50434673C02BD52D5"
